category,distance,end_x,end_y,gap_seconds,match_id,minute,note,outcome,second,start_minute,start_second,type,x,y
passes,,44.1,39.9,,1983546,2,,Successful,9,,,Pass,49.0,13.2
passes,,23.9,61.6,,1983546,2,,Successful,55,,,Pass,31.1,71.1
passes,,33.9,72.9,,1983546,3,,Successful,7,,,Pass,36.6,57.4
passes,,73.8,94.6,,1983546,4,,Successful,35,,,Pass,61.3,69.1
passes,,69.8,42.7,,1983546,6,,Successful,12,,,Pass,73.7,22.3
passes,,84.3,12.1,,1983546,10,,Successful,19,,,Pass,67.6,19.8
passes,,94.7,35.7,,1983546,18,,Unsuccessful,36,,,Pass,71.2,30.3
passes,,78.9,47.5,,1983546,21,,Successful,0,,,Pass,88.0,38.7
passes,,69.1,43.2,,1983546,21,,Successful,56,,,Pass,62.7,56.2
passes,,29.2,32.5,,1983546,24,,Successful,11,,,Pass,39.6,31.9
passes,,71.4,24.6,,1983546,26,,Unsuccessful,12,,,Pass,60.4,33.9
passes,,81.2,95.1,,1983546,27,,Successful,13,,,Pass,69.6,71.5
passes,,44.2,50.5,,1983546,28,,Successful,46,,,Pass,43.2,43.0
passes,,78.4,31.5,,1983546,30,,Successful,57,,,Pass,75.6,46.8
passes,,69.2,16.6,,1983546,31,,Successful,10,,,Pass,75.8,18.0
passes,,84.4,12.0,,1983546,31,,Successful,24,,,Pass,80.0,19.3
passes,,83.9,7.5,,1983546,31,,Successful,32,,,Pass,73.9,16.8
passes,,60.6,57.0,,1983546,31,,Successful,38,,,Pass,68.5,24.1
passes,,51.2,17.4,,1983546,32,,Successful,20,,,Pass,59.7,7.0
passes,,44.7,52.9,,1983546,32,,Successful,25,,,Pass,55.5,9.3
passes,,90.5,33.3,,1983546,32,,Successful,56,,,Pass,84.0,30.6
passes,,66.3,55.9,,1983546,35,,Successful,46,,,Pass,66.4,79.6
passes,,93.3,60.0,,1983546,36,,Unsuccessful,57,,,Pass,81.9,23.5
passes,,58.4,29.8,,1983546,39,,Successful,29,,,Pass,66.3,24.7
passes,,93.4,49.5,,1983546,44,,Unsuccessful,33,,,Pass,95.8,25.9
passes,,95.1,16.2,,1983546,45,,Successful,20,,,Pass,86.2,17.7
passes,,93.4,16.0,,1983546,46,,Successful,0,,,Pass,83.7,15.0
passes,,57.4,72.0,,1983546,45,,Successful,2,,,Pass,53.6,49.8
passes,,83.5,12.4,,1983546,48,,Successful,12,,,Pass,75.6,27.9
passes,,65.2,71.8,,1983546,50,,Successful,51,,,Pass,64.8,93.9
passes,,74.4,7.5,,1983546,51,,Successful,2,,,Pass,68.7,33.9
passes,,83.6,26.2,,1983546,51,,Successful,38,,,Pass,80.0,11.1
passes,,47.7,65.6,,1983546,52,,Successful,37,,,Pass,55.0,19.5
passes,,58.8,27.7,,1983546,52,,Successful,44,,,Pass,53.1,48.3
passes,,88.1,17.8,,1983546,52,,Unsuccessful,55,,,Pass,74.6,21.3
passes,,30.8,38.8,,1983546,58,,Successful,39,,,Pass,34.9,26.8
passes,,78.9,11.2,,1983546,59,,Successful,24,,,Pass,72.3,14.1
passes,,75.0,30.4,,1983546,59,,Successful,28,,,Pass,76.0,20.7
passes,,85.3,12.3,,1983546,59,,Successful,36,,,Pass,69.9,29.3
passes,,94.6,26.2,,1983546,59,,Successful,40,,,Pass,74.9,18.2
passes,,59.1,42.0,,1983546,59,,Successful,58,,,Pass,57.5,33.6
passes,,66.2,16.8,,1983546,60,,Successful,8,,,Pass,61.0,31.6
passes,,75.5,82.2,,1983546,60,,Successful,20,,,Pass,69.1,32.1
passes,,35.8,63.6,,1983546,62,,Successful,13,,,Pass,38.4,23.4
passes,,58.2,17.2,,1983546,62,,Successful,26,,,Pass,49.6,28.6
passes,,87.9,33.1,,1983546,62,,Unsuccessful,37,,,Pass,67.3,31.3
passes,,64.1,20.1,,1983546,62,,Successful,43,,,Pass,66.7,30.1
passes,,61.2,20.8,,1983546,62,,Successful,45,,,Pass,65.2,30.3
passes,,38.8,36.9,,1983546,63,,Successful,42,,,Pass,46.9,27.0
passes,,37.6,35.8,,1983546,63,,Successful,44,,,Pass,43.7,33.0
passes,,68.2,95.2,,1983546,63,,Successful,56,,,Pass,52.5,57.6
passes,,66.0,60.1,,1983546,65,,Successful,54,,,Pass,65.7,31.8
passes,,77.0,3.7,,1983546,70,,Successful,1,,,Pass,68.6,12.9
passes,,60.3,23.1,,1983546,70,,Successful,41,,,Pass,60.9,6.3
passes,,45.8,13.5,,1983546,71,,Successful,2,,,Pass,63.0,7.9
passes,,40.2,31.0,,1983546,71,,Successful,28,,,Pass,34.0,19.5
passes,,28.4,47.8,,1983546,71,,Successful,31,,,Pass,32.6,29.5
passes,,70.7,59.5,,1983546,72,,Successful,7,,,Pass,73.2,30.7
dribbles,,,,,1983546,28,,Unsuccessful,34,,,TakeOn,53.2,45.6
defensive_actions,,,,,1983546,0,,Unsuccessful,59,,,Tackle,25.2,78.2
defensive_actions,,,,,1983546,24,,Successful,11,,,BallRecovery,39.6,31.9
defensive_actions,,22.7,50.7,,1983546,34,,Successful,30,,,Clearance,14.0,42.9
defensive_actions,,,,,1983546,36,,Successful,52,,,Tackle,87.0,36.0
defensive_actions,,,,,1983546,51,,Successful,36,,,Tackle,75.4,8.2
defensive_actions,,,,,1983546,51,,Successful,38,,,BallRecovery,80.0,11.1
defensive_actions,,,,,1983546,52,,Successful,36,,,BallRecovery,57.0,6.0
defensive_actions,,,,,1983546,70,,Successful,40,,,BallRecovery,57.4,5.5
carries,11.55,73.9,16.8,8,1983546,,"derived (gap+distance heuristic), not a native WhoScored event",,,31,24,,84.4,12.0
carries,22.64,68.5,24.1,6,1983546,,"derived (gap+distance heuristic), not a native WhoScored event",,,31,32,,83.9,7.5
carries,9.17,55.5,9.3,5,1983546,,"derived (gap+distance heuristic), not a native WhoScored event",,,32,20,,51.2,17.4
carries,13.5,81.9,23.5,5,1983546,,"derived (gap+distance heuristic), not a native WhoScored event",,,36,52,,87.0,36.0
carries,21.63,100.0,28.9,1,1983546,,"derived (gap+distance heuristic), not a native WhoScored event",,,44,33,,93.4,49.5
carries,20.21,79.8,29.4,4,1983546,,"derived (gap+distance heuristic), not a native WhoScored event",,,45,20,,95.1,16.2
carries,13.16,90.4,37.2,3,1983546,,"derived (gap+distance heuristic), not a native WhoScored event",,,45,24,,79.8,29.4
carries,28.72,91.1,40.1,7,1983546,,"derived (gap+distance heuristic), not a native WhoScored event",,,48,12,,83.5,12.4
carries,5.44,80.0,11.1,2,1983546,,"derived (gap+distance heuristic), not a native WhoScored event",,,51,36,,75.4,8.2
carries,13.65,55.0,19.5,1,1983546,,"derived (gap+distance heuristic), not a native WhoScored event",,,52,36,,57.0,6.0
carries,18.12,53.1,48.3,7,1983546,,"derived (gap+distance heuristic), not a native WhoScored event",,,52,37,,47.7,65.6
carries,9.93,76.0,20.7,4,1983546,,"derived (gap+distance heuristic), not a native WhoScored event",,,59,24,,78.9,11.2
carries,5.22,69.9,29.3,8,1983546,,"derived (gap+distance heuristic), not a native WhoScored event",,,59,28,,75.0,30.4
carries,11.96,74.9,18.2,4,1983546,,"derived (gap+distance heuristic), not a native WhoScored event",,,59,36,,85.3,12.3
carries,21.41,66.7,30.1,6,1983546,,"derived (gap+distance heuristic), not a native WhoScored event",,,62,37,,87.9,33.1
carries,10.26,65.2,30.3,2,1983546,,"derived (gap+distance heuristic), not a native WhoScored event",,,62,43,,64.1,20.1
carries,6.26,43.7,33.0,2,1983546,,"derived (gap+distance heuristic), not a native WhoScored event",,,63,42,,38.8,36.9
carries,7.75,32.6,29.5,3,1983546,,"derived (gap+distance heuristic), not a native WhoScored event",,,71,28,,40.2,31.0
passes,,61.6,4.7,,1983558,0,,Successful,3,,,Pass,55.4,46.6
passes,,55.3,5.8,,1983558,0,,Successful,22,,,Pass,60.3,6.2
passes,,94.8,23.0,,1983558,0,,Unsuccessful,50,,,Pass,75.9,18.6
passes,,60.7,48.0,,1983558,3,,Successful,54,,,Pass,60.4,37.4
passes,,75.9,15.2,,1983558,4,,Successful,1,,,Pass,81.4,13.4
passes,,61.8,34.2,,1983558,4,,Successful,9,,,Pass,70.8,30.3
passes,,100.0,21.4,,1983558,4,,Unsuccessful,15,,,Pass,69.7,28.0
passes,,39.0,64.4,,1983558,6,,Successful,53,,,Pass,53.1,65.4
passes,,90.3,28.3,,1983558,8,,Successful,34,,,Pass,87.8,27.3
passes,,66.5,4.1,,1983558,11,,Successful,46,,,Pass,47.7,23.5
passes,,61.6,64.4,,1983558,11,,Successful,55,,,Pass,61.3,32.6
passes,,44.0,41.0,,1983558,14,,Successful,43,,,Pass,46.1,51.4
passes,,51.6,63.3,,1983558,14,,Successful,55,,,Pass,57.0,19.1
passes,,68.1,2.2,,1983558,16,,Successful,24,,,Pass,57.7,11.8
passes,,56.6,48.4,,1983558,16,,Successful,29,,,Pass,55.7,17.7
passes,,53.7,5.0,,1983558,21,,Successful,8,,,Pass,59.0,12.4
passes,,53.5,3.1,,1983558,29,,Successful,16,,,Pass,38.7,12.1
passes,,35.4,73.4,,1983558,29,,Successful,20,,,Pass,37.4,20.8
passes,,75.9,0.0,,1983558,29,,Unsuccessful,32,,,Pass,64.1,19.4
passes,,72.0,36.8,,1983558,30,,Successful,3,,,Pass,59.5,21.9
passes,,94.6,32.5,,1983558,31,,Successful,13,,,Pass,70.9,63.5
passes,,58.3,21.3,,1983558,31,,Successful,38,,,Pass,65.1,24.1
passes,,38.3,41.8,,1983558,31,,Successful,56,,,Pass,46.5,27.8
passes,,86.0,1.3,,1983558,35,,Successful,3,,,Pass,80.3,7.5
passes,,60.7,76.5,,1983558,40,,Successful,8,,,Pass,68.8,89.4
passes,,89.2,58.8,,1983558,40,,Unsuccessful,15,,,Pass,69.4,82.9
passes,,5.2,29.4,,1983558,42,,Successful,59,,,Pass,14.6,15.2
passes,,58.6,81.4,,1983558,47,,Successful,8,,,Pass,55.3,66.5
passes,,61.5,86.8,,1983558,47,,Successful,12,,,Pass,62.5,71.7
passes,,37.9,74.7,,1983558,48,,Successful,58,,,Pass,33.8,43.9
passes,,79.6,7.6,,1983558,49,,Successful,26,,,Pass,82.5,10.4
passes,,87.6,75.6,,1983558,49,,Successful,36,,,Pass,76.1,14.8
passes,,70.8,64.3,,1983558,49,,Successful,51,,,Pass,74.0,76.7
passes,,64.7,2.2,,1983558,51,,Successful,47,,,Pass,55.1,19.7
passes,,66.9,70.8,,1983558,51,,Successful,57,,,Pass,60.9,49.8
passes,,72.4,95.2,,1983558,52,,Successful,6,,,Pass,65.5,67.7
passes,,57.3,3.7,,1983558,57,,Successful,42,,,Pass,64.4,9.3
passes,,37.4,29.4,,1983558,61,,Successful,35,,,Pass,39.9,50.9
passes,,40.1,11.2,,1983558,62,,Successful,58,,,Pass,45.6,21.0
passes,,45.3,40.1,,1983558,64,,Successful,38,,,Pass,54.4,31.8
passes,,77.8,9.6,,1983558,65,,Successful,20,,,Pass,70.3,21.4
passes,,53.8,24.4,,1983558,66,,Successful,8,,,Pass,68.7,17.2
passes,,57.8,26.9,,1983558,66,,Successful,12,,,Pass,54.9,14.6
passes,,74.4,1.6,,1983558,66,,Successful,37,,,Pass,74.3,8.4
passes,,91.7,34.0,,1983558,66,,Successful,47,,,Pass,91.4,13.7
dribbles,,,,,1983558,64,,Unsuccessful,8,,,TakeOn,31.9,61.5
dribbles,,,,,1983558,67,,Unsuccessful,39,,,TakeOn,24.8,39.4
defensive_actions,,,,,1983558,9,,Successful,54,,,Tackle,64.8,6.6
defensive_actions,,20.5,32.6,,1983558,42,,Successful,48,,,Clearance,21.5,59.5
defensive_actions,,,,,1983558,42,,Unsuccessful,56,,,Tackle,25.9,16.6
defensive_actions,,,,,1983558,42,,Successful,57,,,BallRecovery,21.3,15.2
defensive_actions,,,,,1983558,52,,Unsuccessful,56,,,Challenge,39.2,27.6
defensive_actions,,36.2,59.8,,1983558,67,,Successful,48,,,Clearance,19.6,35.4
carries,40.32,81.4,13.4,7,1983558,,"derived (gap+distance heuristic), not a native WhoScored event",,,3,54,,60.7,48.0
carries,15.94,70.8,30.3,8,1983558,,"derived (gap+distance heuristic), not a native WhoScored event",,,4,1,,75.9,15.2
carries,10.04,69.7,28.0,6,1983558,,"derived (gap+distance heuristic), not a native WhoScored event",,,4,9,,61.8,34.2
carries,19.85,55.7,17.7,5,1983558,,"derived (gap+distance heuristic), not a native WhoScored event",,,16,24,,68.1,2.2
carries,23.93,37.4,20.8,4,1983558,,"derived (gap+distance heuristic), not a native WhoScored event",,,29,16,,53.5,3.1
carries,10.8,69.4,82.9,7,1983558,,"derived (gap+distance heuristic), not a native WhoScored event",,,40,8,,60.7,76.5
carries,16.89,25.9,16.6,8,1983558,,"derived (gap+distance heuristic), not a native WhoScored event",,,42,48,,20.5,32.6
carries,6.7,14.6,15.2,2,1983558,,"derived (gap+distance heuristic), not a native WhoScored event",,,42,57,,21.3,15.2
carries,10.45,62.5,71.7,4,1983558,,"derived (gap+distance heuristic), not a native WhoScored event",,,47,8,,58.6,81.4
carries,9.86,54.9,14.6,4,1983558,,"derived (gap+distance heuristic), not a native WhoScored event",,,66,8,,53.8,24.4
passes,,38.2,7.7,,1983568,0,,Successful,27,,,Pass,40.4,12.4
passes,,40.5,76.3,,1983568,2,,Successful,14,,,Pass,48.7,52.8
passes,,93.7,42.1,,1983568,4,,Successful,15,,,Pass,85.6,8.3
passes,,60.0,22.7,,1983568,6,,Unsuccessful,27,,,Pass,43.1,30.0
passes,,92.3,20.7,,1983568,7,,Successful,2,,,Pass,77.7,23.5
passes,,78.0,29.7,,1983568,9,,Successful,55,,,Pass,72.5,23.2
passes,,72.5,38.8,,1983568,13,,Unsuccessful,4,,,Pass,43.2,59.2
passes,,40.0,17.3,,1983568,13,,Successful,39,,,Pass,45.4,31.7
passes,,61.6,74.1,,1983568,14,,Successful,39,,,Pass,44.7,50.7
passes,,95.8,56.2,,1983568,14,,Successful,53,,,Pass,80.6,31.0
passes,,74.7,6.0,,1983568,15,,Successful,18,,,Pass,63.7,26.2
passes,,54.4,49.2,,1983568,15,,Successful,24,,,Pass,68.6,14.7
passes,,72.8,42.3,,1983568,16,,Unsuccessful,36,,,Pass,59.5,42.3
passes,,96.3,31.5,,1983568,17,,Successful,14,,,Pass,81.3,29.7
passes,,92.3,5.6,,1983568,17,,Successful,26,,,Pass,86.6,0.0
passes,,82.9,4.5,,1983568,17,,Successful,29,,,Pass,84.6,11.6
passes,,63.8,13.6,,1983568,17,,Successful,34,,,Pass,85.3,7.2
passes,,67.4,44.5,,1983568,17,,Successful,47,,,Pass,70.8,31.8
passes,,80.3,28.5,,1983568,17,,Successful,58,,,Pass,81.8,18.8
passes,,87.1,8.3,,1983568,18,,Successful,30,,,Pass,65.6,20.6
passes,,59.0,52.3,,1983568,23,,Successful,52,,,Pass,62.0,18.5
passes,,88.5,58.6,,1983568,29,,Unsuccessful,24,,,Pass,72.4,88.9
passes,,84.5,9.2,,1983568,32,,Successful,16,,,Pass,87.0,26.8
passes,,90.7,68.0,,1983568,32,,Successful,29,,,Pass,77.2,64.9
passes,,28.7,39.2,,1983568,34,,Unsuccessful,48,,,Pass,31.2,28.2
passes,,75.3,39.2,,1983568,38,,Successful,54,,,Pass,74.8,68.3
passes,,64.1,39.4,,1983568,39,,Successful,13,,,Pass,73.1,11.5
passes,,74.8,80.6,,1983568,47,,Successful,25,,,Pass,66.7,73.0
passes,,48.7,51.4,,1983568,45,,Successful,0,,,Pass,49.8,49.8
passes,,82.3,12.3,,1983568,48,,Successful,15,,,Pass,75.3,25.4
passes,,73.3,6.9,,1983568,48,,Successful,23,,,Pass,69.6,26.2
passes,,53.7,49.5,,1983568,49,,Successful,28,,,Pass,40.8,34.8
passes,,47.7,32.9,,1983568,52,,Successful,4,,,Pass,61.5,10.3
passes,,61.3,54.4,,1983568,52,,Successful,38,,,Pass,68.6,75.5
passes,,59.0,50.6,,1983568,52,,Successful,41,,,Pass,61.6,64.6
passes,,56.4,47.3,,1983568,52,,Successful,43,,,Pass,59.3,60.9
passes,,67.1,82.9,,1983568,52,,Successful,47,,,Pass,57.8,62.7
passes,,75.8,93.5,,1983568,52,,Successful,51,,,Pass,63.9,78.0
passes,,87.9,17.0,,1983568,53,,Successful,29,,,Pass,78.2,36.2
passes,,81.9,48.8,,1983568,55,,Successful,1,,,Pass,80.0,66.7
passes,,47.8,29.8,,1983568,55,,Successful,26,,,Pass,40.4,20.4
passes,,95.3,71.2,,1983568,58,,Successful,34,,,Pass,68.8,71.1
passes,,86.7,26.2,,1983568,58,,Successful,44,,,Pass,72.5,24.2
passes,,94.4,7.7,,1983568,59,,Unsuccessful,52,,,Pass,74.9,5.4
passes,,29.7,42.1,,1983568,67,,Successful,31,,,Pass,34.2,61.5
passes,,31.0,22.4,,1983568,67,,Successful,46,,,Pass,29.1,43.0
passes,,46.3,70.5,,1983568,67,,Successful,54,,,Pass,44.4,36.2
passes,,88.3,56.4,,1983568,68,,Successful,6,,,Pass,74.6,65.0
passes,,77.1,29.5,,1983568,68,,Successful,31,,,Pass,69.8,24.6
passes,,89.0,17.1,,1983568,70,,Successful,25,,,Pass,84.6,22.7
passes,,89.2,29.9,,1983568,70,,Successful,28,,,Pass,83.2,25.2
passes,,88.8,18.8,,1983568,70,,Unsuccessful,33,,,Pass,87.2,15.8
passes,,56.7,85.3,,1983568,72,,Unsuccessful,57,,,Pass,27.1,64.6
passes,,31.0,84.0,,1983568,73,,Successful,10,,,Pass,26.9,68.3
passes,,29.4,92.4,,1983568,73,,Successful,13,,,Pass,27.9,79.4
passes,,25.3,75.6,,1983568,73,,Successful,30,,,Pass,24.7,68.6
passes,,55.3,52.8,,1983568,73,,Successful,35,,,Pass,46.3,50.5
passes,,26.7,7.1,,1983568,75,,Successful,26,,,Pass,35.5,11.6
defensive_actions,,,,,1983568,47,,Successful,23,,,BallRecovery,62.1,61.7
defensive_actions,,,,,1983568,49,,Successful,27,,,BallRecovery,36.6,30.4
defensive_actions,,,,,1983568,73,,Successful,29,,,BallRecovery,23.6,69.4
carries,10.63,68.6,14.7,6,1983568,,"derived (gap+distance heuristic), not a native WhoScored event",,,15,18,,74.7,6.0
carries,9.76,84.6,11.6,3,1983568,,"derived (gap+distance heuristic), not a native WhoScored event",,,17,26,,92.3,5.6
carries,12.2,66.7,73.0,2,1983568,,"derived (gap+distance heuristic), not a native WhoScored event",,,47,23,,62.1,61.7
carries,12.16,70.3,69.3,4,1983568,,"derived (gap+distance heuristic), not a native WhoScored event",,,47,25,,74.8,80.6
carries,60.27,62.0,9.6,4,1983568,,"derived (gap+distance heuristic), not a native WhoScored event",,,47,29,,70.3,69.3
carries,18.83,69.6,26.2,8,1983568,,"derived (gap+distance heuristic), not a native WhoScored event",,,48,15,,82.3,12.3
carries,6.08,40.8,34.8,1,1983568,,"derived (gap+distance heuristic), not a native WhoScored event",,,49,27,,36.6,30.4
carries,10.2,61.6,64.6,3,1983568,,"derived (gap+distance heuristic), not a native WhoScored event",,,52,38,,61.3,54.4
carries,10.3,59.3,60.9,2,1983568,,"derived (gap+distance heuristic), not a native WhoScored event",,,52,41,,59.0,50.6
carries,15.46,57.8,62.7,4,1983568,,"derived (gap+distance heuristic), not a native WhoScored event",,,52,43,,56.4,47.3
carries,5.85,63.9,78.0,4,1983568,,"derived (gap+distance heuristic), not a native WhoScored event",,,52,47,,67.1,82.9
carries,19.24,44.4,36.2,8,1983568,,"derived (gap+distance heuristic), not a native WhoScored event",,,67,46,,31.0,22.4
carries,9.96,83.2,25.2,3,1983568,,"derived (gap+distance heuristic), not a native WhoScored event",,,70,25,,89.0,17.1
carries,14.24,87.2,15.8,5,1983568,,"derived (gap+distance heuristic), not a native WhoScored event",,,70,28,,89.2,29.9
carries,5.55,27.9,79.4,3,1983568,,"derived (gap+distance heuristic), not a native WhoScored event",,,73,10,,31.0,84.0
carries,32.73,46.3,50.5,5,1983568,,"derived (gap+distance heuristic), not a native WhoScored event",,,73,30,,25.3,75.6
