player_id,player_name,profile_name,season,league,team,leagues_played_count,leagues_played_list,teams_played_count,teams_played_list,matches,minutes_played,date_of_birth,age,age_as_of,nationality,height_cm,preferred_foot,player_position,base_position,role_family,primary_role_position,secondary_role_position,positions_played_count,positions_played_list,position_confidence,position_source,goals,assists,shots_total,shots_on_target,shots_off_target,xg,xgot,xa,big_chances_created,big_chance_missed,offsides,hit_woodwork,passes_total,passes_accurate,passes_own_half_total,passes_own_half_accurate,passes_opposition_half_total,passes_opposition_half_accurate,key_passes,long_balls_total,long_balls_accurate,crosses_total,crosses_accurate,touches,unsuccessful_touches,dribbles_attempted,carries,carry_distance,progressive_carries,progressive_carry_distance,best_carry_progression,total_progression,dispossessed,possession_lost,tackles_total,tackles_won,last_man_tackles,interceptions,clearances,clearance_off_line,blocked_shots,duels_total,duels_won,duels_lost,aerial_duels_total,aerial_duels_won,aerial_duels_lost,recoveries,dribbles_won,challenges_lost,errors_leading_to_shot,errors_leading_to_goal,fouls_committed,fouls_drawn,yellow_cards,red_cards,penalties_won,penalties_conceded,penalties_faced,distance_walking_km,distance_jogging_km,distance_running_km,distance_high_speed_running_km,distance_sprinting_km,gk_saves,gk_saves_inside_box,gk_xgot_faced,gk_goals_prevented,gk_goals_prevented_raw,gk_high_claims,gk_punches,gk_sweeper_total,gk_sweeper_accurate,MW,shirt_number,is_substitute,sub_on_minute,sub_off_minute,pass_accuracy_pct,goals_per90,assists_per90,shots_total_per90,shots_on_target_per90,shots_off_target_per90,xg_per90,xgot_per90,xa_per90,big_chances_created_per90,offsides_per90,passes_total_per90,passes_accurate_per90,passes_own_half_total_per90,passes_own_half_accurate_per90,passes_opposition_half_total_per90,passes_opposition_half_accurate_per90,key_passes_per90,long_balls_total_per90,long_balls_accurate_per90,crosses_total_per90,crosses_accurate_per90,touches_per90,unsuccessful_touches_per90,dribbles_attempted_per90,carries_per90,carry_distance_per90,progressive_carries_per90,progressive_carry_distance_per90,best_carry_progression_per90,total_progression_per90,dispossessed_per90,possession_lost_per90,tackles_total_per90,tackles_won_per90,interceptions_per90,clearances_per90,blocked_shots_per90,duels_total_per90,duels_won_per90,duels_lost_per90,aerial_duels_total_per90,aerial_duels_won_per90,aerial_duels_lost_per90,recoveries_per90,dribbles_won_per90,challenges_lost_per90,errors_leading_to_goal_per90,fouls_committed_per90,fouls_drawn_per90,yellow_cards_per90,distance_walking_km_per90,distance_jogging_km_per90,distance_running_km_per90,distance_high_speed_running_km_per90,distance_sprinting_km_per90,duel_win_pct,aerial_win_pct,dribble_success_pct,errors_leading_to_shot_per90,penalties_faced_per90,gk_saves_per90,gk_saves_inside_box_per90,gk_xgot_faced_per90,gk_goals_prevented_per90,gk_goals_prevented_raw_per90,gk_high_claims_per90,gk_punches_per90,gk_sweeper_total_per90,gk_sweeper_accurate_per90,last_man_tackles_per90,penalties_conceded_per90,big_chance_missed_per90,hit_woodwork_per90,red_cards_per90,penalties_won_per90,clearance_off_line_per90,season_avg_x,season_avg_y,season_median_x,season_median_y,season_std_x,season_std_y,spatial_matches_used,spatial_wide_matches,spatial_right_matches,spatial_left_matches,spatial_central_matches,spatial_high_matches,spatial_mid_matches,spatial_deep_matches,spatial_high_wide_matches,spatial_mid_wide_matches,spatial_deep_central_matches,spatial_wide_pct,spatial_right_pct,spatial_left_pct,spatial_central_pct,spatial_high_pct,spatial_mid_pct,spatial_deep_pct,spatial_high_wide_pct,spatial_mid_wide_pct,spatial_deep_central_pct,season_position_zone,spatial_dominant_side,position_context_source,avg_x,avg_y,leagues_played_count_per90,MW_per90,is_substitute_per90,sub_on_minute_per90,sub_off_minute_per90,season_avg_x_per90,season_avg_y_per90,season_median_x_per90,season_median_y_per90,season_std_x_per90,season_std_y_per90,spatial_matches_used_per90,spatial_wide_matches_per90,spatial_right_matches_per90,spatial_left_matches_per90,spatial_central_matches_per90,spatial_high_matches_per90,spatial_mid_matches_per90,spatial_deep_matches_per90,spatial_high_wide_matches_per90,spatial_mid_wide_matches_per90,spatial_deep_central_matches_per90,avg_x_per90,avg_y_per90,profile_position_raw,match_position_mode,match_role_mode,profile_positions_played,match_positions_played,match_roles_played,arbitrated_position,arbitrated_role_group,arbitrated_lane,arbitration_reason,position_evidence,arbitrated_confidence,position_conflict_flag,role_source_column,role_source_value,role_model_family,primary_role,secondary_role,role_score,role_bvalue,confidence,cohort_size,warning,measured_metrics_available,measured_metrics_possible,partial_proxies_available,partial_proxies_possible,measured_inputs,partial_proxies,unmeasured_traits,_family,similarity_core,similarity_broad,similarity_z_core,similarity_percentile_core,similarity_z_broad,similarity_percentile_broad,similarity_z,similarity_percentile,similarity_spatial,similarity_role_bonus,similarity_raw,similarity,similarity_archetype,similarity_family,similarity_side,similarity_display_role,similarity_color_key
841947,Lovro Majer,Lovro Majer,2025-26,Bundesliga,VfL Wolfsburg,1,Bundesliga,1,VfL Wolfsburg,32,1373.0,1998-01-17,28.0,2026-05-20,Croatia,179.0,Left,M,M,midfield,AM,M,3,"AM, M, CM",low,heuristic_base,2.0,3.0,27.0,7.0,13.0,3.0929,2.2908,2.5589499,4.0,5.0,4.0,2.0,534.0,438.0,203.0,180.0,331.0,258.0,22.0,33.0,19.0,29.0,7.0,789.0,36.0,25.0,196.0,1582.455945586382,12.0,247.6558473057329,210.4127842261337,319.84215448839814,20.0,190.0,26.0,16.0,,9.0,19.0,,8.0,157.0,71.0,98.0,12.0,12.0,21.0,72.0,12.0,15.0,,,30.0,21.0,5.0,,,,,,,,,,,,,,,,,,,14.5360524399126,10.0,0.1740713765477057,63.18828451882845,72.70689655172414,82.02247191011236,0.1310997815003641,0.1966496722505462,1.7698470502549162,0.4588492352512746,0.8521485797523671,0.2027392571012381,0.1501616897305171,0.1677388863801893,0.2621995630007283,0.2621995630007283,35.00364166059723,28.71085214857976,13.306627822286965,11.798980335032777,21.69701383831027,16.911871813546977,1.442097596504006,2.163146394756009,1.2454479242534595,1.9009468317552805,0.4588492352512746,51.71886380189366,2.359796067006555,1.638747268754552,12.847778587035688,103.7298143501634,0.786598689002185,16.233813734534568,13.792535018464704,20.96561828401736,1.3109978150036417,12.454479242534596,1.7042971595047345,1.048798252002913,0.5899490167516388,1.2454479242534595,0.5243991260014567,10.291332847778587,4.654042243262928,6.423889293517844,0.786598689002185,0.786598689002185,1.3765477057538238,4.71959213401311,0.786598689002185,0.9832483612527312,,1.9664967225054624,1.3765477057538238,0.3277494537509104,,,,,,45.22292993630573,100.0,48.0,,,,,,,,,,,,,,0.3277494537509104,0.1310997815003641,,,,55.3053,48.4279,55.4048,49.3816,8.5571,13.2786,28.0,6.0,2.0,4.0,22.0,5.0,23.0,0.0,1.0,5.0,0.0,0.2143,0.0714,0.1429,0.7857,0.1786,0.8214,0.0,0.0357,0.1786,0.0,mid_central,Central/Mixed,season_collapsed_average_positions_v13,55.3053,48.4279,0.065549890750182,0.9528366493751886,0.0114103597154359,4.141985146900627,4.765929125750308,3.625256372906045,3.174443554260743,3.631778587035688,3.2369584850691915,0.5609169701383832,0.8704107793153678,1.8353969410050983,0.3932993445010925,0.1310997815003641,0.2621995630007283,1.442097596504006,0.3277494537509104,1.5076474872541878,0.0,0.065549890750182,0.3277494537509104,0.0,3.625256372906045,3.174443554260743,M,AM,AM,M,AM,AM,CM,CM,Central Midfield,V12 used season-collapsed spatial evidence because it was coherent with role-score evidence.,"v6_scores={'W': 1.734, 'ST': 1.194, 'SS': 2.542, 'DM': 1.947, 'CM': 2.496, 'AM': 2.384, 'CB': 0.468, 'FB': 2.275, 'WB': 1.699}; spatial=CM; spatial_strength=0.72; source_family=MID; spatial_is_coherent=True",0.85,True,arbitrated_role_group,CM,CM,Advanced Playmaker,Pressing Central Midfielder,64.23,0.2846,0.708,589,,5,6,0,0,"key_passes_per90, xa_per90, passes_opposition_half_total_per90, long_balls_accurate_per90, dribbles_attempted_per90",,"first touch, technique, vision, flair, decisions, composure",CM,0.7801004514232108,0.6658106284813621,0.7539828126824258,0.8375592566529376,0.6599074026866727,0.6787977252296786,0.7539828126824258,0.8375592566529376,0.9334878571428572,1.0,0.7767646302089222,0.9259551210951774,Midfielder,CM,Central,Advanced Playmaker,Midfielder
994556,Carney Chukwuemeka,Carney Chukwuemeka,2025-26,Bundesliga,Borussia Dortmund,1,Bundesliga,1,Borussia Dortmund,31,939.0,2003-10-20,22.0,2026-05-20,Austria,185.0,Right,M,M,midfield,M,ST,3,"M, ST, F",low,heuristic_base,2.0,0.0,18.0,2.0,10.0,1.929,0.9872,2.139429,,1.0,,1.0,383.0,326.0,98.0,86.0,285.0,240.0,11.0,5.0,2.0,1.0,,611.0,32.0,47.0,122.0,1087.748823823323,17.0,337.3856213444544,189.340110343653,397.1885885321349,18.0,139.0,21.0,14.0,,6.0,5.0,,6.0,120.0,64.0,73.0,6.0,6.0,15.0,49.0,22.0,6.0,2.0,,11.0,15.0,2.0,,,,,,,,,,,,,,,,,,,17.117145899893504,17.0,0.3738019169329074,68.81481481481481,71.86746987951807,85.11749347258485,0.1916932907348242,0.0,1.7252396166134183,0.1916932907348242,0.9584664536741214,0.184888178913738,0.0946198083067092,0.2050570926517571,,,36.70926517571885,31.24600638977636,9.39297124600639,8.242811501597444,27.31629392971246,23.00319488817892,1.0543130990415337,0.4792332268370607,0.1916932907348242,0.0958466453674121,,58.56230031948882,3.0670926517571884,4.50479233226837,11.69329073482428,104.2570757658137,1.6293929712460065,32.33728000106592,18.1476144099348,38.06919378902251,1.7252396166134183,13.322683706070288,2.012779552715655,1.34185303514377,0.5750798722044729,0.4792332268370607,0.5750798722044729,11.501597444089455,6.134185303514377,6.996805111821086,0.5750798722044729,0.5750798722044729,1.437699680511182,4.696485623003195,2.108626198083067,0.5750798722044729,,1.0543130990415337,1.437699680511182,0.1916932907348242,,,,,,53.333333333333336,100.0,46.80851063829788,0.1916932907348242,,,,,,,,,,,,,0.0958466453674121,0.0958466453674121,,,,57.5358,59.2879,56.5254,61.7832,8.5699,14.1487,28.0,6.0,1.0,5.0,22.0,8.0,20.0,0.0,3.0,3.0,0.0,0.2143,0.0357,0.1786,0.7857,0.2857,0.7143,0.0,0.1071,0.1071,0.0,mid_central,Central/Mixed,season_collapsed_average_positions_v13,57.5358,59.2879,0.0958466453674121,1.6406210127693457,0.0358276597699272,6.595669151579695,6.888255898995342,5.514613418530352,5.682546325878595,5.417769968051118,5.921712460063898,0.8213961661341853,1.356105431309904,2.68370607028754,0.5750798722044729,0.0958466453674121,0.4792332268370607,2.108626198083067,0.7667731629392971,1.9169329073482428,0.0,0.2875399361022364,0.2875399361022364,0.0,5.514613418530352,5.682546325878595,M,M,M,M,M,M,CM,CM,Central Midfield,V12 used season-collapsed spatial evidence because it was coherent with role-score evidence.,"v6_scores={'W': 2.223, 'ST': 1.297, 'SS': 2.625, 'DM': 1.766, 'CM': 2.958, 'AM': 2.41, 'CB': 0.706, 'FB': 1.887, 'WB': 1.852}; spatial=CM; spatial_strength=0.72; source_family=None; spatial_is_coherent=True",0.85,True,arbitrated_role_group,CM,CM,Advanced Playmaker,Pressing Central Midfielder,65.77,0.3155,0.708,589,,5,6,0,0,"key_passes_per90, xa_per90, passes_opposition_half_total_per90, long_balls_accurate_per90, dribbles_attempted_per90",,"first touch, technique, vision, flair, decisions, composure",CM,0.7770424637454346,0.6174318653572576,0.7669241644671547,0.7993027221576505,0.6072926789111943,0.6397380755385969,0.7669241644671547,0.7993027221576505,0.9524187142857143,1.0,0.7628908333532152,0.921248991661827,Midfielder,CM,Central,Advanced Playmaker,Midfielder
997164,Thomas Van den Keybus,Thomas Van den Keybus,2025-26,Pro League,KVC Westerlo,1,Pro League,1,KVC Westerlo,39,1069.0,2001-04-25,25.0,2026-05-20,Belgium,179.0,Left,M,M,midfield,M,AM,4,"M, AM, DM, CM",low,heuristic_base,1.0,0.0,29.0,8.0,10.0,1.9365,0.9747,0.8742467899999999,,,1.0,,408.0,319.0,163.0,144.0,245.0,175.0,12.0,27.0,16.0,19.0,8.0,633.0,28.0,26.0,70.0,709.0353498004104,12.0,241.30659797252403,212.124424332642,296.7691713275318,17.0,164.0,26.0,15.0,,3.0,14.0,,11.0,134.0,61.0,83.0,8.0,12.0,13.0,65.0,9.0,19.0,,,19.0,14.0,2.0,,,,,,,,,,,,,,,,,,,9.903648269410663,39.0,0.3666978484565014,60.94897959183673,73.66197183098592,78.18627450980392,0.0841908325537885,0.0,2.441534144059869,0.6735266604303087,0.8419083255378859,0.1630355472404116,0.0820608044901777,0.0736035651075771,,0.0841908325537885,34.349859681945745,26.85687558465856,13.72310570626754,12.123479887745557,20.62675397567821,14.733395696913004,1.010289990645463,2.273152478952292,1.3470533208606177,1.5996258185219832,0.6735266604303087,53.29279700654818,2.35734331150608,2.188961646398503,5.893358278765201,59.69427640976327,1.010289990645463,20.315803384029152,17.858931889558264,24.985243610362826,1.431244153414406,13.807296538821328,2.188961646398503,1.262862488306829,0.2525724976613657,1.17867165575304,0.9260991580916744,11.28157156220767,5.135640785781104,6.987839101964453,0.6735266604303087,1.010289990645463,1.0944808231992516,5.472404115996258,0.7577174929840973,1.5996258185219832,,1.5996258185219832,1.17867165575304,0.1683816651075771,,,,,,45.52238805970149,150.0,34.61538461538461,,,,,,,,,,,,,,,,,,,55.6839,53.6088,55.2714,55.522,9.0725,12.675,31.0,6.0,1.0,5.0,25.0,9.0,21.0,1.0,2.0,4.0,1.0,0.1935,0.0323,0.1613,0.8065,0.2903,0.6774,0.0323,0.0645,0.129,0.0323,mid_central,Central/Mixed,season_collapsed_average_positions_v13,55.6839,53.6088,0.0841908325537885,0.8337963931215713,0.0308725971572358,5.131345335140605,6.201662736004427,4.688073900841909,4.513369504209542,4.653345182413471,4.674443405051449,0.763821328344247,1.0671188026192704,2.6099158091674464,0.5051449953227315,0.0841908325537885,0.4209541627689429,2.1047708138447145,0.7577174929840973,1.7680074836295605,0.0841908325537885,0.1683816651075771,0.3367633302151543,0.0841908325537885,4.688073900841909,4.513369504209542,M,M,M,M,M,M,CM,CM,Central Midfield,V12 used season-collapsed spatial evidence because it was coherent with role-score evidence.,"v6_scores={'W': 1.88, 'ST': 1.36, 'SS': 1.918, 'DM': 1.986, 'CM': 2.722, 'AM': 1.825, 'CB': 0.664, 'FB': 2.47, 'WB': 1.872}; spatial=CM; spatial_strength=0.72; source_family=None; spatial_is_coherent=True",0.85,True,arbitrated_role_group,CM,CM,Pressing Central Midfielder,Advanced Playmaker,59.35,0.1869,0.85,589,,4,4,0,1,"tackles_total_per90, tackles_won_per90, recoveries_per90, interceptions_per90",,"aggression, work rate, anticipation",CM,0.7844999810487313,0.5619325089108931,0.7773149259594176,0.8003071022452212,0.5325351735637527,0.6266066466746021,0.7773149259594176,0.8003071022452212,0.9465952142857142,1.0,0.7501606595956446,0.9169193738848813,Midfielder,CM,Central,Pressing Central Midfielder,Midfielder
1010505,Gabri Veiga,Gabri Veiga,2025-26,Liga Portugal Betclic,FC Porto,1,Liga Portugal Betclic,1,FC Porto,32,1623.0,2002-05-27,23.0,2026-05-20,Spain,184.0,Right,M,M,midfield,AM,WM,4,"AM, WM, M, DM",medium,heuristic_stats,3.0,8.0,46.0,13.0,19.0,4.5634,4.0988,3.70484336,10.0,4.0,3.0,3.0,667.0,553.0,244.0,224.0,423.0,329.0,37.0,36.0,21.0,115.0,31.0,1065.0,37.0,40.0,130.0,1090.8687615164029,14.0,258.5855113657012,206.7232893419596,443.7758500376687,13.0,281.0,39.0,31.0,,16.0,3.0,,15.0,166.0,78.0,105.0,2.0,2.0,11.0,81.0,15.0,28.0,1.0,,30.0,22.0,6.0,,1.0,1.0,,,,,,,,,,,,,,,,17.65988909426987,10.0,0.2008626001232286,57.622699386503065,62.80931065353626,82.90854572713643,0.166358595194085,0.4436229205175601,2.5508317929759703,0.7208872458410351,1.0536044362292052,0.2530536044362292,0.2272902033271719,0.2054441789279113,0.5545286506469501,0.166358595194085,36.98706099815157,30.66543438077634,13.530499075785585,12.42144177449168,23.45656192236599,18.243992606284657,2.051756007393716,1.9963031423290205,1.1645101663585953,6.377079482439926,1.7190388170055453,59.05730129390018,2.051756007393716,2.2181146025878005,7.208872458410351,60.49179823566005,0.7763401109057301,14.339307469447387,11.463398669609589,24.60864233110917,0.7208872458410351,15.582255083179298,2.162661737523105,1.7190388170055453,0.8872458410351202,0.166358595194085,0.8317929759704251,9.205175600739372,4.32532347504621,5.822550831792976,0.11090573012939,0.11090573012939,0.609981515711645,4.491682070240295,0.8317929759704251,1.55268022181146,,1.6635859519408502,1.21996303142329,0.33271719038817,,,,,,46.98795180722892,100.0,37.5,0.055452865064695,,,,,,,,,,,,0.055452865064695,0.22181146025878,0.166358595194085,,0.055452865064695,,60.185,62.4621,61.1271,62.1,5.7473,6.9924,31.0,8.0,0.0,8.0,23.0,14.0,17.0,0.0,3.0,5.0,0.0,0.2581,0.0,0.2581,0.7419,0.4516,0.5484,0.0,0.0968,0.1613,0.0,mid_central,Central/Mixed,season_collapsed_average_positions_v13,60.185,62.4621,0.055452865064695,0.9792914470020262,0.0111384066611771,3.195343773743238,3.482956228477057,3.3374306839186696,3.463702402957486,3.3896728280961184,3.44362292051756,0.3187042513863217,0.3877486136783734,1.7190388170055453,0.4436229205175601,0.0,0.4436229205175601,1.2754158964879851,0.7763401109057301,0.9426987060998152,0.0,0.166358595194085,0.277264325323475,0.0,3.3374306839186696,3.463702402957486,M,AM,AM,M,AM,AM,CM,CM,Central Midfield,V12 used season-collapsed spatial evidence because it was coherent with role-score evidence.,"v6_scores={'W': 2.347, 'ST': 1.464, 'SS': 3.163, 'DM': 2.215, 'CM': 2.659, 'AM': 2.956, 'CB': -0.018, 'FB': 2.527, 'WB': 2.196}; spatial=CM; spatial_strength=0.72; source_family=MID; spatial_is_coherent=True",0.85,True,arbitrated_role_group,CM,CM,Advanced Playmaker,Pressing Central Midfielder,74.74,0.4948,0.708,589,,5,6,0,0,"key_passes_per90, xa_per90, passes_opposition_half_total_per90, long_balls_accurate_per90, dribbles_attempted_per90",,"first touch, technique, vision, flair, decisions, composure",CM,0.6736960748452012,0.7368017557264639,0.6783293330938235,0.6635029066982323,0.7415091157820621,0.7264455636041477,0.6783293330938235,0.6635029066982323,0.9762049285714286,1.0,0.744106378818512,0.914856406381851,Midfielder,CM,Central,Advanced Playmaker,Midfielder
1088565,Ramón Terrats,Ramón Terrats,2025-26,La Liga,Espanyol,1,La Liga,1,Espanyol,33,1017.0,2000-10-18,25.0,2026-05-20,Spain,179.0,Left,M,M,midfield,M,WM,4,"M, WM, AM, DM",low,heuristic_base,1.0,2.0,14.0,3.0,8.0,1.4548,1.4207999999999998,1.0338856500000002,4.0,,1.0,1.0,248.0,192.0,74.0,67.0,174.0,125.0,16.0,21.0,11.0,30.0,7.0,490.0,27.0,24.0,86.0,747.7641363096709,7.0,175.713483923901,157.611398954951,160.2000749576351,23.0,147.0,22.0,9.0,,11.0,7.0,,7.0,127.0,59.0,82.0,12.0,9.0,18.0,35.0,8.0,10.0,,,15.0,20.0,,,,,,,,,,,,,,,,,,,,22.835791543756145,14.0,0.2890855457227139,70.62925170068027,67.40248962655602,77.41935483870968,0.0884955752212389,0.1769911504424778,1.238938053097345,0.2654867256637168,0.7079646017699115,0.1287433628318584,0.1257345132743362,0.0914943053097345,0.3539823008849557,0.0884955752212389,21.94690265486725,16.991150442477878,6.548672566371682,5.929203539823009,15.398230088495575,11.061946902654867,1.415929203539823,1.8584070796460177,0.9734513274336284,2.6548672566371683,0.6194690265486725,43.36283185840708,2.3893805309734515,2.1238938053097347,7.610619469026549,66.17381737253726,0.6194690265486725,15.54986583397354,13.947911411942563,14.176997783861514,2.035398230088496,13.008849557522124,1.9469026548672568,0.7964601769911505,0.9734513274336284,0.6194690265486725,0.6194690265486725,11.238938053097344,5.221238938053097,7.256637168141593,1.0619469026548674,0.7964601769911505,1.592920353982301,3.0973451327433628,0.7079646017699115,0.8849557522123894,,1.327433628318584,1.7699115044247788,,,,,,,46.45669291338583,75.0,33.333333333333336,,,,,,,,,,,,,,,0.0884955752212389,,,,58.7217,50.6868,58.0419,44.1253,9.256,14.8159,28.0,8.0,2.0,6.0,20.0,11.0,17.0,0.0,3.0,5.0,0.0,0.2857,0.0714,0.2143,0.7143,0.3929,0.6071,0.0,0.1071,0.1786,0.0,mid_central,Central/Mixed,season_collapsed_average_positions_v13,58.7217,50.6868,0.0884955752212389,2.020866508297004,0.0255827916568773,6.250376256697368,5.964822090845666,5.196610619469026,4.4855575221238935,5.136451327433628,3.9048938053097344,0.8191150442477876,1.311141592920354,2.47787610619469,0.7079646017699115,0.1769911504424778,0.5309734513274337,1.7699115044247788,0.9734513274336284,1.5044247787610618,0.0,0.2654867256637168,0.4424778761061947,0.0,5.196610619469026,4.4855575221238935,M,M,M,M,M,M,CM,CM,Central Midfield,V12 used season-collapsed spatial evidence because it was coherent with role-score evidence.,"v6_scores={'W': 2.133, 'ST': 0.659, 'SS': 1.865, 'DM': 1.905, 'CM': 1.871, 'AM': 1.821, 'CB': 0.436, 'FB': 2.21, 'WB': 2.016}; spatial=CM; spatial_strength=0.72; source_family=None; spatial_is_coherent=True",0.85,True,arbitrated_role_group,CM,CM,Advanced Playmaker,Pressing Central Midfielder,47.88,-0.0425,0.708,589,,5,6,0,0,"key_passes_per90, xa_per90, passes_opposition_half_total_per90, long_balls_accurate_per90, dribbles_attempted_per90",,"first touch, technique, vision, flair, decisions, composure",CM,0.7628966324499183,0.558561674658861,0.7572845573216254,0.775243197732163,0.5388217187007849,0.6019895777666286,0.7572845573216254,0.775243197732163,0.9669319285714286,1.0,0.7395093572096829,0.9132883185764966,Midfielder,CM,Central,Advanced Playmaker,Midfielder
901898,Yari Verschaeren,Yari Verschaeren,2025-26,Pro League,RSC Anderlecht,1,Pro League,1,RSC Anderlecht,36,1290.0,2001-07-12,24.0,2026-05-20,Belgium,172.0,Right,M,M,midfield,AM,M,4,"AM, M, CM, DM",low,heuristic_base,1.0,2.0,21.0,5.0,7.0,1.842,1.804,2.17522019,3.0,1.0,2.0,,603.0,521.0,196.0,173.0,407.0,348.0,26.0,38.0,22.0,55.0,14.0,890.0,41.0,25.0,168.0,1449.165528232809,14.0,234.7657687091016,163.5846475152331,357.0513004325701,19.0,199.0,19.0,12.0,,8.0,16.0,,11.0,96.0,52.0,58.0,4.0,7.0,9.0,47.0,11.0,11.0,1.0,,5.0,16.0,1.0,,,,,,,,,,,,,,,,,,,10.92093023255814,10.0,0.3472868217054263,52.22767857142857,74.4328125,86.40132669983416,0.0697674418604651,0.1395348837209302,1.4651162790697674,0.3488372093023256,0.4883720930232558,0.1285116279069767,0.125860465116279,0.1517595481395348,0.2093023255813953,0.1395348837209302,42.06976744186046,36.34883720930232,13.674418604651162,12.069767441860463,28.3953488372093,24.27906976744186,1.813953488372093,2.6511627906976742,1.5348837209302326,3.8372093023255816,0.9767441860465116,62.093023255813954,2.86046511627907,1.744186046511628,11.72093023255814,101.10457173717272,0.9767441860465116,16.379007119239642,11.412882384783703,24.9105558441328,1.3255813953488371,13.883720930232558,1.3255813953488371,0.8372093023255814,0.5581395348837209,1.1162790697674418,0.7674418604651163,6.697674418604652,3.627906976744186,4.046511627906977,0.2790697674418604,0.4883720930232558,0.627906976744186,3.2790697674418605,0.7674418604651163,0.7674418604651163,,0.3488372093023256,1.1162790697674418,0.0697674418604651,,,,,,54.16666666666666,175.0,44.0,0.0697674418604651,,,,,,,,,,,,,0.0697674418604651,,,,,56.3118,49.6942,59.49,48.7632,8.1345,12.5811,26.0,5.0,2.0,3.0,21.0,6.0,20.0,0.0,1.0,4.0,0.0,0.1923,0.0769,0.1154,0.8077,0.2308,0.7692,0.0,0.0385,0.1538,0.0,mid_central,Central/Mixed,season_collapsed_average_positions_v13,56.3118,49.6942,0.0697674418604651,0.7619253650621958,0.024229313142239,3.643791528239203,5.192986918604651,3.9287302325581392,3.4670372093023256,4.15046511627907,3.4020837209302326,0.5675232558139535,0.8777511627906976,1.813953488372093,0.3488372093023256,0.1395348837209302,0.2093023255813953,1.4651162790697674,0.4186046511627907,1.3953488372093024,0.0,0.0697674418604651,0.2790697674418604,0.0,3.9287302325581392,3.4670372093023256,M,AM,AM,M,AM,AM,CM,CM,Central Midfield,V12 used season-collapsed spatial evidence because it was coherent with role-score evidence.,"v6_scores={'W': 2.305, 'ST': 0.631, 'SS': 2.702, 'DM': 1.7, 'CM': 2.536, 'AM': 2.481, 'CB': 0.38, 'FB': 2.207, 'WB': 2.072}; spatial=CM; spatial_strength=0.72; source_family=MID; spatial_is_coherent=True",0.85,True,arbitrated_role_group,CM,CM,Advanced Playmaker,Midfield Playmaker,74.67,0.4933,0.708,589,,5,6,0,0,"key_passes_per90, xa_per90, passes_opposition_half_total_per90, long_balls_accurate_per90, dribbles_attempted_per90",,"first touch, technique, vision, flair, decisions, composure",CM,0.7055838487446523,0.6180940145213044,0.7182006289960079,0.6778269321916701,0.5759391264411892,0.7108347682975581,0.7182006289960079,0.6778269321916701,0.9352933571428571,1.0,0.7226646746863526,0.9075299973988886,Midfielder,CM,Central,Advanced Playmaker,Midfielder
1390682,Mert Kömür,Mert Kömür,2025-26,Bundesliga,FC Augsburg,1,Bundesliga,1,FC Augsburg,33,1466.0,2005-07-17,20.0,2026-05-20,Germany,183.0,Both,M,F,attack,ST,F,4,"ST, F, AM, W",low,heuristic_base,2.0,4.0,43.0,16.0,15.0,3.4236,3.35,2.09573675,5.0,5.0,2.0,1.0,459.0,369.0,138.0,118.0,321.0,251.0,23.0,12.0,8.0,60.0,13.0,796.0,46.0,40.0,116.0,1020.6987453574887,15.0,277.8537844188228,204.8992786756269,312.28572574542187,24.0,240.0,15.0,12.0,,7.0,22.0,,12.0,180.0,64.0,128.0,32.0,14.0,45.0,47.0,17.0,12.0,,,26.0,19.0,1.0,,,,,,,,,,,,,,,,,,,14.097544338335608,36.0,0.1364256480218281,63.175,69.22727272727273,80.3921568627451,0.1227830832196452,0.2455661664392905,2.639836289222374,0.9822646657571624,0.9208731241473396,0.2101800818553888,0.2056616643929058,0.1286605098908594,0.3069577080491132,0.1227830832196452,28.178717598908595,22.65347885402456,8.472032742155525,7.244201909959072,19.70668485675307,15.409276944065484,1.4120054570259208,0.7366984993178718,0.4911323328785811,3.683492496589359,0.7980900409276944,48.867667121418826,2.8240109140518417,2.4556616643929057,7.121418826739427,62.66226949670804,0.9208731241473396,17.05787216759485,12.579082592637397,19.17170212625373,1.4733969986357436,14.733969986357437,0.9208731241473396,0.7366984993178718,0.4297407912687585,1.3506139154160983,0.7366984993178718,11.050477489768076,3.929058663028649,7.858117326057298,1.9645293315143249,0.859481582537517,2.762619372442019,2.8854024556616644,1.043656207366985,0.7366984993178718,,1.5961800818553888,1.1664392905866303,0.0613915416098226,,,,,,35.55555555555556,43.75,42.5,,,,,,,,,,,,,,0.3069577080491132,0.0613915416098226,,,,60.4549,49.7506,62.7689,48.4305,10.3275,17.2555,28.0,9.0,4.0,5.0,19.0,15.0,12.0,1.0,3.0,5.0,0.0,0.3214,0.1429,0.1786,0.6786,0.5357,0.4286,0.0357,0.1071,0.1786,0.0,mid_central,Central/Mixed,season_collapsed_average_positions_v13,60.4549,49.7506,0.0613915416098226,0.8654699798432501,0.008375380847179,3.8784106412005457,4.249968994170905,3.711419508867667,3.054266030013643,3.853479536152797,2.973223055934516,0.6340211459754433,1.0593417462482948,1.718963165075034,0.5525238744884038,0.2455661664392905,0.3069577080491132,1.1664392905866303,0.9208731241473396,0.7366984993178718,0.0613915416098226,0.1841746248294679,0.3069577080491132,0.0,3.711419508867667,3.054266030013643,M,ST,ST,M,ST,ST,CM,CM,Central Midfield,V12 used season-collapsed spatial evidence because it was coherent with role-score evidence.,"v6_scores={'W': 2.494, 'ST': 1.388, 'SS': 2.354, 'DM': 1.008, 'CM': 1.954, 'AM': 2.301, 'CB': 0.756, 'FB': 1.994, 'WB': 2.099}; spatial=CM; spatial_strength=0.72; source_family=ATT; spatial_is_coherent=True",0.85,True,arbitrated_role_group,CM,CM,Advanced Playmaker,Midfield Playmaker,55.62,0.1123,0.708,589,,5,6,0,0,"key_passes_per90, xa_per90, passes_opposition_half_total_per90, long_balls_accurate_per90, dribbles_attempted_per90",,"first touch, technique, vision, flair, decisions, composure",CM,0.7670336138921326,0.4871784123779657,0.7570333660756801,0.7890341590883282,0.45915136542918283,0.5488379156652882,0.7570333660756801,0.7890341590883282,0.9369361428571429,1.0,0.7179305254208593,0.9059080953706287,Midfielder,CM,Central,Advanced Playmaker,Midfielder
944660,Thiago Almada,Thiago Almada,2025-26,La Liga,Atlético Madrid,1,La Liga,1,Atlético Madrid,31,1312.0,2001-04-26,25.0,2026-05-20,Argentina,171.0,Right,M,M,midfield,AM,M,3,"AM, M, DM",low,heuristic_stats,3.0,1.0,21.0,10.0,7.0,3.7163,3.8002,2.75447091,4.0,5.0,2.0,,689.0,597.0,232.0,209.0,457.0,388.0,28.0,43.0,27.0,41.0,8.0,961.0,30.0,39.0,233.0,2014.9719925860352,29.0,505.575504245129,227.253121228,631.4169560559777,20.0,198.0,29.0,18.0,,8.0,6.0,,5.0,140.0,71.0,84.0,3.0,5.0,11.0,72.0,21.0,22.0,,,13.0,16.0,2.0,1.0,,1.0,,,,,,,,,,,,,,,,21.679878048780488,11.0,0.2027439024390244,62.056390977443606,63.74530831099196,86.64731494920174,0.2057926829268292,0.0685975609756097,1.4405487804878048,0.6859756097560976,0.4801829268292683,0.2549291158536585,0.2606844512195122,0.1889499862042682,0.274390243902439,0.1371951219512195,47.26371951219512,40.95274390243903,15.914634146341465,14.336890243902438,31.349085365853657,26.615853658536587,1.920731707317073,2.9496951219512195,1.852134146341464,2.8125,0.5487804878048781,65.92225609756098,2.057926829268293,2.6753048780487805,15.983231707317072,138.22216412556642,1.9893292682926829,34.68124648022989,15.589009840335365,43.31366314408384,1.3719512195121952,13.582317073170731,1.9893292682926829,1.2347560975609757,0.5487804878048781,0.4115853658536585,0.3429878048780488,9.603658536585366,4.870426829268292,5.762195121951219,0.2057926829268292,0.3429878048780488,0.7545731707317073,4.939024390243903,1.4405487804878048,1.5091463414634143,,0.8917682926829268,1.0975609756097562,0.1371951219512195,,,,,,50.71428571428572,166.66666666666666,53.84615384615385,,,,,,,,,,,,,0.0685975609756097,0.3429878048780488,,0.0685975609756097,,,56.2011,63.1122,56.3857,64.6917,7.8312,11.4026,27.0,10.0,0.0,10.0,17.0,8.0,19.0,0.0,4.0,6.0,0.0,0.3704,0.0,0.3704,0.6296,0.2963,0.7037,0.0,0.1481,0.2222,0.0,mid_central,Central/Mixed,season_collapsed_average_positions_v13,56.2011,63.1122,0.0685975609756097,1.487186756395003,0.013907737209994,4.256917064001467,4.372772673772315,3.8552583841463415,4.329342987804878,3.867921493902439,4.437692835365853,0.5372012195121951,0.7821905487804878,1.8521341463414636,0.6859756097560976,0.0,0.6859756097560976,1.166158536585366,0.5487804878048781,1.3033536585365857,0.0,0.274390243902439,0.4115853658536585,0.0,3.8552583841463415,4.329342987804878,M,AM,AM,M,AM,AM,CM,CM,Central Midfield,V12 used season-collapsed spatial evidence because it was coherent with role-score evidence.,"v6_scores={'W': 3.036, 'ST': 1.145, 'SS': 2.929, 'DM': 2.248, 'CM': 3.307, 'AM': 2.657, 'CB': -0.324, 'FB': 3.024, 'WB': 2.849}; spatial=CM; spatial_strength=0.72; source_family=MID; spatial_is_coherent=True",0.85,True,arbitrated_role_group,CM,CM,Advanced Playmaker,Midfield Playmaker,83.72,0.6743,0.708,589,,5,6,0,0,"key_passes_per90, xa_per90, passes_opposition_half_total_per90, long_balls_accurate_per90, dribbles_attempted_per90",,"first touch, technique, vision, flair, decisions, composure",CM,0.6587144303385419,0.6397938807487948,0.67310919969104,0.6270459377630464,0.5718602915568447,0.7892477769710855,0.67310919969104,0.6270459377630464,0.9362828571428572,1.0,0.7037051506993943,0.9010250939968378,Ball Progressor,CM,Central,Advanced Playmaker,Ball Progressor
888550,Joe Willock,Joe Willock,2025-26,Premier League,Newcastle United,1,Premier League,1,Newcastle United,36,921.0,1999-08-20,26.0,2026-05-20,England,186.0,Right,M,M,midfield,M,AM,3,"M, AM, CM",low,heuristic_base,,2.0,15.0,5.0,7.0,1.1094000000000002,0.6508,1.05582521,4.0,1.0,2.0,1.0,305.0,252.0,97.0,88.0,208.0,164.0,14.0,18.0,8.0,13.0,2.0,482.0,26.0,16.0,140.0,1423.6981954410662,23.0,470.71274454298697,269.33194681374493,696.212571477028,11.0,114.0,18.0,14.0,,7.0,6.0,,4.0,99.0,44.0,61.0,4.0,9.0,11.0,51.0,7.0,15.0,,,15.0,10.0,3.0,,,,,,,,,,,,,,,,,,,24.33333333333333,28.0,0.3246471226927253,61.82943143812709,71.55144694533762,82.62295081967213,,0.1954397394136807,1.4657980456026058,0.4885993485342019,0.6840390879478827,0.1084104234527687,0.0635960912052117,0.1031751019543974,0.3908794788273615,0.1954397394136807,29.80456026058632,24.62540716612378,9.478827361563518,8.599348534201955,20.3257328990228,16.026058631921824,1.3680781758957654,1.758957654723127,0.7817589576547231,1.270358306188925,0.1954397394136807,47.100977198697066,2.54071661237785,1.5635179153094465,13.680781758957655,139.12360216036478,2.247557003257329,45.99798806608993,26.31908275052882,68.03380177299948,1.0749185667752443,11.140065146579804,1.758957654723127,1.3680781758957654,0.6840390879478827,0.5863192182410424,0.3908794788273615,9.6742671009772,4.299674267100977,5.960912052117264,0.3908794788273615,0.8794788273615635,1.0749185667752443,4.98371335504886,0.6840390879478827,1.4657980456026058,,1.4657980456026058,0.977198697068404,0.2931596091205212,,,,,,44.44444444444444,225.0,43.75,,,,,,,,,,,,,,0.0977198697068403,0.0977198697068403,,,,57.2333,49.1012,55.8531,45.0395,9.9216,17.7874,23.0,8.0,4.0,4.0,15.0,4.0,19.0,0.0,2.0,6.0,0.0,0.3478,0.1739,0.1739,0.6522,0.1739,0.8261,0.0,0.087,0.2609,0.0,mid_central,Central/Mixed,season_collapsed_average_positions_v13,57.2333,49.1012,0.0977198697068403,2.377850162866449,0.0317244745302337,6.0419639841818,6.991998072834295,5.592830618892508,4.798162866449512,5.457957654723127,4.401254071661238,0.9695374592833876,1.738182410423453,2.247557003257329,0.7817589576547231,0.3908794788273615,0.3908794788273615,1.4657980456026058,0.3908794788273615,1.8566775244299676,0.0,0.1954397394136807,0.5863192182410424,0.0,5.592830618892508,4.798162866449512,M,M,M,M,M,M,CM,CM,Central Midfield,V12 used season-collapsed spatial evidence because it was coherent with role-score evidence.,"v6_scores={'W': 2.274, 'ST': 0.821, 'SS': 2.096, 'DM': 1.962, 'CM': 2.846, 'AM': 1.99, 'CB': 0.276, 'FB': 2.531, 'WB': 2.322}; spatial=CM; spatial_strength=0.72; source_family=None; spatial_is_coherent=True",0.85,True,arbitrated_role_group,CM,CM,Pressing Central Midfielder,Advanced Playmaker,54.81,0.0963,0.85,589,,4,4,0,1,"tackles_total_per90, tackles_won_per90, recoveries_per90, interceptions_per90",,"aggression, work rate, anticipation",CM,0.7122080321975144,0.5247277820541457,0.6629934261594947,0.8204801654811573,0.5128116363491282,0.5509433026051844,0.6629934261594947,0.8204801654811573,0.9124311428571429,1.0,0.6967347348251604,0.8986272224953243,Ball Progressor,CM,Central,Pressing Central Midfielder,Ball Progressor
1082981,Pablo Torre,Pablo Torre,2025-26,La Liga,Mallorca,1,La Liga,1,Mallorca,37,1552.0,2003-04-03,23.0,2026-05-20,Spain,173.0,Right,M,M,midfield,AM,CM,4,"AM, CM, DM, M",low,heuristic_stats,3.0,4.0,22.0,10.0,7.0,1.3237,1.7771,2.5722244100000005,3.0,3.0,1.0,1.0,760.0,644.0,256.0,224.0,504.0,420.0,30.0,56.0,33.0,84.0,19.0,1091.0,32.0,34.0,212.0,1864.451513139811,18.0,385.788444659646,295.690613123862,628.4854164102724,18.0,255.0,20.0,15.0,,9.0,13.0,,7.0,166.0,73.0,106.0,8.0,5.0,24.0,75.0,15.0,17.0,1.0,,29.0,33.0,4.0,,,,,,,,,,,,,,,,,,,20.184278350515463,20.0,0.1997422680412371,62.79032258064516,69.10850694444444,84.73684210526316,0.1739690721649484,0.2319587628865979,1.2757731958762886,0.5798969072164949,0.4059278350515464,0.0767609536082474,0.1030534793814433,0.1491624980025773,0.1739690721649484,0.0579896907216494,44.07216494845361,37.345360824742265,14.845360824742269,12.989690721649485,29.22680412371134,24.355670103092784,1.7396907216494846,3.247422680412371,1.913659793814433,4.871134020618556,1.1018041237113405,63.26675257731959,1.855670103092784,1.9716494845360824,12.293814432989691,108.11896661248902,1.0438144329896908,22.37175258979906,17.147007204347666,36.44567492069879,1.0438144329896908,14.78737113402062,1.1597938144329898,0.8698453608247423,0.5219072164948454,0.7538659793814433,0.4059278350515464,9.626288659793817,4.233247422680412,6.146907216494846,0.4639175257731959,0.2899484536082474,1.3917525773195876,4.349226804123711,0.8698453608247423,0.9858247422680412,,1.681701030927835,1.913659793814433,0.2319587628865979,,,,,,43.97590361445784,62.5,44.11764705882353,0.0579896907216494,,,,,,,,,,,,,0.1739690721649484,0.0579896907216494,,,,54.8939,55.6776,55.0375,56.499,8.5956,11.1281,34.0,6.0,1.0,5.0,28.0,9.0,25.0,0.0,1.0,5.0,0.0,0.1765,0.0294,0.1471,0.8235,0.2647,0.7353,0.0,0.0294,0.1471,0.0,mid_central,Central/Mixed,season_collapsed_average_positions_v13,54.8939,55.6776,0.0579896907216494,1.170480058986077,0.0115829923477521,3.6411913867642167,4.007580943943299,3.183280283505155,3.228726804123711,3.191607603092784,3.276359536082474,0.4984561855670102,0.6453150773195876,1.9716494845360824,0.3479381443298969,0.0579896907216494,0.2899484536082474,1.6237113402061856,0.5219072164948454,1.449742268041237,0.0,0.0579896907216494,0.2899484536082474,0.0,3.183280283505155,3.228726804123711,M,AM,AM,M,AM,AM,CM,CM,Central Midfield,V12 used season-collapsed spatial evidence because it was coherent with role-score evidence.,"v6_scores={'W': 2.461, 'ST': 0.366, 'SS': 2.618, 'DM': 1.895, 'CM': 2.685, 'AM': 2.352, 'CB': -0.147, 'FB': 2.356, 'WB': 2.17}; spatial=CM; spatial_strength=0.72; source_family=MID; spatial_is_coherent=True",0.85,True,arbitrated_role_group,CM,CM,Advanced Playmaker,Midfield Playmaker,76.93,0.5387,0.708,589,,5,6,0,0,"key_passes_per90, xa_per90, passes_opposition_half_total_per90, long_balls_accurate_per90, dribbles_attempted_per90",,"first touch, technique, vision, flair, decisions, composure",CM,0.7195823373013216,0.46300559008289266,0.7608483131572492,0.6287971904182807,0.4435396122399214,0.5058307413374296,0.7608483131572492,0.6287971904182807,0.9465359285714285,1.0,0.6861373226695356,0.8949750223586432,Midfielder,CM,Central,Advanced Playmaker,Midfielder
1100399,Ozan Kökçü,Ozan Kökçü,2025-26,VriendenLoterij Eredivisie,FC Volendam,1,VriendenLoterij Eredivisie,1,FC Volendam,32,1578.0,1998-08-18,27.0,2026-05-20,Azerbaijan,176.0,Right,M,M,midfield,M,AM,5,"M, AM, WM, F, W",low,heuristic_base,1.0,2.0,19.0,3.0,7.0,1.3153,0.2796,2.54201575,3.0,1.0,2.0,2.0,522.0,450.0,203.0,181.0,319.0,269.0,31.0,30.0,20.0,62.0,14.0,772.0,24.0,23.0,140.0,1280.95972907478,15.0,308.00749210043296,233.52192152487905,290.42554295346633,10.0,170.0,14.0,8.0,,13.0,19.0,,12.0,85.0,51.0,49.0,5.0,9.0,9.0,68.0,9.0,4.0,,,13.0,19.0,2.0,,,,,,,,,,,,,,,,,,,16.459442332065905,7.0,0.1812420785804816,58.43356643356643,71.79946043165468,86.20689655172414,0.0570342205323193,0.1140684410646387,1.0836501901140685,0.1711026615969581,0.3992395437262357,0.0750171102661596,0.0159467680608365,0.1449818868821293,0.1711026615969581,0.1140684410646387,29.771863117870723,25.665399239543728,11.577946768060835,10.32319391634981,18.19391634980989,15.342205323193916,1.768060836501901,1.7110266159695815,1.1406844106463878,3.536121673003802,0.7984790874524715,44.03041825095057,1.368821292775665,1.311787072243346,7.984790874524715,73.0585396810711,0.8555133079847909,17.566967230062716,13.318740771380932,16.564194465026596,0.5703422053231939,9.695817490494296,0.7984790874524715,0.4562737642585551,0.7414448669201521,1.0836501901140685,0.6844106463878327,4.847908745247148,2.908745247148289,2.79467680608365,0.2851711026615969,0.5133079847908745,0.5133079847908745,3.87832699619772,0.5133079847908745,0.2281368821292775,,0.7414448669201521,1.0836501901140685,0.1140684410646387,,,,,,60.0,180.0,39.130434782608695,,,,,,,,,,,,,,0.0570342205323193,0.1140684410646387,,,,55.6217,63.8613,55.4234,65.696,5.8961,10.4438,28.0,13.0,0.0,13.0,15.0,5.0,23.0,0.0,2.0,11.0,0.0,0.4643,0.0,0.4643,0.5357,0.1786,0.8214,0.0,0.0714,0.3929,0.0,mid_central,Left,season_collapsed_average_positions_v13,55.6217,63.8613,0.0570342205323193,0.93875146380604,0.0103370006794951,3.332712914461964,4.095026260360533,3.172340304182509,3.642279467680608,3.1610304182509505,3.7469201520912554,0.3362794676806083,0.5956539923954373,1.596958174904943,0.7414448669201521,0.0,0.7414448669201521,0.8555133079847909,0.2851711026615969,1.311787072243346,0.0,0.1140684410646387,0.6273764258555133,0.0,3.172340304182509,3.642279467680608,M,M,M,M,M,M,CM,CM,Central Midfield,V12 used season-collapsed spatial evidence because it was coherent with role-score evidence.,"v6_scores={'W': 2.157, 'ST': 0.33, 'SS': 2.359, 'DM': 1.633, 'CM': 2.011, 'AM': 2.18, 'CB': 0.462, 'FB': 2.125, 'WB': 1.868}; spatial=CM; spatial_strength=0.72; source_family=None; spatial_is_coherent=True",0.85,True,arbitrated_role_group,CM,CM,Advanced Playmaker,Midfield Playmaker,59.32,0.1865,0.708,589,,5,6,0,0,"key_passes_per90, xa_per90, passes_opposition_half_total_per90, long_balls_accurate_per90, dribbles_attempted_per90",,"first touch, technique, vision, flair, decisions, composure",CM,0.7111729457242488,0.48784488279091015,0.6708167053904572,0.7999566744585902,0.4795765898252984,0.506035127315256,0.6708167053904572,0.7999566744585902,0.8907461428571428,1.0,0.6832480507003643,0.8939778962977769,Midfielder,CM,Central,Advanced Playmaker,Midfielder
1546231,Joshua King,Joshua King,2025-26,Premier League,Fulham,1,Premier League,1,Fulham,34,1292.0,2007-01-03,19.0,2026-05-20,England,172.0,Right,M,M,midfield,M,CM,4,"M, CM, DM, AM",low,heuristic_base,1.0,2.0,25.0,10.0,10.0,2.3744,2.0643,0.6396666999999999,,3.0,2.0,1.0,342.0,273.0,114.0,97.0,228.0,176.0,14.0,8.0,3.0,11.0,,592.0,39.0,37.0,150.0,1678.539115467958,24.0,575.371861962965,379.075784847739,668.1889656606276,19.0,166.0,26.0,13.0,,3.0,14.0,1.0,9.0,140.0,75.0,75.0,2.0,3.0,18.0,56.0,16.0,8.0,,1.0,12.0,30.0,4.0,,,,,2.17,4.75,1.56,0.61,0.18,,,,,,,,,,15.0015479876161,24.0,0.2321981424148606,67.33,67.15625,79.82456140350877,0.0696594427244582,0.1393188854489164,1.741486068111455,0.6965944272445821,0.6965944272445821,0.1653993808049535,0.1437979876160991,0.0445588258513931,,0.1393188854489164,23.823529411764707,19.01702786377709,7.9411764705882355,6.756965944272446,15.882352941176473,12.260061919504643,0.9752321981424148,0.5572755417956656,0.2089783281733746,0.7662538699690402,,41.23839009287926,2.71671826625387,2.5773993808049536,10.448916408668731,116.92609937470296,1.671826625386997,40.080083263674034,26.40620792283012,46.54567098255146,1.3235294117647058,11.56346749226006,1.811145510835913,0.9055727554179568,0.2089783281733746,0.9752321981424148,0.6269349845201239,9.75232198142415,5.224458204334366,5.224458204334366,0.1393188854489164,0.2089783281733746,1.2538699690402475,3.90092879256966,1.1145510835913313,0.5572755417956656,0.0696594427244582,0.8359133126934984,2.0897832817337463,0.2786377708978328,0.1511609907120742,0.3308823529411764,0.1086687306501548,0.0424922600619195,0.0125386996904024,53.57142857142857,150.0,43.24324324324324,,,,,,,,,,,,,,0.2089783281733746,0.0696594427244582,,,0.0696594427244582,56.9109,49.2538,55.7611,46.1147,9.4938,14.3477,31.0,7.0,3.0,4.0,24.0,10.0,21.0,0.0,2.0,5.0,0.0,0.2258,0.0968,0.129,0.7742,0.3226,0.6774,0.0,0.0645,0.1613,0.0,mid_central,Central/Mixed,season_collapsed_average_positions_v13,56.9109,49.2538,0.0696594427244582,1.044999472821555,0.0161747932022735,4.690170278637771,4.678066950464396,3.964381578947368,3.43099226006192,3.8842871517027855,3.212324303405573,0.6613328173374613,0.9994527863777088,2.1594427244582044,0.4876160990712074,0.2089783281733746,0.2786377708978328,1.671826625386997,0.6965944272445821,1.4628482972136223,0.0,0.1393188854489164,0.348297213622291,0.0,3.964381578947368,3.43099226006192,M,M,M,M,M,M,CM,CM,Central Midfield,V12 used season-collapsed spatial evidence because it was coherent with role-score evidence.,"v6_scores={'W': 2.079, 'ST': 1.171, 'SS': 1.526, 'DM': 1.313, 'CM': 2.32, 'AM': 1.562, 'CB': 0.252, 'FB': 1.969, 'WB': 2.072}; spatial=CM; spatial_strength=0.72; source_family=None; spatial_is_coherent=True",0.85,True,arbitrated_role_group,CM,CM,Pressing Central Midfielder,Advanced Playmaker,32.6,-0.348,1.0,589,,4,4,1,1,"tackles_total_per90, tackles_won_per90, recoveries_per90, interceptions_per90",distance_running_km_per90,"aggression, work rate, anticipation",CM,0.7735121759854449,0.34749893143729405,0.7548881774324403,0.8144849728020551,0.2764920587808249,0.5037140512815262,0.7548881774324403,0.8144849728020551,0.9502794999999999,1.0,0.6820342336613265,0.8935588132754511,Midfielder,CM,Central,Pressing Central Midfielder,Midfielder
1126779,Williot Swedberg,Williot Swedberg,2025-26,La Liga,Celta Vigo,1,La Liga,1,Celta Vigo,30,1203.0,2004-02-01,22.0,2026-05-20,Sweden,185.0,Right,M,F,attack,F,M,4,"F, M, CM, ST",low,heuristic_base,5.0,5.0,21.0,12.0,3.0,3.5627000000000004,4.8387,1.30834909,4.0,3.0,6.0,,281.0,217.0,93.0,72.0,188.0,145.0,10.0,7.0,3.0,7.0,2.0,494.0,25.0,27.0,124.0,1219.8409293301293,19.0,308.4577228677763,215.4745708878676,285.6213512291729,18.0,133.0,28.0,19.0,,4.0,7.0,,8.0,160.0,73.0,93.0,2.0,2.0,14.0,31.0,10.0,16.0,,,29.0,33.0,2.0,,,,,,,,,,,,,,,,,,,21.334995843724023,19.0,0.3649210307564422,59.041002277904326,66.84162303664921,77.22419928825623,0.3740648379052369,0.3740648379052369,1.571072319201995,0.8977556109725686,0.2244389027431421,0.2665361596009975,0.3619975062344139,0.0978814780548628,0.2992518703241895,0.4488778054862843,21.02244389027432,16.23441396508728,6.957605985037406,5.386533665835412,14.064837905236908,10.84788029925187,0.7481296758104738,0.5236907730673317,0.2244389027431421,0.5236907730673317,0.1496259351620947,36.95760598503741,1.8703241895261848,2.0199501246882794,9.276807980049876,91.25991990000966,1.4214463840399003,23.076637621030645,16.120292086374135,21.368180889963057,1.346633416458853,9.950124688279304,2.0947630922693268,1.4214463840399003,0.2992518703241895,0.5236907730673317,0.5985037406483791,11.970074812967582,5.461346633416459,6.957605985037406,0.1496259351620947,0.1496259351620947,1.0473815461346634,2.319201995012469,0.7481296758104738,1.1970074812967582,,2.169576059850374,2.468827930174564,0.1496259351620947,,,,,,45.625,100.0,37.03703703703704,,,,,,,,,,,,,,0.2244389027431421,,,,,59.3693,64.8462,59.4426,67.9088,9.6239,15.4771,28.0,15.0,1.0,14.0,13.0,9.0,19.0,0.0,6.0,9.0,0.0,0.5357,0.0357,0.5,0.4643,0.3214,0.6786,0.0,0.2143,0.3214,0.0,mid_central,Left,season_collapsed_average_positions_v13,59.3693,64.8462,0.0748129675810473,1.5961343523983058,0.0273008252436241,4.417032589369401,5.000620177305428,4.441593516209476,4.851336658354114,4.447077306733167,5.080458852867831,0.719992518703242,1.1578877805486285,2.0947630922693268,1.1221945137157108,0.0748129675810473,1.0473815461346634,0.972568578553616,0.6733167082294265,1.4214463840399003,0.0,0.4488778054862843,0.6733167082294265,0.0,4.441593516209476,4.851336658354114,M,F,F,M,F,F,CM,CM,Central Midfield,V12 used season-collapsed spatial evidence because it was coherent with role-score evidence.,"v6_scores={'W': 1.536, 'ST': 1.465, 'SS': 1.58, 'DM': 1.235, 'CM': 2.013, 'AM': 1.565, 'CB': 0.197, 'FB': 1.629, 'WB': 1.654}; spatial=CM; spatial_strength=0.72; source_family=ATT; spatial_is_coherent=True",0.85,True,arbitrated_role_group,CM,CM,Pressing Central Midfielder,Advanced Playmaker,40.71,-0.1858,0.85,589,,4,4,0,1,"tackles_total_per90, tackles_won_per90, recoveries_per90, interceptions_per90",,"aggression, work rate, anticipation",CM,0.7092273479842871,0.47749096135660335,0.664198463861851,0.8082908930536465,0.4573096277850587,0.5218898952140015,0.664198463861851,0.8082908930536465,0.8959767142857143,1.0,0.6796973486490695,0.8927516811085962,Midfielder,CM,Central,Pressing Central Midfielder,Midfielder
1418623,Assan Ouédraogo,Assan Ouédraogo,2025-26,Bundesliga,RB Leipzig,1,Bundesliga,1,RB Leipzig,19,974.0,2006-05-09,20.0,2026-05-20,Germany,192.0,Right,M,M,midfield,M,AM,2,"M, AM",low,heuristic_base,4.0,3.0,27.0,13.0,6.0,2.3929,2.9553000000000003,1.85789275,6.0,2.0,1.0,1.0,297.0,247.0,109.0,92.0,188.0,155.0,14.0,18.0,10.0,4.0,1.0,481.0,27.0,26.0,65.0,694.6628466134355,13.0,257.2140196787116,152.4911840022038,335.95534934424086,22.0,116.0,8.0,7.0,,3.0,11.0,,10.0,90.0,50.0,48.0,3.0,6.0,7.0,52.0,14.0,3.0,,,4.0,22.0,,,,,,,,,,,,,,,,,,,,16.79158110882957,20.0,0.0831622176591375,73.71604938271605,67.9651307596513,83.16498316498317,0.3696098562628336,0.2772073921971252,2.494866529774128,1.2012320328542094,0.5544147843942505,0.2211098562628336,0.2730770020533881,0.1716738680698152,0.5544147843942505,0.0924024640657084,27.4435318275154,22.82340862422998,10.071868583162216,8.501026694045175,17.371663244353183,14.322381930184806,1.2936344969199178,1.6632443531827514,0.9240246406570842,0.3696098562628336,0.0924024640657084,44.44558521560575,2.494866529774128,2.402464065708419,6.006160164271047,64.1885587219807,1.2012320328542094,23.76720921055857,14.090561150100967,31.04310209546373,2.0328542094455853,10.718685831622176,0.7392197125256673,0.6468172484599589,0.2772073921971252,1.0164271047227926,0.9240246406570842,8.316221765913758,4.620123203285421,4.435318275154004,0.2772073921971252,0.5544147843942505,0.6468172484599589,4.804928131416838,1.2936344969199178,0.2772073921971252,,0.3696098562628336,2.0328542094455853,,,,,,,55.55555555555556,200.0,53.84615384615385,,,,,,,,,,,,,,0.1848049281314168,0.0924024640657084,,,,56.1047,45.9575,57.4269,42.3686,7.9758,12.325,19.0,3.0,2.0,1.0,16.0,4.0,15.0,0.0,2.0,1.0,0.0,0.1579,0.1053,0.0526,0.8421,0.2105,0.7895,0.0,0.1053,0.0526,0.0,mid_central,Central/Mixed,season_collapsed_average_positions_v13,56.1047,45.9575,0.0924024640657084,1.5515834700150526,0.007684393828873,6.811544604152407,6.280145552739853,5.184212525667351,4.246586242299795,5.306387063655031,3.9149630390143737,0.7369835728952772,1.1388603696098565,1.75564681724846,0.2772073921971252,0.1848049281314168,0.0924024640657084,1.4784394250513346,0.3696098562628336,1.3860369609856262,0.0,0.1848049281314168,0.0924024640657084,0.0,5.184212525667351,4.246586242299795,M,M,M,M,M,M,CM,CM,Central Midfield,V12 used season-collapsed spatial evidence because it was coherent with role-score evidence.,"v6_scores={'W': 1.511, 'ST': 1.698, 'SS': 2.427, 'DM': 1.261, 'CM': 2.146, 'AM': 2.345, 'CB': 0.883, 'FB': 1.393, 'WB': 1.349}; spatial=CM; spatial_strength=0.72; source_family=None; spatial_is_coherent=True",0.85,True,arbitrated_role_group,CM,CM,Advanced Playmaker,Midfield Playmaker,57.68,0.1536,0.708,589,,5,6,0,0,"key_passes_per90, xa_per90, passes_opposition_half_total_per90, long_balls_accurate_per90, dribbles_attempted_per90",,"first touch, technique, vision, flair, decisions, composure",CM,0.6910534284148251,0.5060134786489242,0.65392385682835,0.7727384859050704,0.4978593961374521,0.523952460174163,0.65392385682835,0.7727384859050704,0.9062173571428571,1.0,0.6791962740449187,0.8925785647679616,Midfielder,CM,Central,Advanced Playmaker,Midfielder
988839,Marley Aké,Marley Aké,2025-26,Pro League,SV Zulte Waregem,1,Pro League,1,SV Zulte Waregem,30,1746.0,2001-01-05,25.0,2026-05-20,France,177.0,Right,M,M,midfield,M,DM,5,"M, DM, AM, F, ST",low,heuristic_base,8.0,0.0,48.0,17.0,19.0,5.666299999999999,5.916899999999999,2.12396296,1.0,8.0,4.0,1.0,386.0,294.0,113.0,92.0,273.0,202.0,16.0,33.0,15.0,53.0,13.0,779.0,32.0,46.0,189.0,1767.44005086997,28.0,494.13998307542886,301.7542977909728,544.6337661115793,19.0,218.0,26.0,15.0,,12.0,10.0,,12.0,165.0,93.0,87.0,9.0,9.0,23.0,49.0,22.0,12.0,,,11.0,36.0,1.0,,1.0,,,,,,,,,,,,,,,,,14.384306987399771,39.0,0.2176403207331042,58.078947368421055,81.8250773993808,76.16580310880829,0.4123711340206185,0.0,2.4742268041237114,0.8762886597938144,0.979381443298969,0.2920773195876288,0.3049948453608247,0.1094826268041237,0.0515463917525773,0.2061855670103092,19.89690721649485,15.154639175257731,5.824742268041237,4.742268041237113,14.072164948453608,10.41237113402062,0.8247422680412371,1.7010309278350515,0.7731958762886598,2.731958762886598,0.6701030927835051,40.154639175257735,1.649484536082474,2.3711340206185567,9.742268041237113,91.10515726133866,1.443298969072165,25.471133148217984,15.55434524695736,28.07390546966904,0.979381443298969,11.237113402061857,1.3402061855670102,0.7731958762886598,0.6185567010309279,0.5154639175257731,0.6185567010309279,8.505154639175258,4.793814432989691,4.484536082474227,0.4639175257731959,0.4639175257731959,1.1855670103092784,2.525773195876289,1.134020618556701,0.6185567010309279,,0.5670103092783505,1.855670103092784,0.0515463917525773,,,,,,56.36363636363637,100.0,47.82608695652174,,,,,,,,,,,,,,0.4123711340206185,0.0515463917525773,,0.0515463917525773,,60.6123,58.0802,60.0877,63.3476,7.8421,20.3748,30.0,17.0,5.0,12.0,13.0,12.0,18.0,0.0,7.0,10.0,0.0,0.5667,0.1667,0.4,0.4333,0.4,0.6,0.0,0.2333,0.3333,0.0,mid_central,Central/Mixed,season_collapsed_average_positions_v13,60.6123,58.0802,0.0515463917525773,0.7414591230618439,0.0112185732336651,2.9937601736299517,4.217787494813444,3.1243453608247425,2.9938247422680413,3.09730412371134,3.265340206185567,0.4042319587628866,1.0502474226804124,1.5463917525773196,0.8762886597938144,0.2577319587628865,0.6185567010309279,0.6701030927835051,0.6185567010309279,0.9278350515463918,0.0,0.3608247422680412,0.5154639175257731,0.0,3.1243453608247425,2.9938247422680413,M,M,M,M,M,M,CM,CM,Central Midfield,V12 used season-collapsed spatial evidence because it was coherent with role-score evidence.,"v6_scores={'W': 2.626, 'ST': 1.69, 'SS': 1.788, 'DM': 1.241, 'CM': 1.85, 'AM': 1.815, 'CB': 0.047, 'FB': 2.182, 'WB': 2.352}; spatial=CM; spatial_strength=0.72; source_family=None; spatial_is_coherent=True",0.85,True,arbitrated_role_group,CM,CM,Advanced Playmaker,Pressing Central Midfielder,39.99,-0.2002,0.708,589,,5,6,0,0,"key_passes_per90, xa_per90, passes_opposition_half_total_per90, long_balls_accurate_per90, dribbles_attempted_per90",,"first touch, technique, vision, flair, decisions, composure",CM,0.7354510521073937,0.4244312539228266,0.6913839786854346,0.8323986136357037,0.38413407050832343,0.5130850574347335,0.6913839786854346,0.8323986136357037,0.8950436428571429,1.0,0.6783327999047102,0.8922802005266603,Midfielder,CM,Central,Advanced Playmaker,Midfielder
996932,Pablo Gozálbez,Pablo Gozálbez,2025-26,Liga Portugal Betclic,FC Arouca,1,Liga Portugal Betclic,1,FC Arouca,31,1089.0,2001-04-30,25.0,2026-05-20,Spain,170.0,Right,M,M,midfield,M,AM,3,"M, AM, DM",low,heuristic_base,1.0,2.0,21.0,7.0,9.0,2.1572,1.9218,2.09500825,7.0,4.0,5.0,1.0,304.0,228.0,110.0,88.0,194.0,140.0,19.0,29.0,10.0,27.0,6.0,518.0,20.0,22.0,105.0,746.65223152816,7.0,127.9599417501426,92.2631858343589,313.46446974620085,6.0,141.0,26.0,18.0,,7.0,9.0,,7.0,138.0,71.0,79.0,12.0,8.0,27.0,42.0,9.0,13.0,,,24.0,28.0,4.0,,,,,,,,,,,,,,,,,,,21.713498622589533,10.0,0.2589531680440771,72.00709219858156,69.8736059479554,75.0,0.0826446280991735,0.1652892561983471,1.7355371900826446,0.5785123966942148,0.743801652892562,0.1782809917355372,0.1588264462809917,0.1731411776859504,0.5785123966942148,0.4132231404958678,25.12396694214876,18.84297520661157,9.090909090909092,7.272727272727272,16.03305785123967,11.570247933884298,1.5702479338842976,2.396694214876033,0.8264462809917356,2.231404958677686,0.4958677685950413,42.8099173553719,1.6528925619834711,1.818181818181818,8.677685950413224,61.70679599406281,0.5785123966942148,10.575201797532449,7.625056680525528,25.90615452447941,0.4958677685950413,11.652892561983473,2.1487603305785123,1.487603305785124,0.5785123966942148,0.743801652892562,0.5785123966942148,11.40495867768595,5.867768595041323,6.528925619834711,0.9917355371900828,0.6611570247933884,2.231404958677686,3.471074380165289,0.743801652892562,1.0743801652892562,,1.983471074380165,2.31404958677686,0.3305785123966942,,,,,,51.44927536231884,66.66666666666667,40.90909090909091,,,,,,,,,,,,,,0.3305785123966942,0.0826446280991735,,,,56.6012,46.542,56.6232,48.3262,9.5074,16.2153,28.0,12.0,8.0,4.0,16.0,8.0,19.0,1.0,2.0,9.0,0.0,0.4286,0.2857,0.1429,0.5714,0.2857,0.6786,0.0357,0.0714,0.3214,0.0,mid_central,Central/Mixed,season_collapsed_average_positions_v13,56.6012,46.542,0.0826446280991735,1.7945040183958292,0.0214010882681055,5.950999355254674,5.774678177516975,4.677785123966943,3.846446280991736,4.679603305785124,3.993900826446281,0.7857355371900827,1.340107438016529,2.31404958677686,0.9917355371900828,0.6611570247933884,0.3305785123966942,1.322314049586777,0.6611570247933884,1.5702479338842976,0.0826446280991735,0.1652892561983471,0.743801652892562,0.0,4.677785123966943,3.846446280991736,M,M,M,M,M,M,CM,CM,Central Midfield,V12 used season-collapsed spatial evidence because it was coherent with role-score evidence.,"v6_scores={'W': 1.792, 'ST': 1.065, 'SS': 2.445, 'DM': 1.82, 'CM': 2.029, 'AM': 2.393, 'CB': 0.28, 'FB': 2.245, 'WB': 1.763}; spatial=CM; spatial_strength=0.72; source_family=None; spatial_is_coherent=True",0.85,True,arbitrated_role_group,CM,CM,Advanced Playmaker,Pressing Central Midfielder,59.83,0.1966,0.708,589,,5,6,0,0,"key_passes_per90, xa_per90, passes_opposition_half_total_per90, long_balls_accurate_per90, dribbles_attempted_per90",,"first touch, technique, vision, flair, decisions, composure",CM,0.6661128067085517,0.533935288696352,0.6430762109587422,0.7167933173581327,0.5165972827234174,0.5720789018368083,0.6430762109587422,0.7167933173581327,0.9025918571428572,1.0,0.6734680818845203,0.8905982441490847,Midfielder,CM,Central,Advanced Playmaker,Midfielder
1010383,Jon Ander Olasagasti,Jon Ander Olasagasti,2025-26,La Liga,Levante UD,1,La Liga,1,Levante UD,34,1670.0,2000-08-16,25.0,2026-05-20,Spain,176.0,Left,M,M,midfield,AM,M,6,"AM, M, W, DM, WM, CM",low,heuristic_stats,1.0,5.0,26.0,8.0,9.0,1.8544,2.0443,3.04221159,6.0,3.0,,1.0,644.0,485.0,231.0,199.0,413.0,286.0,35.0,71.0,29.0,102.0,21.0,1004.0,21.0,24.0,167.0,1364.4449536568231,21.0,357.00249077186095,174.6259233418669,612.3214004949881,18.0,297.0,27.0,14.0,,12.0,23.0,1.0,16.0,176.0,98.0,92.0,36.0,29.0,24.0,77.0,12.0,19.0,,,20.0,30.0,3.0,1.0,,,,,,,,,,,,,,,,,,23.75868263473054,8.0,0.1676646706586826,67.34642857142858,76.17274472168906,75.31055900621118,0.0538922155688622,0.2694610778443114,1.401197604790419,0.4311377245508982,0.4850299401197604,0.0999377245508982,0.1101718562874251,0.1639515228143712,0.3233532934131736,,34.706586826347305,26.1377245508982,12.449101796407186,10.724550898203592,22.25748502994012,15.41317365269461,1.88622754491018,3.8263473053892216,1.562874251497006,5.497005988023952,1.1317365269461075,54.10778443113772,1.1317365269461075,1.2934131736526946,9.0,73.53296157431981,1.1317365269461075,19.239655191297896,9.41097790465151,32.99935691290355,0.9700598802395208,16.005988023952096,1.4550898203592817,0.7544910179640718,0.6467065868263473,1.2395209580838322,0.8622754491017964,9.48502994011976,5.281437125748503,4.958083832335329,1.9401197604790417,1.562874251497006,1.2934131736526946,4.149700598802395,0.6467065868263473,1.0239520958083832,,1.0778443113772456,1.6167664670658684,0.1616766467065868,,,,,,55.68181818181818,80.55555555555556,50.0,,,,,,,,,,,,,,0.1616766467065868,0.0538922155688622,0.0538922155688622,,0.0538922155688622,55.384,50.3383,55.1522,50.6902,8.9391,14.8817,32.0,10.0,5.0,5.0,22.0,9.0,23.0,0.0,2.0,8.0,0.0,0.3125,0.1562,0.1562,0.6875,0.2812,0.7188,0.0,0.0625,0.25,0.0,mid_central,Central/Mixed,season_collapsed_average_positions_v13,55.384,50.3383,0.0538922155688622,1.2804080461830831,0.00903582057442,3.629448246364414,4.105117979013182,2.9847664670658687,2.71284251497006,2.972274251497006,2.731807185628742,0.4817479041916168,0.8020077844311377,1.7245508982035929,0.5389221556886228,0.2694610778443114,0.2694610778443114,1.18562874251497,0.4850299401197604,1.2395209580838322,0.0,0.1077844311377245,0.4311377245508982,0.0,2.9847664670658687,2.71284251497006,M,AM,AM,M,AM,AM,CM,CM,Central Midfield,V12 used season-collapsed spatial evidence because it was coherent with role-score evidence.,"v6_scores={'W': 2.264, 'ST': 0.494, 'SS': 2.697, 'DM': 2.017, 'CM': 2.492, 'AM': 2.504, 'CB': 1.339, 'FB': 2.429, 'WB': 2.108}; spatial=CM; spatial_strength=0.72; source_family=MID; spatial_is_coherent=True",0.85,True,arbitrated_role_group,CM,CM,Advanced Playmaker,Midfield Playmaker,68.95,0.379,0.708,589,,5,6,0,0,"key_passes_per90, xa_per90, passes_opposition_half_total_per90, long_balls_accurate_per90, dribbles_attempted_per90",,"first touch, technique, vision, flair, decisions, composure",CM,0.7420558047786143,0.37601656318658194,0.7331792988444698,0.7615841178337323,0.3314069416415804,0.4741577305855853,0.7331792988444698,0.7615841178337323,0.9376711428571428,1.0,0.67205217280355,0.8901083779783027,Midfielder,CM,Central,Advanced Playmaker,Midfielder
1162051,Gustavo Klismahn,Gustavo Klismahn,2025-26,Liga Portugal Betclic,Santa Clara,1,Liga Portugal Betclic,1,Santa Clara,18,1109.0,1999-11-23,26.0,2026-05-20,Brazil,179.0,Left,M,M,midfield,AM,F,5,"AM, F, M, DM, W",low,heuristic_base,1.0,1.0,13.0,3.0,7.0,0.7723,0.8458,2.26089165,5.0,1.0,2.0,,314.0,220.0,97.0,82.0,217.0,138.0,18.0,38.0,14.0,45.0,16.0,543.0,33.0,25.0,147.0,1155.0549209297171,11.0,222.551253031575,194.5795054257751,532.674829053935,8.0,182.0,20.0,13.0,,11.0,11.0,,4.0,118.0,60.0,58.0,7.0,12.0,7.0,40.0,12.0,8.0,1.0,,22.0,16.0,2.0,,,,,,,,,,,,,,,,,,,25.19747520288548,77.0,0.0126239855725879,76.0,74.77412935323383,70.06369426751593,0.0811541929666366,0.0811541929666366,1.055004508566276,0.2434625788999098,0.5680793507664562,0.0626753832281334,0.0686402164111812,0.1834808372407574,0.405770964833183,0.1623083859332732,25.482416591523897,17.853922452660054,7.871956717763751,6.654643823264202,17.610459873760146,11.199278629395852,1.460775473399459,3.083859332732191,1.1361587015329124,3.651938683498648,1.2984670874661857,44.06672678088368,2.678088367899008,2.0288548241659154,11.929666366095582,93.73754994019345,0.8926961226330027,18.06096733349121,15.790942730676068,43.22879586551321,0.6492335437330928,14.770063119927864,1.623083859332732,1.055004508566276,0.8926961226330027,0.8926961226330027,0.3246167718665464,9.57619477006312,4.869251577998196,4.706943192064923,0.5680793507664562,0.9738503155996392,0.5680793507664562,3.2461677186654643,0.9738503155996392,0.6492335437330928,,1.7853922452660054,1.2984670874661857,0.1623083859332732,,,,,,50.84745762711864,171.42857142857142,48.0,0.0811541929666366,,,,,,,,,,,,,0.0811541929666366,,,,,56.5471,50.5504,56.0502,46.5497,5.7592,16.1903,16.0,6.0,3.0,3.0,10.0,3.0,13.0,0.0,2.0,4.0,0.0,0.375,0.1875,0.1875,0.625,0.1875,0.8125,0.0,0.125,0.25,0.0,mid_central,Central/Mixed,season_collapsed_average_positions_v13,56.5471,50.5504,0.0811541929666366,2.0448807648870093,0.0010244893611658,6.167718665464382,6.068234122444585,4.589034265103697,4.102376916140667,4.548708746618575,3.777703336339044,0.4673832281334535,1.3139107303877366,1.2984670874661857,0.4869251577998196,0.2434625788999098,0.2434625788999098,0.8115419296663661,0.2434625788999098,1.055004508566276,0.0,0.1623083859332732,0.3246167718665464,0.0,4.589034265103697,4.102376916140667,M,AM,AM,M,AM,AM,CM,CM,Central Midfield,V12 used season-collapsed spatial evidence because it was coherent with role-score evidence.,"v6_scores={'W': 2.376, 'ST': 0.266, 'SS': 2.366, 'DM': 1.953, 'CM': 2.034, 'AM': 2.18, 'CB': 0.269, 'FB': 2.326, 'WB': 2.171}; spatial=CM; spatial_strength=0.72; source_family=MID; spatial_is_coherent=True",0.85,True,arbitrated_role_group,CM,CM,Advanced Playmaker,Pressing Central Midfielder,61.96,0.2391,0.708,589,,5,6,0,0,"key_passes_per90, xa_per90, passes_opposition_half_total_per90, long_balls_accurate_per90, dribbles_attempted_per90",,"first touch, technique, vision, flair, decisions, composure",CM,0.6984249672944024,0.459929753822161,0.6447017789791607,0.8166159815879345,0.4401884129684095,0.5033607037004144,0.6447017789791607,0.8166159815879345,0.9088412142857143,1.0,0.6700104902445029,0.8894017554431369,Midfielder,CM,Central,Advanced Playmaker,Midfielder
930273,Olinho,Olinho,2025-26,Liga Portugal Betclic,Rio Ave,1,Liga Portugal Betclic,1,Rio Ave,34,1731.0,2001-04-05,25.0,2026-05-20,Germany,184.0,Right,M,F,attack,F,M,4,"F, M, CM, W",low,heuristic_base,1.0,1.0,24.0,7.0,10.0,1.322,1.1654,0.91829327,3.0,1.0,2.0,3.0,490.0,426.0,213.0,195.0,277.0,231.0,15.0,23.0,12.0,34.0,6.0,806.0,36.0,52.0,143.0,1240.3769170800836,19.0,349.3749510249344,238.02186872181,480.8487000970441,20.0,186.0,26.0,17.0,,9.0,18.0,,7.0,185.0,89.0,101.0,11.0,12.0,14.0,71.0,21.0,20.0,1.0,,18.0,31.0,2.0,,1.0,,,,,,,,,,,,,,,,,17.1894858463316,80.0,0.1813980358174465,56.71656050955414,70.10832659660468,86.93877551020408,0.0519930675909878,0.0519930675909878,1.2478336221837087,0.363951473136915,0.5199306759098787,0.0687348353552859,0.0605927209705372,0.0477448840554592,0.1559792027729636,0.1039861351819757,25.47660311958405,22.14904679376083,11.074523396880416,10.138648180242637,14.40207972270364,12.010398613518198,0.779896013864818,1.1958405545927209,0.6239168110918544,1.7677642980935877,0.3119584055459272,41.90641247833622,1.8717504332755632,2.703639514731369,7.4350086655112655,64.49100088804593,0.9878682842287696,18.165075443237487,12.37548710858631,25.00079896518427,1.0398613518197577,9.670710571923744,1.3518197573656845,0.8838821490467937,0.4679376083188908,0.9358752166377816,0.363951473136915,9.618717504332755,4.62738301559792,5.251299826689775,0.5719237435008665,0.6239168110918544,0.7279029462738301,3.6915077989601386,1.0918544194107451,1.0398613518197577,,0.9358752166377816,1.611785095320624,0.1039861351819757,,,,,,48.108108108108105,109.0909090909091,40.38461538461539,0.0519930675909878,,,,,,,,,,,,,0.0519930675909878,0.1559792027729636,,0.0519930675909878,,54.9194,53.6507,54.78,54.8429,7.2728,15.1281,31.0,10.0,2.0,8.0,21.0,6.0,25.0,0.0,0.0,10.0,0.0,0.3226,0.0645,0.2581,0.6774,0.1935,0.8065,0.0,0.0,0.3226,0.0,mid_central,Central/Mixed,season_collapsed_average_positions_v13,54.9194,53.6507,0.0519930675909878,0.8937340994626481,0.0094314403371289,2.948867964101602,3.6451469634283193,2.855428076256499,2.789464471403813,2.8481802426343155,2.8514506065857885,0.3781351819757366,0.7865563258232235,1.611785095320624,0.5199306759098787,0.1039861351819757,0.4159445407279029,1.0918544194107451,0.3119584055459272,1.2998266897746966,0.0,0.0,0.5199306759098787,0.0,2.855428076256499,2.789464471403813,M,F,F,M,F,F,CM,CM,Central Midfield,V12 used season-collapsed spatial evidence because it was coherent with role-score evidence.,"v6_scores={'W': 2.064, 'ST': 0.551, 'SS': 1.307, 'DM': 1.523, 'CM': 1.965, 'AM': 1.234, 'CB': 0.019, 'FB': 2.017, 'WB': 1.851}; spatial=CM; spatial_strength=0.72; source_family=ATT; spatial_is_coherent=True",0.85,True,arbitrated_role_group,CM,CM,Advanced Playmaker,Pressing Central Midfielder,26.31,-0.4739,0.708,589,,5,6,0,0,"key_passes_per90, xa_per90, passes_opposition_half_total_per90, long_balls_accurate_per90, dribbles_attempted_per90",,"first touch, technique, vision, flair, decisions, composure",CM,0.6750517434952807,0.4901674074633254,0.6416315997937304,0.7485760596386916,0.4886309267106744,0.4935476651191575,0.6416315997937304,0.7485760596386916,0.9262900714285714,1.0,0.667914195379604,0.8886759170185624,Midfielder,CM,Central,Advanced Playmaker,Midfielder
973556,Julio Enciso,Julio Enciso,2025-26,Ligue 1,RC Strasbourg,1,Ligue 1,1,RC Strasbourg,28,1892.0,2004-01-23,22.0,2026-05-20,Paraguay,173.0,Right,M,M,midfield,AM,ST,7,"AM, ST, CM, W, F, DM, SS",medium,heuristic_stats,3.0,6.0,61.0,22.0,21.0,7.598400000000001,5.5983,5.2782791200000005,9.0,9.0,5.0,1.0,636.0,532.0,224.0,204.0,412.0,328.0,29.0,20.0,14.0,59.0,21.0,1081.0,44.0,96.0,282.0,2838.845055991964,52.0,1072.398119903713,518.205704620196,1414.1774730840589,39.0,278.0,21.0,10.0,,7.0,8.0,,19.0,243.0,118.0,128.0,16.0,12.0,21.0,69.0,54.0,8.0,1.0,,20.0,31.0,2.0,,,,,,,,,,,,,,,,,,,21.002114164904864,19.0,0.0591966173361522,65.23214285714286,77.41478260869565,83.64779874213836,0.1427061310782241,0.2854122621564482,2.90169133192389,1.0465116279069768,0.9989429175475688,0.361446088794926,0.2663039112050739,0.2510809306553911,0.4281183932346723,0.2378435517970401,30.25369978858351,25.306553911205075,10.6553911205074,9.704016913319238,19.59830866807611,15.602536997885837,1.379492600422833,0.9513742071881608,0.6659619450317125,2.806553911205074,0.9989429175475688,51.42177589852008,2.0930232558139537,4.5665961945031714,13.414376321353066,135.0401982237192,2.473572938689218,51.01259555567345,24.65037706967105,67.27059861393515,1.855179704016913,13.224101479915433,0.9989429175475688,0.4756871035940803,0.3329809725158562,0.3805496828752642,0.9038054968287528,11.559196617336152,5.613107822410148,6.088794926004228,0.7610993657505285,0.5708245243128964,0.9989429175475688,3.2822410147991543,2.568710359408034,0.3805496828752642,,0.9513742071881608,1.474630021141649,0.095137420718816,,,,,,48.55967078189301,75.0,56.25,0.047568710359408,,,,,,,,,,,,,0.4281183932346723,0.047568710359408,,,,60.1815,55.2913,60.6342,55.7386,7.169,14.4762,27.0,10.0,2.0,8.0,17.0,11.0,16.0,0.0,3.0,7.0,0.0,0.3704,0.0741,0.2963,0.6296,0.4074,0.5926,0.0,0.1111,0.2593,0.0,mid_central,Central/Mixed,season_collapsed_average_positions_v13,60.1815,55.2913,0.047568710359408,0.9990434856455802,0.0028159067443201,3.1030089096949567,3.682521371449581,2.8627563424947144,2.630135835095137,2.8842906976744187,2.651413319238901,0.3410200845665961,0.6886141649048626,1.284355179704017,0.4756871035940803,0.095137420718816,0.3805496828752642,0.8086680761099366,0.5232558139534884,0.7610993657505285,0.0,0.1427061310782241,0.3329809725158562,0.0,2.8627563424947144,2.630135835095137,M,AM,AM,M,AM,AM,CM,CM,Central Midfield,V12 used season-collapsed spatial evidence because it was coherent with role-score evidence.,"v6_scores={'W': 3.914, 'ST': 2.085, 'SS': 2.917, 'DM': 1.111, 'CM': 2.464, 'AM': 2.744, 'CB': 0.226, 'FB': 2.495, 'WB': 3.055}; spatial=CM; spatial_strength=0.72; source_family=MID; spatial_is_coherent=True",0.85,True,arbitrated_role_group,CM,CM,Advanced Playmaker,Midfield Playmaker,65.39,0.3077,0.708,589,,5,6,0,0,"key_passes_per90, xa_per90, passes_opposition_half_total_per90, long_balls_accurate_per90, dribbles_attempted_per90",,"first touch, technique, vision, flair, decisions, composure",CM,0.6671713613537195,0.4897943887255161,0.6358301673842235,0.7361219880866107,0.46260996623403466,0.5496001182067752,0.6358301673842235,0.7361219880866107,0.9536120714285714,1.0,0.666269057921064,0.8881060674231525,Ball Progressor,CM,Central,Advanced Playmaker,Ball Progressor
1146013,Hugo Félix,Hugo Félix,2025-26,Liga Portugal Betclic,Tondela,1,Liga Portugal Betclic,1,Tondela,28,1340.0,2004-03-03,22.0,2026-05-20,Portugal,170.0,Right,M,M,midfield,AM,DM,7,"AM, DM, M, F, W, WM, ST",low,heuristic_stats,,1.0,29.0,9.0,9.0,3.2367000000000004,2.0438,1.3469729899999998,2.0,4.0,1.0,2.0,530.0,442.0,181.0,167.0,349.0,275.0,26.0,56.0,38.0,77.0,18.0,808.0,27.0,20.0,173.0,1419.6206334472722,13.0,286.949374538538,230.524825732986,358.26478200292763,13.0,205.0,8.0,3.0,,8.0,10.0,,13.0,106.0,61.0,60.0,6.0,5.0,13.0,64.0,7.0,11.0,1.0,,13.0,42.0,2.0,,2.0,1.0,,,,,,,,,,,,,,,,20.28283582089552,79.0,0.2582089552238806,53.89595375722544,75.24324324324324,83.39622641509433,,0.0671641791044776,1.9477611940298507,0.6044776119402985,0.6044776119402985,0.2173902985074627,0.1372701492537313,0.0904683351492537,0.1343283582089552,0.0671641791044776,35.59701492537314,29.686567164179102,12.156716417910449,11.21641791044776,23.44029850746269,18.470149253731343,1.7462686567164178,3.7611940298507465,2.5522388059701493,5.1716417910447765,1.208955223880597,54.26865671641791,1.8134328358208955,1.3432835820895523,11.619402985074627,95.34765448526456,0.8731343283582089,19.2727191854242,15.483010683558762,24.06255998527126,0.8731343283582089,13.76865671641791,0.5373134328358209,0.2014925373134328,0.5373134328358209,0.6716417910447762,0.8731343283582089,7.119402985074627,4.097014925373134,4.029850746268656,0.4029850746268656,0.3358208955223881,0.8731343283582089,4.298507462686567,0.4701492537313433,0.7388059701492538,,0.8731343283582089,2.82089552238806,0.1343283582089552,,,,,,57.54716981132076,83.33333333333333,35.0,0.0671641791044776,,,,,,,,,,,,0.0671641791044776,0.2686567164179104,0.1343283582089552,,0.1343283582089552,,59.9335,52.9603,61.0382,54.1299,7.4613,8.6256,26.0,0.0,0.0,0.0,26.0,12.0,14.0,0.0,0.0,0.0,0.0,0.0,0.0,0.0,1.0,0.4615,0.5385,0.0,0.0,0.0,0.0,mid_central,Central/Mixed,season_collapsed_average_positions_v13,59.9335,52.9603,0.0671641791044776,1.362280017821341,0.0173423925150367,3.6198774911569327,5.053650665590964,4.025384328358209,3.557035074626865,4.099580597014925,3.6355902985074624,0.5011320895522388,0.5793313432835822,1.7462686567164178,0.0,0.0,0.0,1.7462686567164178,0.8059701492537313,0.9402985074626866,0.0,0.0,0.0,0.0,4.025384328358209,3.557035074626865,M,AM,AM,M,AM,AM,CM,CM,Central Midfield,V12 used season-collapsed spatial evidence because it was coherent with role-score evidence.,"v6_scores={'W': 2.192, 'ST': 1.104, 'SS': 2.412, 'DM': 1.565, 'CM': 2.27, 'AM': 2.351, 'CB': 0.341, 'FB': 2.023, 'WB': 1.847}; spatial=CM; spatial_strength=0.72; source_family=MID; spatial_is_coherent=True",0.85,True,arbitrated_role_group,CM,CM,Advanced Playmaker,Midfield Playmaker,63.63,0.2726,0.708,589,,5,6,0,0,"key_passes_per90, xa_per90, passes_opposition_half_total_per90, long_balls_accurate_per90, dribbles_attempted_per90",,"first touch, technique, vision, flair, decisions, composure",CM,0.7006108367908424,0.4317890890213294,0.7443841178674386,0.6043096184223306,0.3965359249356575,0.5093460500098076,0.7443841178674386,0.6043096184223306,0.9146198571428571,1.0,0.6635646732738797,0.8871688832401307,Midfielder,CM,Central,Advanced Playmaker,Midfielder
1100646,Martim Neto,Martim Neto,2025-26,La Liga,Elche,1,La Liga,1,Elche,34,1352.0,2003-01-14,23.0,2026-05-20,Portugal,185.0,Right,M,M,midfield,AM,CM,4,"AM, CM, M, W",low,heuristic_base,2.0,5.0,12.0,4.0,6.0,0.8371,1.3258,2.66698175,4.0,1.0,,,602.0,529.0,204.0,179.0,398.0,350.0,25.0,21.0,11.0,34.0,10.0,836.0,32.0,31.0,172.0,1692.988630128505,20.0,440.348081382347,300.517705798667,272.5266172225972,16.0,162.0,21.0,12.0,,2.0,13.0,,3.0,110.0,58.0,62.0,2.0,5.0,8.0,58.0,21.0,11.0,,1.0,18.0,11.0,3.0,,,,,,,,,,,,,,,,,,,16.89423076923077,16.0,0.2307692307692307,48.60897435897436,70.26565656565657,87.87375415282392,0.1331360946745562,0.3328402366863905,0.7988165680473372,0.2662721893491124,0.3994082840236686,0.0557241124260355,0.0882559171597633,0.1775357673816568,0.2662721893491124,,40.07396449704142,35.21449704142012,13.579881656804734,11.91568047337278,26.49408284023669,23.298816568047336,1.6642011834319526,1.3979289940828403,0.7322485207100592,2.263313609467456,0.665680473372781,55.650887573964496,2.1301775147929,2.0636094674556213,11.449704142011834,112.69894727186794,1.331360946745562,29.313111926339666,20.00487686529588,18.14156475594212,1.0650887573964498,10.784023668639051,1.3979289940828403,0.7988165680473372,0.1331360946745562,0.8653846153846154,0.1997041420118343,7.322485207100592,3.86094674556213,4.127218934911243,0.1331360946745562,0.3328402366863905,0.5325443786982249,3.86094674556213,1.3979289940828403,0.7322485207100592,0.0665680473372781,1.198224852071006,0.7322485207100592,0.1997041420118343,,,,,,52.72727272727273,250.0,67.74193548387096,,,,,,,,,,,,,,0.0665680473372781,,,,,55.7395,47.3901,55.8042,45.9051,7.7378,14.7902,25.0,7.0,3.0,4.0,18.0,6.0,19.0,0.0,1.0,6.0,0.0,0.28,0.12,0.16,0.72,0.24,0.76,0.0,0.04,0.24,0.0,mid_central,Central/Mixed,season_collapsed_average_positions_v13,55.7395,47.3901,0.0665680473372781,1.1246159535730542,0.0153618570778334,3.235804506144743,4.6774475524475525,3.710469674556213,3.154666420118343,3.714776627218935,3.055812869822485,0.5150902366863905,0.9845547337278108,1.6642011834319526,0.4659763313609467,0.1997041420118343,0.2662721893491124,1.198224852071006,0.3994082840236686,1.264792899408284,0.0,0.0665680473372781,0.3994082840236686,0.0,3.710469674556213,3.154666420118343,M,AM,AM,M,AM,AM,CM,CM,Central Midfield,V12 used season-collapsed spatial evidence because it was coherent with role-score evidence.,"v6_scores={'W': 2.344, 'ST': 0.279, 'SS': 2.63, 'DM': 1.504, 'CM': 2.693, 'AM': 2.269, 'CB': -0.441, 'FB': 2.617, 'WB': 2.164}; spatial=CM; spatial_strength=0.72; source_family=MID; spatial_is_coherent=True",0.85,True,arbitrated_role_group,CM,CM,Advanced Playmaker,Midfield Playmaker,70.93,0.4187,0.708,589,,5,6,0,0,"key_passes_per90, xa_per90, passes_opposition_half_total_per90, long_balls_accurate_per90, dribbles_attempted_per90",,"first touch, technique, vision, flair, decisions, composure",CM,0.6560264540554939,0.4940686682560695,0.65038631888936,0.668434751420988,0.47475981615550167,0.5365481428773187,0.65038631888936,0.668434751420988,0.9391346428571429,1.0,0.6600311551404603,0.8859435651391445,Midfielder,CM,Central,Advanced Playmaker,Midfielder
1440948,Can Uzun,Can Uzun,2025-26,Bundesliga,Eintracht Frankfurt,1,Bundesliga,1,Eintracht Frankfurt,23,1172.0,2005-11-11,20.0,2026-05-20,Türkiye,186.0,Both,M,M,midfield,AM,M,3,"AM, M, DM",low,heuristic_base,8.0,4.0,41.0,19.0,11.0,3.9255,5.7657,2.97689693,4.0,1.0,,1.0,593.0,484.0,175.0,156.0,418.0,328.0,20.0,43.0,25.0,24.0,5.0,864.0,39.0,40.0,137.0,1189.842263461576,14.0,267.595832466805,137.066439274204,367.555840735945,25.0,217.0,15.0,9.0,,2.0,5.0,,12.0,127.0,63.0,75.0,3.0,6.0,5.0,56.0,16.0,9.0,,,15.0,26.0,3.0,,,,,,,,,,,,,,,,,,,15.286689419795222,42.0,0.1186006825938566,62.460431654676256,68.83118405627198,81.61888701517707,0.6143344709897611,0.3071672354948805,3.148464163822525,1.4590443686006829,0.8447098976109215,0.3014462457337884,0.4427585324232082,0.2286013000853242,0.3071672354948805,,45.53754266211604,37.16723549488054,13.438566552901024,11.97952218430034,32.098976109215016,25.187713310580204,1.5358361774744027,3.302047781569966,1.919795221843004,1.843003412969284,0.3839590443686007,66.3481228668942,2.9948805460750854,3.0716723549488054,10.52047781569966,91.37013968561592,1.075085324232082,20.549168022194923,10.52557980774604,28.225277872214207,1.919795221843004,16.66382252559727,1.151877133105802,0.6911262798634812,0.1535836177474402,0.3839590443686007,0.9215017064846416,9.752559726962458,4.837883959044369,5.7593856655290105,0.2303754266211604,0.4607508532423208,0.3839590443686007,4.300341296928328,1.2286689419795225,0.6911262798634812,,1.151877133105802,1.9965870307167235,0.2303754266211604,,,,,,49.60629921259842,200.0,40.0,,,,,,,,,,,,,,0.0767918088737201,0.0767918088737201,,,,59.7215,45.3885,58.902,43.7947,6.3207,13.5183,21.0,5.0,4.0,1.0,16.0,9.0,12.0,0.0,3.0,2.0,0.0,0.2381,0.1905,0.0476,0.7619,0.4286,0.5714,0.0,0.1429,0.0952,0.0,mid_central,Central/Mixed,season_collapsed_average_positions_v13,59.7215,45.3885,0.0767918088737201,1.1738925322368343,0.0091075609500401,4.796449529795958,5.285671130601091,4.5861220136518765,3.4854650170648465,4.523191126279864,3.363074232081911,0.4853779863481229,1.0380947098976108,1.6126279863481228,0.3839590443686007,0.3071672354948805,0.0767918088737201,1.2286689419795225,0.6911262798634812,0.9215017064846416,0.0,0.2303754266211604,0.1535836177474402,0.0,4.5861220136518765,3.4854650170648465,M,AM,AM,M,AM,AM,CM,CM,Central Midfield,V12 used season-collapsed spatial evidence because it was coherent with role-score evidence.,"v6_scores={'W': 2.257, 'ST': 2.08, 'SS': 3.065, 'DM': 1.504, 'CM': 2.716, 'AM': 2.825, 'CB': 0.054, 'FB': 2.138, 'WB': 1.943}; spatial=CM; spatial_strength=0.72; source_family=MID; spatial_is_coherent=True",0.85,True,arbitrated_role_group,CM,CM,Advanced Playmaker,Midfield Playmaker,83.64,0.6729,0.708,589,,5,6,0,0,"key_passes_per90, xa_per90, passes_opposition_half_total_per90, long_balls_accurate_per90, dribbles_attempted_per90",,"first touch, technique, vision, flair, decisions, composure",CM,0.614026322686616,0.5688050268343532,0.6238044318704289,0.5925144824822276,0.5314392427191736,0.6510097518877482,0.6238044318704289,0.5925144824822276,0.9428883571428571,1.0,0.6594545599962223,0.8857435326412407,Midfielder,CM,Central,Advanced Playmaker,Midfielder
966637,Fran Pérez,Fran Pérez,2025-26,La Liga,Rayo Vallecano,1,La Liga,1,Rayo Vallecano,34,1249.0,2002-09-09,23.0,2026-05-20,Spain,176.0,Right,M,M,midfield,M,CM,4,"M, CM, AM, W",low,heuristic_base,2.0,1.0,17.0,8.0,6.0,2.2365000000000004,1.4865,1.39997677,3.0,3.0,6.0,1.0,304.0,250.0,111.0,94.0,193.0,156.0,13.0,10.0,5.0,48.0,7.0,554.0,36.0,30.0,151.0,1791.8308749319383,25.0,653.182447837426,343.13627773740296,675.9607641839696,16.0,167.0,15.0,11.0,,2.0,7.0,,5.0,111.0,45.0,83.0,,1.0,19.0,85.0,14.0,14.0,,,18.0,15.0,4.0,,,,,,,,,,,,,,,,,,,18.919935948759008,21.0,0.3626901521216973,53.03973509933775,68.071608040201,82.23684210526316,0.144115292233787,0.0720576461168935,1.2249799839871898,0.5764611689351481,0.4323458767013611,0.1611569255404323,0.1071136909527622,0.1008790306645316,0.2161729383506805,0.4323458767013611,21.905524419535627,18.014411529223377,7.99839871897518,6.77341873498799,13.907125700560448,11.240992794235389,0.9367493995196156,0.7205764611689351,0.3602882305844676,3.458767013610889,0.5044035228182546,39.91993594875901,2.5940752602081667,2.1617293835068057,10.88070456365092,129.1151150871693,1.801441152922338,47.06678967603551,24.72559247106987,48.70814153447338,1.1529223378702962,12.033626901521217,1.0808646917534028,0.7926341072858286,0.144115292233787,0.5044035228182546,0.3602882305844676,7.99839871897518,3.2425940752602083,5.980784627702162,,0.0720576461168935,1.3690952762209767,6.124899919935949,1.0088070456365092,1.0088070456365092,,1.2970376301040831,1.0808646917534028,0.288230584467574,,,,,,40.54054054054054,,46.66666666666666,,,,,,,,,,,,,,0.2161729383506805,0.0720576461168935,,,,58.5825,50.1315,57.8381,51.8071,8.732,28.8566,29.0,26.0,13.0,13.0,3.0,9.0,20.0,0.0,8.0,18.0,0.0,0.8966,0.4483,0.4483,0.1034,0.3103,0.6897,0.0,0.2759,0.6207,0.0,mid_central,Central/Mixed,season_collapsed_average_positions_v13,58.5825,50.1315,0.0720576461168935,1.3633260491499686,0.0261345986316675,3.821918461921856,4.905079842768687,4.221317053642914,3.6123578863090473,4.167677341873499,3.733097678142514,0.6292073658927141,2.0793386709367496,2.089671737389912,1.8734987990392316,0.9367493995196156,0.9367493995196156,0.2161729383506805,0.6485188150520417,1.4411529223378703,0.0,0.5764611689351481,1.2970376301040831,0.0,4.221317053642914,3.6123578863090473,M,M,M,M,M,M,CM,CM,Central Midfield,V12 used season-collapsed spatial evidence because it was coherent with role-score evidence.,"v6_scores={'W': 3.055, 'ST': 0.681, 'SS': 1.62, 'DM': 1.441, 'CM': 2.346, 'AM': 1.546, 'CB': -0.564, 'FB': 2.718, 'WB': 2.726}; spatial=CM; spatial_strength=0.72; source_family=None; spatial_is_coherent=True",0.85,True,arbitrated_role_group,CM,CM,Advanced Playmaker,Pressing Central Midfielder,38.73,-0.2254,0.708,589,,5,6,0,0,"key_passes_per90, xa_per90, passes_opposition_half_total_per90, long_balls_accurate_per90, dribbles_attempted_per90",,"first touch, technique, vision, flair, decisions, composure",CM,0.6752719768898203,0.5095814943741678,0.6093205128611691,0.820365197752853,0.4626306954052967,0.6128732521056843,0.6093205128611691,0.820365197752853,0.7754147857142857,1.0,0.6586084019125468,0.8854499392671896,Ball Progressor,CM,Central,Advanced Playmaker,Ball Progressor
1214957,Noe Lebreton,Noe Lebreton,2025-26,VriendenLoterij Eredivisie,NEC Nijmegen,1,VriendenLoterij Eredivisie,1,NEC Nijmegen,27,1432.0,2004-04-22,22.0,2026-05-20,France,178.0,Right,M,F,attack,ST,AM,5,"ST, AM, M, CM, SS",low,heuristic_stats,5.0,4.0,40.0,17.0,14.0,5.872199999999999,6.4427,2.15386764,2.0,4.0,2.0,2.0,456.0,373.0,107.0,94.0,349.0,279.0,29.0,26.0,12.0,14.0,4.0,830.0,55.0,34.0,222.0,2174.40981913633,37.0,821.9630054057329,351.3629182830088,825.181895331839,37.0,205.0,36.0,18.0,,10.0,23.0,,10.0,243.0,108.0,136.0,59.0,28.0,43.0,66.0,18.0,17.0,,,27.0,26.0,4.0,,1.0,,,,,,,,,,,,,,,,,24.73882681564245,20.0,0.1110335195530726,63.57861635220126,75.33243967828419,81.79824561403508,0.3142458100558659,0.2513966480446927,2.5139664804469275,1.068435754189944,0.8798882681564246,0.3690628491620111,0.4049182960893855,0.1353687762569832,0.1256983240223463,0.1256983240223463,28.65921787709497,23.4427374301676,6.7248603351955305,5.907821229050279,21.93435754189944,17.53491620111732,1.8226256983240223,1.6340782122905029,0.7541899441340782,0.8798882681564246,0.2513966480446927,52.16480446927374,3.456703910614525,2.136871508379888,13.952513966480447,136.65983500158498,2.325418994413408,51.65968609393573,22.082864975887425,51.861990628397706,2.325418994413408,12.884078212290502,2.2625698324022347,1.1312849162011174,0.6284916201117319,1.4455307262569832,0.6284916201117319,15.272346368715084,6.787709497206704,8.547486033519553,3.708100558659218,1.7597765363128492,2.702513966480447,4.148044692737431,1.1312849162011174,1.068435754189944,,1.696927374301676,1.6340782122905029,0.2513966480446927,,,,,,44.44444444444444,47.45762711864407,52.94117647058823,,,,,,,,,,,,,,0.2513966480446927,0.1256983240223463,,0.0628491620111731,,59.8499,61.5912,58.8632,60.14,7.1893,9.0455,22.0,6.0,0.0,6.0,16.0,5.0,17.0,0.0,3.0,3.0,0.0,0.2727,0.0,0.2727,0.7273,0.2273,0.7727,0.0,0.1364,0.1364,0.0,mid_central,Central/Mixed,season_collapsed_average_positions_v13,59.8499,61.5912,0.0628491620111731,1.5548145345026685,0.0069783636590618,3.9958627595657217,4.734580706037414,3.761516061452514,3.8709553072625695,3.6995027932960896,3.779748603351956,0.4518414804469274,0.568502094972067,1.38268156424581,0.3770949720670391,0.0,0.3770949720670391,1.005586592178771,0.3142458100558659,1.068435754189944,0.0,0.1885474860335195,0.1885474860335195,0.0,3.761516061452514,3.8709553072625695,M,ST,ST,M,ST,ST,CM,CM,Central Midfield,V12 used season-collapsed spatial evidence because it was coherent with role-score evidence.,"v6_scores={'W': 2.357, 'ST': 2.148, 'SS': 2.663, 'DM': 1.805, 'CM': 2.871, 'AM': 2.615, 'CB': 1.714, 'FB': 2.408, 'WB': 2.427}; spatial=CM; spatial_strength=0.72; source_family=ATT; spatial_is_coherent=True",0.85,True,arbitrated_role_group,CM,CM,Advanced Playmaker,Pressing Central Midfielder,63.76,0.2752,0.708,589,,5,6,0,0,"key_passes_per90, xa_per90, passes_opposition_half_total_per90, long_balls_accurate_per90, dribbles_attempted_per90",,"first touch, technique, vision, flair, decisions, composure",CM,0.7260288804618592,0.35584535799931233,0.6932721783963319,0.798093625006019,0.3494262989877863,0.3699672878246694,0.6932721783963319,0.798093625006019,0.9454807142857142,1.0,0.6582686110952111,0.8853320265309863,Ball Progressor,CM,Central,Advanced Playmaker,Ball Progressor
