player_id,player_name,profile_name,season,league,team,leagues_played_count,leagues_played_list,teams_played_count,teams_played_list,matches,minutes_played,date_of_birth,age,age_as_of,nationality,height_cm,preferred_foot,player_position,base_position,role_family,primary_role_position,secondary_role_position,positions_played_count,positions_played_list,position_confidence,position_source,goals,assists,shots_total,shots_on_target,shots_off_target,xg,xgot,xa,big_chances_created,big_chance_missed,offsides,hit_woodwork,passes_total,passes_accurate,passes_own_half_total,passes_own_half_accurate,passes_opposition_half_total,passes_opposition_half_accurate,key_passes,long_balls_total,long_balls_accurate,crosses_total,crosses_accurate,touches,unsuccessful_touches,dribbles_attempted,carries,carry_distance,progressive_carries,progressive_carry_distance,best_carry_progression,total_progression,dispossessed,possession_lost,tackles_total,tackles_won,last_man_tackles,interceptions,clearances,clearance_off_line,blocked_shots,duels_total,duels_won,duels_lost,aerial_duels_total,aerial_duels_won,aerial_duels_lost,recoveries,dribbles_won,challenges_lost,errors_leading_to_shot,errors_leading_to_goal,fouls_committed,fouls_drawn,yellow_cards,red_cards,penalties_won,penalties_conceded,penalties_faced,distance_walking_km,distance_jogging_km,distance_running_km,distance_high_speed_running_km,distance_sprinting_km,gk_saves,gk_saves_inside_box,gk_xgot_faced,gk_goals_prevented,gk_goals_prevented_raw,gk_high_claims,gk_punches,gk_sweeper_total,gk_sweeper_accurate,MW,shirt_number,is_substitute,sub_on_minute,sub_off_minute,pass_accuracy_pct,goals_per90,assists_per90,shots_total_per90,shots_on_target_per90,shots_off_target_per90,xg_per90,xgot_per90,xa_per90,big_chances_created_per90,offsides_per90,passes_total_per90,passes_accurate_per90,passes_own_half_total_per90,passes_own_half_accurate_per90,passes_opposition_half_total_per90,passes_opposition_half_accurate_per90,key_passes_per90,long_balls_total_per90,long_balls_accurate_per90,crosses_total_per90,crosses_accurate_per90,touches_per90,unsuccessful_touches_per90,dribbles_attempted_per90,carries_per90,carry_distance_per90,progressive_carries_per90,progressive_carry_distance_per90,best_carry_progression_per90,total_progression_per90,dispossessed_per90,possession_lost_per90,tackles_total_per90,tackles_won_per90,interceptions_per90,clearances_per90,blocked_shots_per90,duels_total_per90,duels_won_per90,duels_lost_per90,aerial_duels_total_per90,aerial_duels_won_per90,aerial_duels_lost_per90,recoveries_per90,dribbles_won_per90,challenges_lost_per90,errors_leading_to_goal_per90,fouls_committed_per90,fouls_drawn_per90,yellow_cards_per90,distance_walking_km_per90,distance_jogging_km_per90,distance_running_km_per90,distance_high_speed_running_km_per90,distance_sprinting_km_per90,duel_win_pct,aerial_win_pct,dribble_success_pct,penalties_faced_per90,gk_saves_per90,gk_saves_inside_box_per90,gk_xgot_faced_per90,gk_goals_prevented_per90,gk_goals_prevented_raw_per90,gk_sweeper_total_per90,gk_sweeper_accurate_per90,errors_leading_to_shot_per90,penalties_conceded_per90,gk_high_claims_per90,gk_punches_per90,last_man_tackles_per90,hit_woodwork_per90,red_cards_per90,big_chance_missed_per90,penalties_won_per90,clearance_off_line_per90,season_avg_x,season_avg_y,season_median_x,season_median_y,season_std_x,season_std_y,spatial_matches_used,spatial_wide_matches,spatial_right_matches,spatial_left_matches,spatial_central_matches,spatial_high_matches,spatial_mid_matches,spatial_deep_matches,spatial_high_wide_matches,spatial_mid_wide_matches,spatial_deep_central_matches,spatial_wide_pct,spatial_right_pct,spatial_left_pct,spatial_central_pct,spatial_high_pct,spatial_mid_pct,spatial_deep_pct,spatial_high_wide_pct,spatial_mid_wide_pct,spatial_deep_central_pct,season_position_zone,spatial_dominant_side,position_context_source,avg_x,avg_y,leagues_played_count_per90,MW_per90,is_substitute_per90,sub_on_minute_per90,sub_off_minute_per90,season_avg_x_per90,season_avg_y_per90,season_median_x_per90,season_median_y_per90,season_std_x_per90,season_std_y_per90,spatial_matches_used_per90,spatial_wide_matches_per90,spatial_right_matches_per90,spatial_left_matches_per90,spatial_central_matches_per90,spatial_high_matches_per90,spatial_mid_matches_per90,spatial_deep_matches_per90,spatial_high_wide_matches_per90,spatial_mid_wide_matches_per90,spatial_deep_central_matches_per90,avg_x_per90,avg_y_per90,profile_position_raw,match_position_mode,match_role_mode,profile_positions_played,match_positions_played,match_roles_played,arbitrated_position,arbitrated_role_group,arbitrated_lane,arbitration_reason,position_evidence,arbitrated_confidence,position_conflict_flag,role_source_column,role_source_value,role_model_family,primary_role,secondary_role,role_score,role_bvalue,confidence,cohort_size,warning,measured_metrics_available,measured_metrics_possible,partial_proxies_available,partial_proxies_possible,measured_inputs,partial_proxies,unmeasured_traits,_family,similarity_core,similarity_broad,similarity_z_core,similarity_percentile_core,similarity_z_broad,similarity_percentile_broad,similarity_z,similarity_percentile,similarity_spatial,similarity_role_bonus,similarity_raw,similarity,similarity_archetype,similarity_family,similarity_side,similarity_display_role,similarity_color_key
1121923,Antonio Nusa,Antonio Nusa,2025-26,Bundesliga,RB Leipzig,1,Bundesliga,1,RB Leipzig,28,1952.0,2005-04-17,21.0,2026-04-29,Norway,180.0,Right,F,F,attack,ST,W,4,"ST, W, AM, DM",medium,heuristic_stats,4.0,3.0,57.0,17.0,22.0,4.2213,2.6699000000000006,4.9376454700000005,8.0,3.0,1.0,4.0,572.0,450.0,120.0,109.0,452.0,341.0,31.0,32.0,17.0,63.0,13.0,1127.0,69.0,122.0,306.0,3270.31098815687,68.0,1296.525853356004,433.819104880848,1542.83587165888,36.0,345.0,23.0,13.0,,10.0,7.0,,18.0,279.0,156.0,126.0,6.0,5.0,17.0,93.0,66.0,8.0,2.0,,9.0,62.0,,,,,,,,,,,,,,,,,,,,16.698258196721312,7.0,0.0691598360655737,58.87407407407407,78.26767330130404,78.67132867132867,0.1844262295081967,0.1383196721311475,2.628073770491804,0.7838114754098361,1.014344262295082,0.1946296106557377,0.1230998975409836,0.2276578341700819,0.3688524590163934,0.0461065573770491,26.37295081967213,20.74795081967213,5.532786885245901,5.025614754098361,20.84016393442623,15.72233606557377,1.4293032786885247,1.475409836065574,0.7838114754098361,2.9047131147540983,0.5993852459016393,51.96209016393443,3.1813524590163933,5.625,14.10860655737705,150.78278121624913,3.1352459016393444,59.77834364858625,20.001905450448938,71.13485064000984,1.6598360655737705,15.906762295081966,1.0604508196721312,0.5993852459016393,0.4610655737704918,0.3227459016393442,0.8299180327868853,12.86372950819672,7.192622950819672,5.809426229508197,0.2766393442622951,0.2305327868852459,0.7838114754098361,4.287909836065574,3.043032786885246,0.3688524590163934,,0.4149590163934426,2.8586065573770494,,,,,,,55.913978494623656,83.33333333333333,54.09836065573771,,,,,,,,,0.0922131147540983,,,,,0.1844262295081967,,0.1383196721311475,,,62.7694,75.1556,62.105,75.0742,6.4521,4.6388,28.0,26.0,0.0,26.0,2.0,15.0,13.0,0.0,15.0,11.0,0.0,0.9286,0.0,0.9286,0.0714,0.5357,0.4643,0.0,0.5357,0.3929,0.0,high_left,Left,season_collapsed_average_positions_v13,62.7694,75.1556,0.0461065573770491,0.769899199643913,0.0031887219497446,2.71448087431694,3.6086529698347154,2.894080942622951,3.465165983606558,2.8634477459016394,3.461412909836066,0.297484118852459,0.2138790983606557,1.290983606557377,1.1987704918032789,0.0,1.1987704918032789,0.0922131147540983,0.6915983606557377,0.5993852459016393,0.0,0.6915983606557377,0.507172131147541,0.0,2.894080942622951,3.465165983606558,F,ST,ST,F,ST,ST,LW,AM-W,Left Wide Forward,V13 zone-distribution rescue selected winger from repeated wide/high-wide average positions.,"v6_scores={'W': 4.356, 'ST': 1.41, 'SS': 2.874, 'DM': 1.267, 'CM': 2.552, 'AM': 2.758, 'CB': -0.032, 'FB': 2.64, 'WB': 3.378}; wide_pct=0.93; high_wide_pct=0.54; right_pct=0.00; left_pct=0.93; spatial_n=28.0",0.82,True,arbitrated_role_group,AM-W,W,Inside Winger,Wide Forward,75.65,0.5129,0.729,198,,6,7,0,0,"dribbles_attempted_per90, progressive_carries_per90, shots_total_per90, xg_per90, key_passes_per90, xa_per90",,"technique, composure, teamwork, acceleration, agility",W,0.8715816100453011,0.660034907611348,0.8559264028099701,0.9060230659630292,0.646282803595161,0.6902895364469593,0.8559264028099701,0.9060230659630292,0.9449905714285715,1.0,0.8257826106373716,0.942480549032187,Playmaking Winger,W,Left,Inside Winger,Playmaking Winger
883537,Luis Díaz,Luis Díaz,2025-26,Bundesliga,FC Bayern München,1,Bundesliga,1,FC Bayern München,29,2285.0,1997-01-13,29.0,2026-04-29,Colombia,178.0,Right,M,M,midfield,AM,CM,3,"AM, CM, M",medium,heuristic_stats,15.0,13.0,82.0,34.0,25.0,14.1727,12.5773,7.0050157,14.0,14.0,20.0,1.0,1191.0,1024.0,273.0,245.0,918.0,779.0,64.0,50.0,39.0,43.0,6.0,1737.0,59.0,117.0,374.0,3753.4954535230463,69.0,1210.188143546319,405.9682151985493,1071.4102818297793,48.0,388.0,21.0,14.0,,14.0,2.0,,24.0,293.0,125.0,170.0,14.0,11.0,21.0,131.0,58.0,9.0,2.0,1.0,35.0,35.0,7.0,,2.0,,,,,,,,,,,,,,,,,14.862582056892778,14.0,0.0468271334792122,53.53271028037384,71.92405063291139,85.97816960537364,0.5908096280087527,0.5120350109409191,3.2297592997811817,1.3391684901531729,0.9846827133479212,0.5582245076586434,0.4953859956236323,0.2759087146608315,0.5514223194748359,0.787746170678337,46.91028446389497,40.332603938730855,10.7527352297593,9.649890590809628,36.15754923413567,30.682713347921226,2.5207877461706785,1.9693654266958425,1.536105032822757,1.6936542669584245,0.2363238512035011,68.41575492341357,2.323851203501094,4.608315098468271,14.7308533916849,147.84008350856638,2.7177242888402624,47.66605379394692,15.989995346988811,42.19996733684032,1.8905908096280089,15.282275711159738,0.8271334792122538,0.5514223194748359,0.5514223194748359,0.0787746170678337,0.9452954048140044,11.540481400437637,4.923413566739606,6.6958424507658645,0.5514223194748359,0.4332603938730853,0.8271334792122538,5.159737417943108,2.2844638949671774,0.3544857768052516,0.0393873085339168,1.3785557986870898,1.3785557986870898,0.2757111597374179,,,,,,42.66211604095563,78.57142857142857,49.57264957264957,,,,,,,,,0.0787746170678337,,,,,0.0393873085339168,,0.5514223194748359,0.0787746170678337,,65.0881,77.1373,64.3929,77.9365,4.338,4.8916,29.0,28.0,0.0,28.0,1.0,22.0,7.0,0.0,21.0,7.0,0.0,0.9655,0.0,0.9655,0.0345,0.7586,0.2414,0.0,0.7241,0.2414,0.0,high_left,Left,season_collapsed_average_positions_v13,65.0881,77.1373,0.0393873085339168,0.5853971050854924,0.0018443947541046,2.108509376469867,2.8328947732875385,2.5636450765864334,3.038230634573304,2.536263019693654,3.0697089715536103,0.1708621444201312,0.1926669584245076,1.1422319474835887,1.1028446389496718,0.0,1.1028446389496718,0.0393873085339168,0.8665207877461707,0.2757111597374179,0.0,0.8271334792122538,0.2757111597374179,0.0,2.5636450765864334,3.038230634573304,M,AM,AM,M,AM,AM,LW,AM-W,Left Wide Forward,V13 zone-distribution rescue selected winger from repeated wide/high-wide average positions.,"v6_scores={'W': 3.486, 'ST': 2.623, 'SS': 3.5, 'DM': 1.568, 'CM': 3.128, 'AM': 3.192, 'CB': 0.14, 'FB': 2.436, 'WB': 2.692}; wide_pct=0.97; high_wide_pct=0.72; right_pct=0.00; left_pct=0.97; spatial_n=29.0",0.82,True,arbitrated_role_group,AM-W,W,Inside Forward,Wide Forward,92.46,0.8493,0.567,198,,4,6,0,0,"shots_total_per90, xg_per90, goals_per90, dribbles_attempted_per90",,"composure, flair, vision, off the ball, pace",W,0.7540882197249857,0.7686533936201904,0.7420707266841978,0.7805267044147193,0.7647534772335949,0.7772332096707008,0.7420707266841978,0.7805267044147193,0.9611572142857143,1.0,0.7954374135854941,0.9322688618606554,Playmaking Winger,W,Left,Inside Forward,Playmaking Winger
868812,Vinicius Júnior,Vinicius Júnior,2025-26,La Liga,Real Madrid,1,La Liga,1,Real Madrid,32,2484.0,2000-07-12,25.0,2026-04-29,Brazil,176.0,Right,F,F,attack,ST,AM,5,"ST, AM, SS, F, M",medium,heuristic_stats,13.0,5.0,92.0,42.0,27.0,12.4655,11.5198,4.7673945,6.0,12.0,12.0,3.0,1024.0,858.0,136.0,115.0,888.0,743.0,62.0,50.0,34.0,56.0,9.0,1701.0,80.0,184.0,432.0,4751.573031690315,128.0,2291.502096296371,393.317289212546,2484.66581454685,40.0,456.0,28.0,15.0,,2.0,1.0,,23.0,362.0,181.0,185.0,,,6.0,81.0,83.0,11.0,1.0,,30.0,70.0,7.0,,4.0,,,,,,,,,,,,,,,,,17.386473429951693,7.0,0.0507246376811594,58.22222222222222,77.3442265795207,83.7890625,0.4710144927536231,0.181159420289855,3.333333333333333,1.5217391304347827,0.9782608695652174,0.4516485507246376,0.4173840579710144,0.1727316847826087,0.217391304347826,0.4347826086956521,37.10144927536232,31.08695652173913,4.927536231884058,4.166666666666667,32.17391304347826,26.920289855072465,2.246376811594203,1.8115942028985508,1.2318840579710144,2.028985507246377,0.3260869565217391,61.630434782608695,2.898550724637681,6.666666666666667,15.652173913043478,172.15844317718532,4.63768115942029,83.02543827160764,14.25062642074442,90.02412371546558,1.4492753623188406,16.52173913043478,1.0144927536231885,0.5434782608695652,0.072463768115942,0.036231884057971,0.8333333333333334,13.115942028985508,6.557971014492754,6.702898550724638,,,0.217391304347826,2.9347826086956523,3.0072463768115942,0.3985507246376811,,1.0869565217391304,2.536231884057971,0.2536231884057971,,,,,,50.0,,45.10869565217392,,,,,,,,,0.036231884057971,,,,,0.108695652173913,,0.4347826086956521,0.144927536231884,,70.8413,78.5048,71.318,79.9193,4.7582,5.2942,32.0,31.0,0.0,31.0,1.0,31.0,1.0,0.0,30.0,1.0,0.0,0.9688,0.0,0.9688,0.0312,0.9688,0.0312,0.0,0.9375,0.0312,0.0,high_left,Left,season_collapsed_average_positions_v13,70.8413,78.5048,0.036231884057971,0.6299446894910034,0.0018378491913463,2.109500805152979,2.802327049982634,2.5667137681159424,2.844376811594203,2.5839855072463767,2.8956268115942034,0.1723985507246377,0.1918188405797101,1.1594202898550725,1.1231884057971016,0.0,1.1231884057971016,0.036231884057971,1.1231884057971016,0.036231884057971,0.0,1.0869565217391304,0.036231884057971,0.0,2.5667137681159424,2.844376811594203,F,ST,ST,F,ST,ST,LW,AM-W,Left Wide Forward,V13 zone-distribution rescue selected winger from repeated wide/high-wide average positions.,"v6_scores={'W': 3.979, 'ST': 2.63, 'SS': 3.129, 'DM': 0.823, 'CM': 2.715, 'AM': 2.942, 'CB': -0.397, 'FB': 2.389, 'WB': 3.079}; wide_pct=0.97; high_wide_pct=0.94; right_pct=0.00; left_pct=0.97; spatial_n=32.0",0.82,True,arbitrated_role_group,AM-W,W,Wide Forward,Inside Forward,94.93,0.8986,0.567,198,,4,6,0,1,"shots_total_per90, xg_per90, dribbles_attempted_per90, progressive_carries_per90",,"off the ball, pace, acceleration, agility, anticipation",W,0.7659168501037434,0.6967247939555633,0.7320028274777127,0.840527699881011,0.688622969089461,0.7145488086609885,0.7320028274777127,0.840527699881011,0.8956658571428572,1.0,0.7743162777575192,0.9251255528637831,1v1 Winger,W,Left,Wide Forward,1v1 Winger
1085400,Nico Williams,Nico Williams,2025-26,La Liga,Athletic Club,1,La Liga,1,Athletic Club,23,1562.0,2002-07-12,23.0,2026-04-29,Spain,180.0,Right,M,M,midfield,AM,CM,3,"AM, CM, WM",medium,heuristic_stats,4.0,2.0,41.0,14.0,16.0,4.7938,4.9775,4.752608490000001,5.0,4.0,6.0,2.0,530.0,410.0,140.0,124.0,390.0,286.0,33.0,21.0,8.0,68.0,17.0,1027.0,70.0,140.0,241.0,2587.629479745795,45.0,811.390222885735,303.03119250037696,793.259638778841,29.0,356.0,15.0,9.0,,7.0,8.0,,11.0,262.0,112.0,150.0,6.0,6.0,10.0,82.0,64.0,17.0,,,20.0,27.0,1.0,,1.0,,,,,,,,,,,,,,,,,16.069142125480155,10.0,0.1261203585147247,50.47208121827411,75.41940928270043,77.35849056603773,0.2304737516005121,0.115236875800256,2.36235595390525,0.8066581306017926,0.9218950064020488,0.2762112676056338,0.2867957746478873,0.2738378771446863,0.2880921895006402,0.3457106274007682,30.53777208706786,23.623559539052497,8.066581306017925,7.144686299615877,22.471190781049938,16.47887323943662,1.9014084507042253,1.2099871959026889,0.4609475032010243,3.9180537772087054,0.9795134443021768,59.1741357234315,4.0332906530089625,8.066581306017925,13.886043533930858,149.09516848727372,2.592829705505762,46.75103717011277,17.460183946884715,45.70638123565666,1.6709346991037133,20.51216389244558,0.8642765685019206,0.5185659411011524,0.4033290653008963,0.4609475032010243,0.6338028169014085,15.096030729833547,6.453265044814341,8.642765685019207,0.3457106274007682,0.3457106274007682,0.5761843790012804,4.7247119078105,3.6875800256081934,0.9795134443021768,,1.1523687580025608,1.555697823303457,0.057618437900128,,,,,,42.74809160305343,100.0,45.71428571428572,,,,,,,,,,,,,,0.115236875800256,,0.2304737516005121,0.057618437900128,,66.3147,72.7243,65.5375,72.6118,5.1296,7.5373,23.0,17.0,0.0,17.0,6.0,19.0,4.0,0.0,13.0,4.0,0.0,0.7391,0.0,0.7391,0.2609,0.8261,0.1739,0.0,0.5652,0.1739,0.0,high_left,Left,season_collapsed_average_positions_v13,66.3147,72.7243,0.057618437900128,0.9258788676653098,0.0072668580450225,2.9081224773653456,4.345548550219615,3.820949423815621,4.190260563380281,3.7761683738796408,4.183778489116517,0.2955595390524967,0.4342874519846351,1.3252240717029449,0.9795134443021768,0.0,0.9795134443021768,0.3457106274007682,1.094750320102433,0.2304737516005121,0.0,0.7490396927016645,0.2304737516005121,0.0,3.820949423815621,4.190260563380281,M,AM,AM,M,AM,AM,LW,AM-W,Left Wide Forward,V13 zone-distribution rescue selected winger from repeated wide/high-wide average positions.,"v6_scores={'W': 4.11, 'ST': 1.474, 'SS': 3.27, 'DM': 1.271, 'CM': 2.688, 'AM': 3.115, 'CB': -0.101, 'FB': 2.628, 'WB': 3.083}; wide_pct=0.74; high_wide_pct=0.57; right_pct=0.00; left_pct=0.74; spatial_n=23.0",0.82,True,arbitrated_role_group,AM-W,W,Playmaking Winger,Winger,84.46,0.6892,0.708,198,,5,6,0,0,"key_passes_per90, xa_per90, crosses_accurate_per90, dribbles_attempted_per90, passes_opposition_half_total_per90",,"vision, technique, decisions, composure, flair",W,0.6276272995966109,0.6165334429611203,0.5486834363783901,0.8013037986766964,0.5830937046530267,0.6901008672389264,0.5486834363783901,0.8013037986766964,0.9370452857142857,1.0,0.6801582367165862,0.892910897438625,Playmaking Winger,W,Left,Playmaking Winger,Playmaking Winger
911851,Yann Gboho,Yann Gboho,2025-26,Ligue 1,Toulouse,1,Ligue 1,1,Toulouse,28,2347.0,2001-01-14,25.0,2026-04-29,France,173.0,Right,F,F,attack,ST,SS,4,"ST, SS, F, DM",medium,heuristic_stats,8.0,2.0,48.0,15.0,13.0,5.598,6.0204,4.05903868,1.0,3.0,5.0,2.0,711.0,581.0,153.0,139.0,558.0,442.0,50.0,29.0,16.0,26.0,7.0,1224.0,65.0,134.0,328.0,3452.288930439124,80.0,1568.3134662817315,439.179722079875,1879.727484881549,57.0,349.0,19.0,12.0,,13.0,2.0,,20.0,320.0,152.0,168.0,3.0,2.0,13.0,127.0,66.0,15.0,,,16.0,65.0,1.0,1.0,,,,,,,,,,,,,,,,,,15.548359608010228,10.0,0.0191734128674904,46.0,81.43505154639175,81.71589310829818,0.3067746058798466,0.0766936514699616,1.84064763527908,0.5752023860247124,0.4985087345547507,0.2146655304644226,0.2308632296548785,0.1556512489135066,0.0383468257349808,0.1917341286749041,27.264593097571368,22.27950575202386,5.867064337452066,5.330208777162335,21.3975287601193,16.949296974861525,1.9173412867490407,1.112057946314444,0.6135492117596932,0.9970174691095016,0.2684277801448658,46.93651469961653,2.492543672773753,5.13847464848743,12.577758841073711,132.38432200235246,3.067746058798466,60.13984318932929,16.84114826893428,72.08158229200657,2.185769066893907,13.383042181508308,0.7285896889646357,0.4601619088197699,0.4985087345547507,0.0766936514699616,0.7669365146996165,12.270984235193865,5.828717511717086,6.442266723476779,0.1150404772049424,0.0766936514699616,0.4985087345547507,4.870046868342565,2.5308904985087346,0.5752023860247124,,0.6135492117596932,2.492543672773753,0.0383468257349808,,,,,,47.5,66.66666666666667,49.25373134328358,,,,,,,,,,,,,,0.0766936514699616,0.0383468257349808,0.1150404772049424,,,61.3218,68.2216,60.2395,70.048,5.6137,8.2902,28.0,21.0,0.0,21.0,7.0,11.0,17.0,0.0,9.0,12.0,0.0,0.75,0.0,0.75,0.25,0.3929,0.6071,0.0,0.3214,0.4286,0.0,mid_left,Left,season_collapsed_average_positions_v13,61.3218,68.2216,0.0383468257349808,0.5962302363531831,0.0007352395219744,1.763953983809118,3.1227757303686654,2.3514963783553475,2.616081806561568,2.309993608862378,2.6861184490839367,0.2152675756284618,0.317902854708138,1.0737111205794632,0.8052833404345974,0.0,0.8052833404345974,0.2684277801448658,0.4218150830847891,0.6518960374946741,0.0,0.3451214316148274,0.4601619088197699,0.0,2.3514963783553475,2.616081806561568,F,ST,ST,F,ST,ST,LW,AM-W,Left Wide Forward,V13 zone-distribution rescue selected winger from repeated wide/high-wide average positions.,"v6_scores={'W': 3.532, 'ST': 1.352, 'SS': 2.725, 'DM': 1.261, 'CM': 2.578, 'AM': 2.691, 'CB': -0.009, 'FB': 2.055, 'WB': 2.678}; wide_pct=0.75; high_wide_pct=0.32; right_pct=0.00; left_pct=0.75; spatial_n=28.0",0.82,True,arbitrated_role_group,AM-W,W,Inside Winger,Playmaking Winger,70.19,0.4038,0.729,198,,6,7,0,0,"dribbles_attempted_per90, progressive_carries_per90, shots_total_per90, xg_per90, key_passes_per90, xa_per90",,"technique, composure, teamwork, acceleration, agility",W,0.6239631067094792,0.6388532306317085,0.6220584556178749,0.6281533391110087,0.6183561889253798,0.6839467223856313,0.6220584556178749,0.6281533391110087,0.8840247142857143,1.0,0.6793813464971208,0.8926425075828726,1v1 Winger,W,Left,Inside Winger,1v1 Winger
934386,Jérémy Doku,Jérémy Doku,2025-26,Premier League,Manchester City,1,Premier League,1,Manchester City,26,1484.0,2002-05-27,23.0,2026-04-29,Belgium,173.0,Right,F,M,midfield,AM,CM,4,"AM, CM, ST, W",medium,heuristic_stats,2.0,5.0,28.0,10.0,8.0,2.2443,2.164,5.2611434,11.0,4.0,3.0,1.0,622.0,519.0,104.0,94.0,518.0,425.0,47.0,17.0,11.0,48.0,13.0,1073.0,65.0,124.0,292.0,3175.31409263784,76.0,1344.11496591442,309.14491709921697,2023.52835036746,42.0,311.0,19.0,13.0,,11.0,1.0,,10.0,265.0,140.0,131.0,4.0,4.0,6.0,80.0,69.0,7.0,,,22.0,49.0,,,2.0,,,2.43,3.26,1.03,0.38,0.11,,,,,,,,,,15.496630727762804,11.0,0.1448787061994609,62.544186046511626,76.94389438943894,83.44051446945338,0.1212938005390835,0.3032345013477089,1.69811320754717,0.6064690026954178,0.4851752021563342,0.1361098382749326,0.1312398921832883,0.3190720390835579,0.6671159029649596,0.1819407008086253,37.722371967654986,31.475741239892184,6.307277628032345,5.700808625336928,31.41509433962264,25.77493261455525,2.850404312668464,1.0309973045822105,0.6671159029649596,2.911051212938005,0.7884097035040432,65.07412398921834,3.942048517520216,7.520215633423181,17.7088948787062,192.57295710067763,4.609164420485175,81.51640628861038,18.74868095615197,122.72072205732574,2.547169811320755,18.861185983827493,1.1522911051212938,0.7884097035040432,0.6671159029649596,0.0606469002695417,0.6064690026954178,16.071428571428573,8.49056603773585,7.944743935309973,0.2425876010781671,0.2425876010781671,0.3638814016172507,4.851752021563343,4.184636118598383,0.4245283018867924,,1.3342318059299192,2.971698113207548,,0.1473719676549865,0.1977088948787062,0.062466307277628,0.0230458221024258,0.0066711590296495,52.83018867924528,100.0,55.64516129032258,,,,,,,,,,,,,,0.0606469002695417,,0.2425876010781671,0.1212938005390835,,66.7179,77.9179,67.1018,78.15,5.9286,6.169,25.0,23.0,0.0,23.0,2.0,22.0,3.0,0.0,21.0,2.0,0.0,0.92,0.0,0.92,0.08,0.88,0.12,0.0,0.84,0.08,0.0,high_left,Left,season_collapsed_average_positions_v13,66.7179,77.9179,0.0606469002695417,0.9398226182605476,0.0087864444460589,3.7931110136024575,4.666408689386459,4.046233827493261,4.725479110512129,4.069516172506738,4.7395552560646905,0.3595512129380054,0.3741307277628032,1.5161725067385443,1.394878706199461,0.0,1.394878706199461,0.1212938005390835,1.3342318059299192,0.1819407008086253,0.0,1.2735849056603774,0.1212938005390835,0.0,4.046233827493261,4.725479110512129,F,AM,AM,F,AM,AM,LW,AM-W,Left Wide Forward,V13 zone-distribution rescue selected winger from repeated wide/high-wide average positions.,"v6_scores={'W': 4.361, 'ST': 0.842, 'SS': 3.409, 'DM': 1.534, 'CM': 2.982, 'AM': 3.131, 'CB': -0.229, 'FB': 2.735, 'WB': 3.401}; wide_pct=0.92; high_wide_pct=0.84; right_pct=0.00; left_pct=0.92; spatial_n=25.0",0.82,True,arbitrated_role_group,AM-W,W,Playmaking Winger,Winger,90.79,0.8159,0.708,198,,5,6,0,0,"key_passes_per90, xa_per90, crosses_accurate_per90, dribbles_attempted_per90, passes_opposition_half_total_per90",,"vision, technique, decisions, composure, flair",W,0.6001615093572304,0.5202348546392173,0.5572826856417715,0.6944949215312402,0.5336983579298403,0.4906151473998465,0.5572826856417715,0.6944949215312402,0.9340840714285714,1.0,0.6368977239811285,0.8778989042547686,Playmaking Winger,W,Left,Playmaking Winger,Playmaking Winger
932643,Armand Laurienté,Armand Laurienté,2025-26,Serie A,Sassuolo,1,Serie A,1,Sassuolo,34,2287.0,1998-12-04,27.0,2026-04-29,France,177.0,Right,F,F,attack,ST,W,4,"ST, W, F, SS",medium,heuristic_stats,5.0,8.0,62.0,21.0,23.0,3.0212,3.8481,3.92216142,11.0,1.0,18.0,1.0,673.0,565.0,157.0,145.0,516.0,420.0,47.0,26.0,15.0,103.0,24.0,1184.0,78.0,73.0,301.0,3131.245397943281,66.0,1234.4175123357882,441.382126451617,1502.31632745724,45.0,363.0,22.0,10.0,,7.0,12.0,,18.0,232.0,89.0,152.0,6.0,7.0,19.0,75.0,26.0,8.0,1.0,,36.0,34.0,4.0,,,,,,,,,,,,,,,,,,,18.573677306515084,45.0,0.0529077393965894,62.86776859504132,72.83333333333333,83.95245170876672,0.1967643200699606,0.314822912111937,2.439877568867512,0.8264101442938347,0.905115872321819,0.118892872759073,0.1514337560122431,0.1543482850021862,0.4328815041539134,0.7083515522518583,26.484477481416704,22.234368167905554,6.178399650196765,5.706165282028858,20.306077831219937,16.528202885876695,1.8495846086576304,1.0231744643637954,0.590292960209882,4.053344993441189,0.9444687363358112,46.59379099256668,3.069523393091386,2.8727590730214256,11.84521206821163,123.2234743397006,2.597289024923481,48.57786449944072,17.369650800457165,59.12045014042483,1.7708788806296458,14.285089637079142,0.8657630083078268,0.3935286401399213,0.2754700480979449,0.4722343681679055,0.7083515522518583,9.129864451246174,3.5024048972453,5.981635330126804,0.2361171840839527,0.2754700480979449,0.7477044162658505,2.9514648010494096,1.0231744643637954,0.314822912111937,,1.4167031045037166,1.3379973764757325,0.1574114560559685,,,,,,38.36206896551724,116.66666666666669,35.61643835616438,,,,,,,,,0.0393528640139921,,,,,0.0393528640139921,,0.0393528640139921,,,64.2487,74.5377,64.3426,76.6968,7.2081,8.4941,34.0,28.0,0.0,28.0,6.0,22.0,12.0,0.0,17.0,11.0,0.0,0.8235,0.0,0.8235,0.1765,0.6471,0.3529,0.0,0.5,0.3235,0.0,high_left,Left,season_collapsed_average_positions_v13,64.2487,74.5377,0.0393528640139921,0.7309273972830597,0.0020820710737617,2.4740267483837863,2.866200262352427,2.528370354175776,2.933271972015741,2.5320655881066902,3.0182387407083517,0.2836593790992567,0.3342671622212505,1.3379973764757325,1.1018801923917796,0.0,1.1018801923917796,0.2361171840839527,0.8657630083078268,0.4722343681679055,0.0,0.6689986882378662,0.4328815041539134,0.0,2.528370354175776,2.933271972015741,F,ST,ST,F,ST,ST,LW,AM-W,Left Wide Forward,V13 zone-distribution rescue selected winger from repeated wide/high-wide average positions.,"v6_scores={'W': 3.537, 'ST': 0.972, 'SS': 2.715, 'DM': 0.864, 'CM': 2.339, 'AM': 2.679, 'CB': -0.127, 'FB': 2.421, 'WB': 3.084}; wide_pct=0.82; high_wide_pct=0.50; right_pct=0.00; left_pct=0.82; spatial_n=34.0",0.82,True,arbitrated_role_group,AM-W,W,Winger,Playmaking Winger,67.4,0.348,0.729,198,,6,7,0,1,"crosses_total_per90, crosses_accurate_per90, dribbles_attempted_per90, key_passes_per90, xa_per90, progressive_carries_per90",,"pace, acceleration, agility, flair, off the ball",W,0.5384564678545481,0.6142374996196878,0.5024775104307957,0.6176101741868035,0.5859371443478665,0.6764982812176947,0.5024775104307957,0.6176101741868035,0.9635345,1.0,0.633836640810289,0.8768314391873926,Ball-Carrying Winger,W,Left,Winger,Ball-Carrying Winger
889259,Khvicha Kvaratskhelia,Khvicha Kvaratskhelia,2025-26,Ligue 1,Paris Saint-Germain,1,Ligue 1,1,Paris Saint-Germain,26,1234.0,2001-02-12,25.0,2026-04-29,Georgia,183.0,Both,F,F,attack,ST,SS,3,"ST, SS, F",medium,heuristic_stats,7.0,3.0,61.0,28.0,18.0,7.204,7.641,2.84282507,7.0,7.0,4.0,2.0,729.0,636.0,198.0,180.0,531.0,456.0,24.0,39.0,22.0,29.0,6.0,1055.0,43.0,63.0,265.0,2587.015608572281,41.0,733.509650452653,299.1760367529589,1050.794506120946,19.0,210.0,19.0,10.0,,9.0,4.0,,16.0,141.0,85.0,81.0,4.0,5.0,10.0,45.0,37.0,11.0,,,15.0,24.0,,,,,,,,,,,,,,,,,,,,16.906807131280388,7.0,0.1823338735818476,63.72,66.34258142340168,87.24279835390946,0.5105348460291734,0.2188006482982172,4.448946515397083,2.0421393841166937,1.312803889789303,0.5254132901134522,0.5572852512155592,0.2073373227714748,0.5105348460291734,0.2917341977309562,53.16855753646677,46.38573743922204,14.440842787682334,13.128038897893031,38.72771474878444,33.25769854132901,1.7504051863857375,2.844408427876824,1.6045380875202593,2.115072933549433,0.4376012965964344,76.94489465153971,3.13614262560778,4.594813614262561,19.32739059967585,188.680230771074,2.9902755267423013,53.49746235067971,21.819970265612888,76.63817305582263,1.385737439222042,15.316045380875202,1.385737439222042,0.7293354943273906,0.6564019448946515,0.2917341977309562,1.1669367909238249,10.283630470016208,6.19935170178282,5.907617504051864,0.2917341977309562,0.3646677471636953,0.7293354943273906,3.282009724473258,2.6985413290113454,0.8022690437601296,,1.094003241491086,1.7504051863857375,,,,,,,60.283687943262414,125.0,58.73015873015873,,,,,,,,,,,,,,0.1458670988654781,,0.5105348460291734,,,65.6842,65.4436,65.619,75.4416,6.0844,20.1972,24.0,18.0,3.0,15.0,6.0,16.0,8.0,0.0,12.0,6.0,0.0,0.75,0.125,0.625,0.25,0.6667,0.3333,0.0,0.5,0.25,0.0,high_central,Left,season_collapsed_average_positions_v13,65.6842,65.4436,0.072933549432739,1.233073453659023,0.0132982565821444,4.647325769854133,4.838599941739182,4.79058184764992,4.773034035656402,4.785826580226904,5.502223662884926,0.4437568881685575,1.4730534846029173,1.7504051863857375,1.312803889789303,0.2188006482982172,1.094003241491086,0.4376012965964344,1.1669367909238249,0.5834683954619124,0.0,0.8752025931928687,0.4376012965964344,0.0,4.79058184764992,4.773034035656402,F,ST,ST,F,ST,ST,LW,AM-W,Left Wide Forward,V13 zone-distribution rescue selected winger from repeated wide/high-wide average positions.,"v6_scores={'W': 3.824, 'ST': 2.688, 'SS': 3.07, 'DM': 1.744, 'CM': 3.161, 'AM': 2.848, 'CB': 0.22, 'FB': 2.588, 'WB': 3.103}; wide_pct=0.75; high_wide_pct=0.50; right_pct=0.12; left_pct=0.62; spatial_n=24.0",0.82,True,arbitrated_role_group,AM-W,W,Inside Forward,Wide Forward,93.04,0.8607,0.567,198,,4,6,0,0,"shots_total_per90, xg_per90, goals_per90, dribbles_attempted_per90",,"composure, flair, vision, off the ball, pace",W,0.5373583606358342,0.5381157029908351,0.4684802490215679,0.68889020618722,0.5511765367161935,0.5093818687950465,0.4684802490215679,0.68889020618722,0.9222200714285714,1.0,0.6069081991929274,0.8674105423745098,Goal Threat Winger,W,Left,Inside Forward,Goal Threat Winger
1145642,Victor Muñoz,Victor Muñoz,2025-26,La Liga,Osasuna,1,La Liga,1,Osasuna,33,2578.0,2003-07-13,22.0,2026-04-29,Spain,173.0,Right,M,M,midfield,AM,CM,7,"AM, CM, ST, W, M, F, DM",medium,heuristic_stats,5.0,2.0,77.0,29.0,25.0,5.7064,6.083200000000001,2.6652557600000004,2.0,9.0,5.0,1.0,596.0,478.0,149.0,123.0,447.0,355.0,26.0,14.0,5.0,98.0,20.0,1317.0,86.0,173.0,370.0,4390.878736876928,91.0,1941.2037711088929,616.079705906249,2538.726882969252,55.0,453.0,22.0,14.0,1.0,9.0,20.0,,23.0,394.0,163.0,231.0,30.0,16.0,31.0,96.0,74.0,18.0,,,32.0,52.0,3.0,,1.0,,,,,,,,,,,,,,,,,17.861520558572536,21.0,0.0384018619084561,55.09090909090909,77.31255127153405,80.20134228187919,0.1745539177657098,0.0698215671062839,2.6881303335919315,1.012412723041117,0.8727695888285493,0.1992148952676493,0.2123692785104732,0.0930461669511249,0.0698215671062839,0.1745539177657098,20.806826997672616,16.687354538401863,5.201706749418154,4.294026377036462,15.60512024825446,12.3933281613654,0.9076803723816912,0.4887509697439876,0.1745539177657098,3.421256788207913,0.6982156710628394,45.97750193948797,3.0023273855702093,6.039565554693561,12.91698991466253,153.28901719120384,3.17688130333592,67.7689446857255,21.50782526437642,88.62894471188234,1.9200930954228084,15.814584949573312,0.7680372381691234,0.4887509697439876,0.3141970519782777,0.6982156710628394,0.8029480217222653,13.754848719937936,5.690457719162141,8.064391000775796,1.0473235065942592,0.5585725368502715,1.0822342901474011,3.3514352211016294,2.5833979829325058,0.6283941039565555,,1.117145073700543,1.8153607447633824,0.1047323506594259,,,,,,41.37055837563452,53.333333333333336,42.77456647398844,,,,,,,,,,,,,0.0349107835531419,0.0349107835531419,,0.3141970519782777,0.0349107835531419,,63.4684,57.5433,64.1759,62.0379,5.8681,18.8475,33.0,21.0,6.0,15.0,12.0,23.0,10.0,0.0,14.0,7.0,0.0,0.6364,0.1818,0.4545,0.3636,0.697,0.303,0.0,0.4242,0.2121,0.0,high_central,Left,season_collapsed_average_positions_v13,63.4684,57.5433,0.0349107835531419,0.6235596781503213,0.0013406390891237,1.9232668030185485,2.699041743381716,2.215731574864236,2.008881691233514,2.240430954228084,2.165791698991466,0.2048599689681924,0.6579809930178433,1.152055857253685,0.7331264546159814,0.2094647013188518,0.5236617532971296,0.4189294026377037,0.8029480217222653,0.3491078355314197,0.0,0.4887509697439876,0.2443754848719938,0.0,2.215731574864236,2.008881691233514,M,AM,AM,M,AM,AM,LW,AM-W,Left Wide Forward,V13 zone-distribution rescue selected winger from repeated wide/high-wide average positions.,"v6_scores={'W': 4.4, 'ST': 1.397, 'SS': 1.8, 'DM': 0.833, 'CM': 2.119, 'AM': 1.831, 'CB': 0.283, 'FB': 2.349, 'WB': 3.354}; wide_pct=0.64; high_wide_pct=0.42; right_pct=0.18; left_pct=0.45; spatial_n=33.0",0.82,True,arbitrated_role_group,AM-W,W,Wide Forward,Inside Winger,73.9,0.478,0.567,198,,4,6,0,1,"shots_total_per90, xg_per90, dribbles_attempted_per90, progressive_carries_per90",,"off the ball, pace, acceleration, agility, anticipation",W,0.6050778813411121,0.41551165342501295,0.6058577589635004,0.6033621505718579,0.4002869407414372,0.44900602132887957,0.6058577589635004,0.6033621505718579,0.8821714285714286,1.0,0.6038252274992072,0.8663284547269376,1v1 Winger,W,Left,Wide Forward,1v1 Winger
1800245,Jesús Rodriguez,Jesús Rodriguez,2025-26,Serie A,Como,1,Serie A,1,Como,30,1578.0,2005-11-21,20.0,2026-04-29,Spain,185.0,Right,F,M,midfield,AM,M,6,"AM, M, ST, F, W, DM",medium,heuristic_stats,1.0,7.0,42.0,10.0,23.0,3.7896,1.582,3.4947108900000003,8.0,3.0,3.0,,417.0,329.0,103.0,87.0,314.0,242.0,32.0,12.0,7.0,53.0,10.0,819.0,52.0,91.0,263.0,3041.180313109429,87.0,1480.996732983681,379.2111251942043,1456.568324144948,29.0,278.0,23.0,16.0,,5.0,10.0,,9.0,214.0,100.0,122.0,6.0,13.0,9.0,67.0,36.0,10.0,,,22.0,28.0,2.0,1.0,,1.0,,,,,,,,,,,,,,,,15.534854245880862,17.0,0.2034220532319391,55.53894080996885,78.17016574585635,78.8968824940048,0.0570342205323193,0.3992395437262357,2.3954372623574143,0.5703422053231939,1.311787072243346,0.2161368821292775,0.0902281368821292,0.1993181115969582,0.4562737642585551,0.1711026615969581,23.783269961977187,18.76425855513308,5.8745247148288975,4.961977186311787,17.90874524714829,13.802281368821292,1.8250950570342208,0.6844106463878327,0.3992395437262357,3.022813688212928,0.5703422053231939,46.71102661596958,2.9657794676806084,5.190114068441065,15.0,173.4513486564313,4.961977186311787,84.46749427663582,21.628010942635225,83.07423901967384,1.6539923954372624,15.855513307984792,1.311787072243346,0.9125475285171104,0.2851711026615969,0.5703422053231939,0.5133079847908745,12.20532319391635,5.70342205323194,6.9581749049429655,0.3422053231939163,0.7414448669201521,0.5133079847908745,3.821292775665399,2.053231939163498,0.5703422053231939,,1.254752851711027,1.596958174904943,0.1140684410646387,,,,,,46.728971962616825,216.66666666666663,39.56043956043956,,,,,,,,,,0.0570342205323193,,,,,0.0570342205323193,0.1711026615969581,,,63.7401,73.1135,65.8115,78.9375,7.6918,15.9433,27.0,23.0,1.0,22.0,4.0,19.0,8.0,0.0,18.0,5.0,0.0,0.8519,0.037,0.8148,0.1481,0.7037,0.2963,0.0,0.6667,0.1852,0.0,high_left,Left,season_collapsed_average_positions_v13,63.7401,73.1135,0.0570342205323193,0.8860183029970073,0.0116020182451676,3.1676201982871968,4.45837447219713,3.635366920152091,4.169971482889734,3.7535076045627376,4.502138783269962,0.4386958174904942,0.909313688212928,1.5399239543726235,1.311787072243346,0.0570342205323193,1.254752851711027,0.2281368821292775,1.0836501901140685,0.4562737642585551,0.0,1.026615969581749,0.2851711026615969,0.0,3.635366920152091,4.169971482889734,F,AM,AM,F,AM,AM,LW,AM-W,Left Wide Forward,V13 zone-distribution rescue selected winger from repeated wide/high-wide average positions.,"v6_scores={'W': 4.4, 'ST': 1.376, 'SS': 2.842, 'DM': 1.101, 'CM': 2.421, 'AM': 2.801, 'CB': -0.027, 'FB': 2.624, 'WB': 3.462}; wide_pct=0.85; high_wide_pct=0.67; right_pct=0.04; left_pct=0.81; spatial_n=27.0",0.82,True,arbitrated_role_group,AM-W,W,Inside Winger,Winger,79.22,0.5845,0.729,198,,6,7,0,0,"dribbles_attempted_per90, progressive_carries_per90, shots_total_per90, xg_per90, key_passes_per90, xa_per90",,"technique, composure, teamwork, acceleration, agility",W,0.6079730554037256,0.35200556565291735,0.5491308298481716,0.7374259516259444,0.3333222870691071,0.3931087785373,0.5491308298481716,0.7374259516259444,0.9727375714285714,1.0,0.5959274521353093,0.863553099362955,1v1 Winger,W,Left,Inside Winger,1v1 Winger
814590,Marcus Rashford,Marcus Rashford,2025-26,La Liga,FC Barcelona,1,La Liga,1,FC Barcelona,31,1489.0,1997-10-31,28.0,2026-04-29,England,185.0,Right,F,M,midfield,AM,WM,6,"AM, WM, ST, W, F, CM",low,heuristic_stats,7.0,6.0,70.0,27.0,17.0,6.9461,5.8851,4.071776610000001,6.0,9.0,10.0,3.0,654.0,554.0,101.0,86.0,553.0,468.0,41.0,33.0,18.0,94.0,26.0,1059.0,40.0,76.0,162.0,1742.005225507429,23.0,429.61895182970704,318.45097013190104,453.7687291379855,19.0,299.0,8.0,8.0,,1.0,13.0,,28.0,131.0,59.0,85.0,2.0,4.0,3.0,35.0,25.0,4.0,,,8.0,22.0,2.0,,,,,,,,,,,,,,,,,,,14.153794492948288,14.0,0.241773002014775,58.263888888888886,72.98829648894669,84.70948012232417,0.4231027535258563,0.3626595030221625,4.231027535258563,1.6319677635997314,1.027535258562794,0.4198448623237072,0.3557145735392881,0.246111413633311,0.3626595030221625,0.6044325050369376,39.52988582941572,33.48556077904634,6.1047683008730695,5.198119543317663,33.42511752854264,28.28744123572868,2.478173270651444,1.9946272666218936,1.0879785090664875,5.681665547347213,1.5715245130960376,64.00940228341169,2.4177300201477503,4.593687038280725,9.791806581598388,105.29245822408906,1.3901947615849564,25.96756592657732,19.248211760826795,27.42725696603001,1.148421759570181,18.07253190060443,0.48354600402955,0.48354600402955,0.0604432505036937,0.7857622565480188,1.6924110141034252,7.918065815983882,3.566151779717932,5.137676292813969,0.1208865010073875,0.241773002014775,0.1813297515110812,2.115513767629281,1.5110812625923438,0.241773002014775,,0.48354600402955,1.3297515110812623,0.1208865010073875,,,,,,45.038167938931295,200.0,32.89473684210526,,,,,,,,,,,,,,0.1813297515110812,,0.5439892545332438,,,70.5511,75.3636,72.4092,79.1951,7.3836,14.298,28.0,26.0,1.0,25.0,2.0,24.0,4.0,0.0,22.0,4.0,0.0,0.9286,0.0357,0.8929,0.0714,0.8571,0.1429,0.0,0.7857,0.1429,0.0,high_left,Left,season_collapsed_average_positions_v13,70.5511,75.3636,0.0604432505036937,0.8555013461150744,0.014613546125809,3.52165883143049,4.411649888519276,4.264337810611148,4.555220953660175,4.376647414372061,4.786809267965077,0.4462887844190732,0.8642175957018132,1.6924110141034252,1.5715245130960376,0.0604432505036937,1.5110812625923438,0.1208865010073875,1.4506380120886502,0.241773002014775,0.0,1.3297515110812623,0.241773002014775,0.0,4.264337810611148,4.555220953660175,F,AM,AM,F,AM,AM,LW,AM-W,Left Wide Forward,V13 zone-distribution rescue selected winger from repeated wide/high-wide average positions.,"v6_scores={'W': 3.353, 'ST': 2.399, 'SS': 3.481, 'DM': 0.573, 'CM': 2.29, 'AM': 3.223, 'CB': 0.107, 'FB': 1.958, 'WB': 2.363}; wide_pct=0.93; high_wide_pct=0.79; right_pct=0.04; left_pct=0.89; spatial_n=28.0",0.82,True,arbitrated_role_group,AM-W,W,Playmaking Winger,Inside Forward,89.99,0.7997,0.708,198,,5,6,0,0,"key_passes_per90, xa_per90, crosses_accurate_per90, dribbles_attempted_per90, passes_opposition_half_total_per90",,"vision, technique, decisions, composure, flair",W,0.5105726626719578,0.505878176409734,0.4761582728019604,0.5862843203859524,0.5064068393269254,0.5047151179919129,0.4761582728019604,0.5862843203859524,0.9380837142857142,1.0,0.5845830318287208,0.8595581322304175,Playmaking Winger,W,Left,Playmaking Winger,Playmaking Winger
886363,Matheus Cunha,Matheus Cunha,2025-26,Premier League,Manchester United,1,Premier League,1,Manchester United,30,2246.0,1999-05-27,26.0,2026-04-29,Brazil,184.0,Right,F,F,attack,ST,CM,5,"ST, CM, DM, F, AM",medium,heuristic_stats,8.0,2.0,78.0,32.0,22.0,6.3194,5.8775,2.66089789,3.0,4.0,2.0,3.0,789.0,637.0,249.0,214.0,540.0,423.0,30.0,36.0,19.0,46.0,8.0,1366.0,74.0,85.0,359.0,3617.50954064,64.0,1303.26753154,521.8386514599999,1784.3593791850003,50.0,374.0,35.0,19.0,,18.0,19.0,,25.0,320.0,151.0,173.0,47.0,28.0,41.0,113.0,39.0,16.0,,,21.0,50.0,3.0,,2.0,,,4.19,3.28,1.07,0.58,0.29,,,,,,,,,,18.30142475512021,10.0,0.0405164737310774,66.89010989010988,76.10931677018634,80.73510773130545,0.3205699020480855,0.0801424755120213,3.1255565449688336,1.282279608192342,0.8815672306322351,0.2532261798753339,0.2355186999109527,0.1066254719946571,0.120213713268032,0.0801424755120213,31.616206589492432,25.52537845057881,9.97773820124666,8.575244879786286,21.63846838824577,16.95013357079252,1.2021371326803203,1.4425645592163847,0.761353517364203,1.843276936776492,0.3205699020480855,54.73731077471059,2.9652715939447907,3.4060552092609084,14.385574354407836,144.95808488762242,2.564559216384684,52.22354311602849,20.91072067292965,71.50148892548977,2.0035618878005343,14.986642920747997,1.402493321460374,0.761353517364203,0.7212822796081924,0.761353517364203,1.0017809439002672,12.82279608192342,6.050756901157613,6.932324131789849,1.8833481745325025,1.1219946571682993,1.642920747996438,4.528049866429208,1.5627782724844168,0.641139804096171,,0.8414959928762245,2.0035618878005343,0.120213713268032,0.1678984861976847,0.131433659839715,0.0428762243989314,0.0232413178984861,0.011620658949243,47.1875,59.57446808510638,45.88235294117647,,,,,,,,,,,,,,0.120213713268032,,0.1602849510240427,0.0801424755120213,,58.3046,62.8905,57.4485,63.4395,5.155,10.2654,30.0,14.0,0.0,14.0,16.0,9.0,21.0,0.0,4.0,10.0,0.0,0.4667,0.0,0.4667,0.5333,0.3,0.7,0.0,0.1333,0.3333,0.0,mid_central,Left,season_collapsed_average_positions_v13,58.3046,62.8905,0.0400712377560106,0.7333607426361615,0.0016235452519131,2.680369496932275,3.0497945277456684,2.3363374888691006,2.52010017809439,2.3020325022261803,2.54209928762244,0.2065672306322351,0.4113472840605521,1.2021371326803203,0.5609973285841496,0.0,0.5609973285841496,0.641139804096171,0.3606411398040962,0.8414959928762245,0.0,0.1602849510240427,0.4007123775601068,0.0,2.3363374888691006,2.52010017809439,F,ST,ST,F,ST,ST,LW,AM-W,Left Wide Forward,V13 zone-distribution rescue selected winger from repeated wide/high-wide average positions.,"v6_scores={'W': 3.217, 'ST': 1.91, 'SS': 2.205, 'DM': 1.705, 'CM': 2.785, 'AM': 2.121, 'CB': 0.97, 'FB': 2.615, 'WB': 2.859}; wide_pct=0.47; high_wide_pct=0.13; right_pct=0.00; left_pct=0.47; spatial_n=30.0",0.82,True,arbitrated_role_group,AM-W,W,Inside Forward,Wide Forward,71.66,0.4332,0.567,198,,4,6,0,0,"shots_total_per90, xg_per90, goals_per90, dribbles_attempted_per90",,"composure, flair, vision, off the ball, pace",W,0.5547131930259086,0.47183468332522516,0.5583679944120841,0.5466726299763225,0.46992905552653164,0.47602706448235077,0.5583679944120841,0.5466726299763225,0.795716,1.0,0.5843263621922243,0.8594676297637797,Goal Threat Winger,W,Left,Inside Forward,Goal Threat Winger
1149144,Matías Fernández,Matías Fernández,2025-26,Ligue 1,Lille,1,Ligue 1,1,Lille,27,2031.0,2005-02-03,21.0,2026-04-29,Spain,183.0,Right,F,F,attack,ST,AM,6,"ST, AM, W, CM, F, SS",medium,heuristic_stats,8.0,5.0,64.0,29.0,9.0,8.4285,7.7466,4.36334353,5.0,12.0,12.0,4.0,551.0,452.0,113.0,104.0,438.0,348.0,32.0,17.0,14.0,49.0,10.0,918.0,41.0,62.0,184.0,1927.08646829466,43.0,838.002592083296,336.8130671554254,990.074306285484,26.0,242.0,17.0,12.0,,7.0,3.0,,27.0,190.0,82.0,108.0,,3.0,25.0,44.0,29.0,16.0,,,13.0,33.0,4.0,,1.0,,,,,,,,,,,,,,,,,17.265878877400297,7.0,0.0369276218611521,51.6,80.68949771689498,82.03266787658802,0.3545051698670605,0.2215657311669128,2.8360413589364843,1.2850812407680945,0.3988183161004431,0.3734933530280649,0.3432762186115214,0.1933534799113737,0.2215657311669128,0.5317577548005908,24.4165435745938,20.02954209748892,5.00738552437223,4.608567208271787,19.409158050221567,15.420974889217137,1.4180206794682422,0.7533234859675036,0.620384047267356,2.171344165435746,0.4431314623338257,40.6794682422452,1.8168389955686848,2.7474150664697192,8.153618906942393,85.39526447391403,1.9054652880354503,37.13453140694074,14.925246698172469,43.87330751634345,1.1521418020679468,10.723781388478582,0.7533234859675036,0.5317577548005908,0.310192023633678,0.1329394387001477,1.1964549483013294,8.419497784342688,3.633677991137371,4.7858197932053175,,0.1329394387001477,1.1078286558345642,1.949778434268833,1.2850812407680945,0.7090103397341211,,0.5760709010339734,1.4623338257016247,0.1772525849335302,,,,,,43.1578947368421,,46.774193548387096,,,,,,,,,,,,,,0.1772525849335302,,0.5317577548005908,0.0443131462333825,,70.46,67.3371,69.28,67.2968,5.8925,12.8115,25.0,13.0,0.0,13.0,12.0,23.0,2.0,0.0,12.0,1.0,0.0,0.52,0.0,0.52,0.48,0.92,0.08,0.0,0.48,0.04,0.0,high_left,Left,season_collapsed_average_positions_v13,70.46,67.3371,0.0443131462333825,0.7651054155421106,0.0016363791075842,2.2865583456425407,3.5756055118269563,3.122304283604136,2.983918759231906,3.0700147710487444,2.9821329394387,0.2611152141802068,0.5677178729689808,1.1078286558345642,0.5760709010339734,0.0,0.5760709010339734,0.5317577548005908,1.0192023633677991,0.0886262924667651,0.0,0.5317577548005908,0.0443131462333825,0.0,3.122304283604136,2.983918759231906,F,ST,ST,F,ST,ST,LW,AM-W,Left Wide Forward,V13 zone-distribution rescue selected winger from repeated wide/high-wide average positions.,"v6_scores={'W': 2.779, 'ST': 2.162, 'SS': 2.658, 'DM': 0.646, 'CM': 2.037, 'AM': 2.591, 'CB': -0.094, 'FB': 2.206, 'WB': 2.401}; wide_pct=0.52; high_wide_pct=0.48; right_pct=0.00; left_pct=0.52; spatial_n=25.0",0.82,True,arbitrated_role_group,AM-W,W,Inside Forward,Wide Forward,74.71,0.4942,0.567,198,,4,6,0,0,"shots_total_per90, xg_per90, goals_per90, dribbles_attempted_per90",,"composure, flair, vision, off the ball, pace",W,0.4905822293808177,0.4357003979828646,0.45786251093989466,0.5625656099508483,0.39452012122159036,0.5262970068576679,0.45786251093989466,0.5625656099508483,0.8509997142857143,1.0,0.5445779617548497,0.8453895884677834,Goal Threat Winger,W,Left,Inside Forward,Goal Threat Winger
914902,Anthony Gordon,Anthony Gordon,2025-26,Premier League,Newcastle United,1,Premier League,1,Newcastle United,26,1817.0,2001-02-24,25.0,2026-04-29,England,183.0,Right,F,F,attack,ST,W,3,"ST, W, F",medium,heuristic_stats,6.0,2.0,48.0,20.0,17.0,8.8261,5.9472,3.3672756000000006,5.0,9.0,5.0,2.0,517.0,423.0,132.0,116.0,385.0,307.0,26.0,26.0,17.0,70.0,15.0,937.0,42.0,70.0,267.0,2850.43885052,48.0,1034.8760656660002,424.069862467,1230.626043513,26.0,260.0,19.0,13.0,,3.0,13.0,,11.0,209.0,100.0,113.0,13.0,8.0,26.0,57.0,33.0,12.0,1.0,1.0,13.0,40.0,3.0,1.0,1.0,,,3.65,3.91,1.17,0.71,0.5,,,,,,,,,,19.03192074848652,10.0,0.0137589433131535,66.96,74.47615606936417,81.81818181818181,0.2971931755641167,0.0990643918547055,2.3775454045129334,0.9906439185470556,0.8420473307649973,0.4371761144744084,0.2945778756191524,0.1667885547605944,0.2476609796367639,0.2476609796367639,25.608145294441385,20.952118877270227,6.538249862410567,5.7457347275729225,19.06989543203082,15.206384149697303,1.2878370941111723,1.2878370941111723,0.8420473307649973,3.4672537149146945,0.7429829389102917,46.41166758392956,2.0803522289488168,3.4672537149146945,13.225096312603192,141.18849562289486,2.3775454045129334,51.25968404509632,21.00511151460099,60.95561030058889,1.2878370941111723,12.878370941111722,0.9411117226197028,0.6439185470555862,0.1485965877820583,0.6439185470555862,0.5448541552008805,10.35222894881673,4.953219592735278,5.597138139790864,0.6439185470555862,0.3962575674188222,1.2878370941111723,2.8233351678591085,1.6345624656026416,0.5943863511282333,0.0495321959273527,0.6439185470555862,1.9812878370941112,0.1485965877820583,0.1807925151348376,0.1936708860759493,0.0579526692350027,0.0351678591084204,0.0247660979636763,47.84688995215311,61.53846153846154,47.142857142857146,,,,,,,,,0.0495321959273527,,,,,0.0990643918547055,0.0495321959273527,0.445789763346175,0.0495321959273527,,62.9489,69.4126,65.0326,75.9188,6.0849,14.1721,26.0,17.0,1.0,16.0,9.0,17.0,9.0,0.0,10.0,7.0,0.0,0.6538,0.0385,0.6154,0.3462,0.6538,0.3462,0.0,0.3846,0.2692,0.0,high_left,Left,season_collapsed_average_positions_v13,62.9489,69.4126,0.0495321959273527,0.9426928273878848,0.0006815106759404,3.316675839295542,3.68896755434385,3.117997248211337,3.438158503026968,3.2212074848651624,3.7604248761695103,0.3013984589983489,0.7019752339020363,1.2878370941111723,0.8420473307649973,0.0495321959273527,0.7925151348376445,0.445789763346175,0.8420473307649973,0.445789763346175,0.0,0.4953219592735278,0.3467253714914695,0.0,3.117997248211337,3.438158503026968,F,ST,ST,F,ST,ST,LW,AM-W,Left Wide Forward,V13 zone-distribution rescue selected winger from repeated wide/high-wide average positions.,"v6_scores={'W': 3.661, 'ST': 2.062, 'SS': 2.455, 'DM': 0.825, 'CM': 2.289, 'AM': 2.391, 'CB': -0.129, 'FB': 2.412, 'WB': 3.079}; wide_pct=0.65; high_wide_pct=0.38; right_pct=0.04; left_pct=0.62; spatial_n=26.0",0.82,True,arbitrated_role_group,AM-W,W,Wide Forward,Inside Forward,73.26,0.4652,0.717,198,,4,6,1,1,"shots_total_per90, xg_per90, dribbles_attempted_per90, progressive_carries_per90",distance_sprinting_km_per90,"off the ball, pace, acceleration, agility, anticipation",W,0.5288635458718528,0.3445447711241247,0.4652961310453703,0.6687118584901143,0.28373478943916175,0.47832673083104327,0.4652961310453703,0.6687118584901143,0.9092371428571429,1.0,0.5445503598775041,0.8453797687185489,Goal Threat Winger,W,Left,Wide Forward,Goal Threat Winger
999070,Matthis Abline,Matthis Abline,2025-26,Ligue 1,Nantes,1,Ligue 1,1,Nantes,29,2235.0,2003-03-28,23.0,2026-04-29,France,182.0,Right,F,F,attack,ST,CM,5,"ST, CM, W, AM, SS",medium,heuristic_stats,5.0,3.0,71.0,19.0,27.0,5.566099999999999,4.8458000000000006,3.25971541,6.0,4.0,5.0,4.0,363.0,254.0,86.0,62.0,277.0,192.0,27.0,17.0,7.0,55.0,12.0,865.0,77.0,103.0,282.0,3352.078281358484,88.0,1885.330210692793,720.142880721358,2215.362705075717,43.0,337.0,18.0,12.0,,8.0,10.0,,25.0,302.0,133.0,173.0,46.0,31.0,36.0,64.0,44.0,11.0,,,26.0,41.0,5.0,,2.0,,,,,,,,,,,,,,,,,16.17807606263982,10.0,0.0550335570469798,62.85365853658536,83.46048109965636,69.97245179063361,0.2013422818791946,0.1208053691275167,2.859060402684564,0.7651006711409396,1.087248322147651,0.224138255033557,0.1951328859060403,0.1312637077852348,0.2416107382550335,0.2013422818791946,14.61744966442953,10.228187919463087,3.4630872483221475,2.4966442953020134,11.154362416107382,7.731543624161074,1.087248322147651,0.6845637583892618,0.2818791946308724,2.214765100671141,0.4832214765100671,34.83221476510067,3.100671140939597,4.147651006711409,11.355704697986576,134.98301804128124,3.5436241610738257,75.91933734333395,28.99904217669898,89.20923644600202,1.7315436241610738,13.57046979865772,0.7248322147651006,0.4832214765100671,0.3221476510067114,0.4026845637583892,1.0067114093959733,12.161073825503356,5.355704697986577,6.966442953020135,1.8523489932885904,1.248322147651007,1.4496644295302012,2.577181208053691,1.7718120805369129,0.4429530201342282,,1.046979865771812,1.651006711409396,0.2013422818791946,,,,,,44.03973509933775,67.3913043478261,42.71844660194175,,,,,,,,,,,,,,0.1610738255033557,,0.1610738255033557,0.0805369127516778,,63.8175,61.9077,63.5778,64.4486,7.3232,10.9536,29.0,13.0,0.0,13.0,16.0,17.0,12.0,0.0,5.0,8.0,0.0,0.4483,0.0,0.4483,0.5517,0.5862,0.4138,0.0,0.1724,0.2759,0.0,high_central,Central/Mixed,season_collapsed_average_positions_v13,63.8175,61.9077,0.0402684563758389,0.6514661501734156,0.0022161163911535,2.5310198068423637,3.3608247422680413,2.5698322147651007,2.4929275167785234,2.560179865771812,2.5952456375838926,0.2948939597315436,0.4410845637583892,1.167785234899329,0.5234899328859061,0.0,0.5234899328859061,0.6442953020134228,0.6845637583892618,0.4832214765100671,0.0,0.2013422818791946,0.3221476510067114,0.0,2.5698322147651007,2.4929275167785234,F,ST,ST,F,ST,ST,LW,AM-W,Left Wide Forward,V13 zone-distribution rescue selected winger from repeated wide/high-wide average positions.,"v6_scores={'W': 3.821, 'ST': 1.669, 'SS': 1.931, 'DM': 0.684, 'CM': 1.77, 'AM': 2.011, 'CB': 0.769, 'FB': 2.156, 'WB': 3.083}; wide_pct=0.45; high_wide_pct=0.17; right_pct=0.00; left_pct=0.45; spatial_n=29.0",0.82,True,arbitrated_role_group,AM-W,W,Wide Forward,Inside Winger,72.51,0.4502,0.567,198,,4,6,0,1,"shots_total_per90, xg_per90, dribbles_attempted_per90, progressive_carries_per90",,"off the ball, pace, acceleration, agility, anticipation",W,0.610839520525636,0.21105407418194574,0.6001046560819492,0.6344562223017467,0.1688949085612196,0.3038042385475432,0.6001046560819492,0.6344562223017467,0.8432660714285715,1.0,0.5434221190639774,0.8449783288782723,Ball-Carrying Winger,W,Left,Wide Forward,Ball-Carrying Winger
1568123,Bazoumana Touré,Bazoumana Touré,2025-26,Bundesliga,TSG Hoffenheim,1,Bundesliga,1,TSG Hoffenheim,30,2102.0,2006-03-02,20.0,2026-04-29,Côte d'Ivoire,175.0,Left,M,M,midfield,AM,W,7,"AM, W, ST, WM, M, CM, DM",medium,heuristic_stats,3.0,8.0,40.0,10.0,17.0,3.6795,3.5268,5.158714499999999,9.0,4.0,8.0,1.0,586.0,447.0,155.0,124.0,431.0,323.0,42.0,31.0,20.0,103.0,35.0,1144.0,69.0,99.0,234.0,2530.840776011214,32.0,725.0028662784752,339.454076578848,697.5033866114898,38.0,384.0,32.0,21.0,,6.0,18.0,,15.0,323.0,138.0,185.0,61.0,38.0,41.0,110.0,43.0,11.0,,,40.0,25.0,2.0,,1.0,,,,,,,,,,,,,,,,,15.819695528068506,29.0,0.0123691722169362,64.0,75.75513428120063,76.27986348122867,0.1284490960989533,0.3425309229305423,1.7126546146527115,0.4281636536631779,0.7278782112274025,0.1575428163653663,0.1510047573739296,0.2208774048525214,0.3853472882968601,0.3425309229305423,25.090390104662227,19.13891531874405,6.636536631779258,5.309229305423406,18.45385347288297,13.829686013320648,1.7982873453853472,1.3273073263558517,0.8563273073263559,4.410085632730732,1.4985727878211228,48.98192197906756,2.954329210275928,4.238820171265462,10.019029495718364,108.3614033496714,1.3701236917221693,31.041987614206835,14.534189767885977,29.86455984540156,1.627021883920076,16.441484300666033,1.3701236917221693,0.8991436726926736,0.2568981921979067,0.7706945765937203,0.6422454804947669,13.829686013320648,5.908658420551856,7.921027592768792,2.611798287345385,1.627021883920076,1.7554709800190296,4.709800190294957,1.841103710751665,0.4709800190294957,,1.7126546146527115,1.070409134157945,0.0856327307326355,,,,,,42.72445820433437,62.29508196721312,43.43434343434343,,,,,,,,,,,,,,0.0428163653663177,,0.1712654614652711,0.0428163653663177,,62.6486,74.4923,64.463,74.9942,7.425,9.6999,27.0,25.0,0.0,25.0,2.0,16.0,11.0,0.0,15.0,10.0,0.0,0.9259,0.0,0.9259,0.0741,0.5926,0.4074,0.0,0.5556,0.3704,0.0,high_left,Left,season_collapsed_average_positions_v13,62.6486,74.4923,0.0428163653663177,0.6773418637136849,0.0005296029969192,2.7402473834443386,3.243559507758352,2.682385347288297,3.189489533777355,2.7600713606089435,3.2109790675547103,0.3179115128449096,0.4153144624167459,1.1560418648905804,1.070409134157945,0.0,1.070409134157945,0.0856327307326355,0.6850618458610847,0.4709800190294957,0.0,0.6422454804947669,0.4281636536631779,0.0,2.682385347288297,3.189489533777355,M,AM,AM,M,AM,AM,LW,AM-W,Left Wide Forward,V13 zone-distribution rescue selected winger from repeated wide/high-wide average positions.,"v6_scores={'W': 3.306, 'ST': 0.81, 'SS': 2.861, 'DM': 1.357, 'CM': 2.315, 'AM': 2.775, 'CB': 0.864, 'FB': 2.505, 'WB': 2.593}; wide_pct=0.93; high_wide_pct=0.56; right_pct=0.00; left_pct=0.93; spatial_n=27.0",0.82,True,arbitrated_role_group,AM-W,W,Playmaking Winger,Winger,75.96,0.5191,0.708,198,,5,6,0,0,"key_passes_per90, xa_per90, crosses_accurate_per90, dribbles_attempted_per90, passes_opposition_half_total_per90",,"vision, technique, decisions, composure, flair",W,0.43246711479716937,0.49115372213780456,0.4091651112544517,0.4837315225911483,0.45822105337798796,0.563605593409401,0.4091651112544517,0.4837315225911483,0.9559357857142857,1.0,0.5397664347100881,0.843676892128046,Playmaking Winger,W,Left,Playmaking Winger,Playmaking Winger
997183,Xavi Simons,Xavi Simons,2025-26,Multiple,Multiple,2,"Bundesliga, Premier League",2,"RB Leipzig, Tottenham Hotspur",29,1859.0,2003-04-21,23.0,2026-04-29,Netherlands,179.0,Right,M,M,midfield,AM,ST,7,"AM, ST, DM, M, W, CM, SS",medium,heuristic_stats,2.0,5.0,42.0,10.0,15.0,3.1469,3.0927,3.8887875200000006,7.0,3.0,,2.0,840.0,698.0,300.0,265.0,540.0,433.0,36.0,60.0,37.0,53.0,14.0,1308.0,61.0,69.0,241.0,2276.60333758331,40.0,750.4252374726041,317.49112588124603,872.38434222248,31.0,321.0,34.0,21.0,,16.0,12.0,,17.0,251.0,123.0,130.0,16.0,12.0,25.0,94.0,30.0,18.0,2.0,,22.0,47.0,5.0,1.0,,,,,,,,,,,,,,,,,,17.899408284023668,7.145239376008607,0.1468531468531468,48.26373626373626,71.47058823529412,83.0952380952381,0.0968262506724045,0.2420656266810113,2.033351264120495,0.4841312533620226,0.7261968800430338,0.1523512641204948,0.1497272727272727,0.1882683576116192,0.3388918773534158,,40.667025282409895,33.79236148466918,14.52393760086068,12.829478214093598,26.14308768154922,20.962883270575578,1.742872512103281,2.904787520172136,1.7912856374394837,2.56589564281872,0.6777837547068316,63.32436793975256,2.9532006455083377,3.340505648197956,11.667563206024743,110.21748272323715,1.9365250134480905,36.33043107721053,15.370737670420732,42.23485250135729,1.50080688542227,15.540613232920926,1.6460462614308768,1.0166756320602477,0.7746100053792362,0.5809575040344271,0.8230231307154384,12.151694459386768,5.954814416352878,6.293706293706293,0.7746100053792362,0.5809575040344271,1.2103281334050564,4.550833781603012,1.4523937600860677,0.8714362560516407,,1.0650887573964498,2.275416890801506,0.2420656266810113,,,,,,49.00398406374502,75.0,43.47826086956522,,,,,,,,,0.0968262506724045,,,,,0.0968262506724045,0.0484131253362022,0.1452393760086067,,,58.0597,63.59,57.877,66.5514,5.6339,11.4393,29.0,13.0,0.0,13.0,16.0,9.0,20.0,0.0,7.0,6.0,0.0,0.4483,0.0,0.4483,0.5517,0.3103,0.6897,0.0,0.2414,0.2069,0.0,mid_central,Central/Mixed,season_collapsed_average_positions_v13,58.0597,63.59,0.0968262506724045,0.8665662966982949,0.0071096198046171,2.336598312929674,3.4601145460873965,2.8108515330823023,3.078590640129102,2.8020064550833785,3.2219612694997317,0.2727547068316299,0.5538122646584185,1.4039806347498656,0.6293706293706294,0.0,0.6293706293706294,0.7746100053792362,0.4357181280258203,0.9682625067240452,0.0,0.3388918773534158,0.2904787520172135,0.0,2.8108515330823023,3.078590640129102,M,AM,AM,M,AM,AM,LW,AM-W,Left Wide Forward,V13 zone-distribution rescue selected winger from repeated wide/high-wide average positions.,"v6_scores={'W': 3.117, 'ST': 1.065, 'SS': 2.945, 'DM': 2.097, 'CM': 3.035, 'AM': 2.766, 'CB': 0.382, 'FB': 2.832, 'WB': 2.754}; wide_pct=0.45; high_wide_pct=0.24; right_pct=0.00; left_pct=0.45; spatial_n=29.0",0.82,True,arbitrated_role_group,AM-W,W,Tracking Winger,Playmaking Winger,77.21,0.5443,0.85,198,,4,4,0,1,"recoveries_per90, tackles_won_per90, interceptions_per90, crosses_total_per90",,"marking, work rate, stamina",W,0.4287358338977499,0.5457662763289884,0.450414465556975,0.38104284424745466,0.5599208247263618,0.5146262698547669,0.450414465556975,0.38104284424745466,0.8047514285714286,1.0,0.5385555501477122,0.8432455745178707,Winger,W,Left,Tracking Winger,Winger
996952,Bradley Barcola,Bradley Barcola,2025-26,Ligue 1,Paris Saint-Germain,1,Ligue 1,1,Paris Saint-Germain,26,1422.0,2002-09-02,23.0,2026-04-29,France,182.0,Right,F,F,attack,ST,SS,3,"ST, SS, F",low,heuristic_stats,10.0,1.0,57.0,27.0,17.0,9.7996,8.066199999999998,3.9862256,10.0,14.0,5.0,1.0,594.0,498.0,122.0,106.0,472.0,392.0,32.0,10.0,9.0,19.0,4.0,903.0,34.0,73.0,190.0,1867.1320386934667,52.0,892.57063735505,313.46763433146293,895.9942246674101,19.0,214.0,25.0,13.0,,11.0,5.0,,13.0,154.0,68.0,94.0,4.0,5.0,9.0,47.0,31.0,9.0,,,16.0,7.0,2.0,,1.0,,,,,,,,,,,,,,,,,15.149789029535864,29.0,0.1638537271448663,59.25321888412017,67.75507442489851,83.83838383838383,0.6329113924050633,0.0632911392405063,3.607594936708861,1.7088607594936709,1.0759493670886076,0.6202278481012657,0.510518987341772,0.2522927594936709,0.6329113924050633,0.3164556962025316,37.59493670886076,31.51898734177216,7.7215189873417724,6.708860759493671,29.873417721518987,24.81012658227848,2.0253164556962027,0.6329113924050633,0.569620253164557,1.2025316455696202,0.2531645569620253,57.151898734177216,2.151898734177215,4.620253164556962,12.025316455696204,118.17291384135864,3.2911392405063293,56.49181249082595,19.839723691864744,56.708495232114565,1.2025316455696202,13.544303797468354,1.5822784810126582,0.8227848101265823,0.6962025316455697,0.3164556962025316,0.8227848101265823,9.746835443037977,4.30379746835443,5.949367088607595,0.2531645569620253,0.3164556962025316,0.569620253164557,2.9746835443037973,1.962025316455696,0.569620253164557,,1.0126582278481011,0.4430379746835443,0.1265822784810126,,,,,,44.15584415584416,125.0,42.465753424657535,,,,,,,,,,,,,,0.0632911392405063,,0.8860759493670886,0.0632911392405063,,67.2588,68.6859,67.4574,74.4786,5.7898,15.9158,24.0,17.0,1.0,16.0,7.0,21.0,3.0,0.0,15.0,2.0,0.0,0.7083,0.0417,0.6667,0.2917,0.875,0.125,0.0,0.625,0.0833,0.0,high_left,Left,season_collapsed_average_positions_v13,67.2588,68.6859,0.0632911392405063,0.9588474069326496,0.0103704890598016,3.750203726843049,4.288295849677121,4.256886075949367,4.347208860759494,4.269455696202533,4.713835443037975,0.3664430379746835,1.0073291139240506,1.518987341772152,1.0759493670886076,0.0632911392405063,1.0126582278481011,0.4430379746835443,1.3291139240506329,0.189873417721519,0.0,0.9493670886075948,0.1265822784810126,0.0,4.256886075949367,4.347208860759494,F,ST,ST,F,ST,ST,LW,AM-W,Left Wide Forward,V13 zone-distribution rescue selected winger from repeated wide/high-wide average positions.,"v6_scores={'W': 3.474, 'ST': 2.78, 'SS': 3.413, 'DM': 1.382, 'CM': 2.859, 'AM': 3.223, 'CB': 0.212, 'FB': 2.2, 'WB': 2.876}; wide_pct=0.71; high_wide_pct=0.62; right_pct=0.04; left_pct=0.67; spatial_n=24.0",0.82,True,arbitrated_role_group,AM-W,W,Inside Forward,Wide Forward,94.4,0.888,0.567,198,,4,6,0,0,"shots_total_per90, xg_per90, goals_per90, dribbles_attempted_per90",,"composure, flair, vision, off the ball, pace",W,0.4076753725683467,0.43222863544924284,0.3654010859620166,0.5006788031022728,0.41673216743980857,0.4663208650699983,0.3654010859620166,0.5006788031022728,0.9062375714285714,1.0,0.504181269290074,0.8309513877150996,Playmaking Winger,W,Left,Inside Forward,Playmaking Winger
804909,Albert Guðmundsson,Albert Guðmundsson,2025-26,Serie A,Fiorentina,1,Serie A,1,Fiorentina,31,2107.0,1997-06-15,28.0,2026-04-29,Iceland,178.0,Right,F,F,attack,ST,W,5,"ST, W, F, AM, SS",medium,heuristic_stats,5.0,4.0,40.0,15.0,12.0,5.390899999999999,5.3815,2.26437758,7.0,5.0,6.0,2.0,775.0,671.0,279.0,245.0,496.0,426.0,31.0,42.0,29.0,54.0,12.0,1121.0,52.0,37.0,331.0,3369.8785460114627,65.0,1170.8900080459812,372.967092132087,1221.5310779376407,28.0,248.0,7.0,3.0,,2.0,12.0,,14.0,147.0,56.0,107.0,2.0,3.0,11.0,66.0,19.0,22.0,2.0,,32.0,27.0,3.0,1.0,1.0,,,,,,,,,,,,,,,,,18.347887992406264,10.0,0.0574276222116753,57.30578512396694,75.29972502291476,86.58064516129032,0.2135738016136687,0.170859041290935,1.70859041290935,0.6407214048410061,0.512577123872805,0.2302710014238253,0.2298694826767916,0.0967223456098718,0.2990033222591362,0.2562885619364025,33.10393925011865,28.66160417655434,11.917418130042714,10.465116279069768,21.186521120075938,18.196487897484577,1.324157570004746,1.7940199335548173,1.2387280493592785,2.306597057427622,0.512577123872805,47.883246321784526,2.2211675367821546,1.5804461319411485,14.13858566682487,143.94355440960211,2.7764594209776936,50.01428605796787,15.931199948689052,52.17740722087692,1.196013289036545,10.593260560037969,0.2990033222591362,0.1281442809682012,0.0854295206454675,0.512577123872805,0.5980066445182725,6.27906976744186,2.39202657807309,4.570479354532511,0.0854295206454675,0.1281442809682012,0.4698623635500712,2.819174181300427,0.8115804461319411,0.9397247271001424,,1.36687233032748,1.153298528713811,0.1281442809682012,,,,,,38.095238095238095,150.0,51.35135135135136,,,,,,,,,0.0854295206454675,,,,,0.0854295206454675,0.0427147603227337,0.2135738016136687,0.0427147603227337,,57.1404,65.3676,58.1545,66.9022,8.7668,9.3045,29.0,14.0,0.0,14.0,15.0,9.0,19.0,1.0,5.0,9.0,1.0,0.4828,0.0,0.4828,0.5172,0.3103,0.6552,0.0345,0.1724,0.3103,0.0345,mid_central,Left,season_collapsed_average_positions_v13,57.1404,65.3676,0.0427147603227337,0.783725638023998,0.0024530071186762,2.4478028766763287,3.2164097067215605,2.4407384907451357,2.7921613668723304,2.4840555291884194,2.857711438063597,0.3744717607973422,0.3974394874228761,1.2387280493592785,0.5980066445182725,0.0,0.5980066445182725,0.6407214048410061,0.3844328429046037,0.8115804461319411,0.0427147603227337,0.2135738016136687,0.3844328429046037,0.0427147603227337,2.4407384907451357,2.7921613668723304,F,ST,ST,F,ST,ST,LW,AM-W,Left Wide Forward,V13 zone-distribution rescue selected winger from repeated wide/high-wide average positions.,"v6_scores={'W': 2.951, 'ST': 1.22, 'SS': 2.115, 'DM': 0.814, 'CM': 2.352, 'AM': 2.018, 'CB': -0.269, 'FB': 2.225, 'WB': 2.601}; wide_pct=0.48; high_wide_pct=0.17; right_pct=0.00; left_pct=0.48; spatial_n=29.0",0.82,True,arbitrated_role_group,AM-W,W,Winger,Inside Winger,43.28,-0.1343,0.729,198,,6,7,0,1,"crosses_total_per90, crosses_accurate_per90, dribbles_attempted_per90, key_passes_per90, xa_per90, progressive_carries_per90",,"pace, acceleration, agility, flair, off the ball",W,0.3680754299210001,0.5089034329297535,0.3776991955583843,0.3469031455187547,0.4920139420040645,0.5460603129662692,0.3776991955583843,0.3469031455187547,0.804172,1.0,0.4948882258117197,0.827610842379626,Ball-Carrying Winger,W,Left,Winger,Ball-Carrying Winger
1020680,Jaidon Anthony,Jaidon Anthony,2025-26,Premier League,Burnley,1,Premier League,1,Burnley,34,2391.0,1999-12-01,26.0,2026-04-29,England,177.0,Right,M,M,midfield,M,AM,8,"M, AM, CM, ST, W, DM, WM, SS",low,heuristic_stats,7.0,1.0,48.0,20.0,16.0,4.4045000000000005,6.609699999999999,2.66120956,6.0,3.0,9.0,2.0,758.0,603.0,295.0,246.0,463.0,357.0,34.0,48.0,25.0,65.0,13.0,1325.0,81.0,84.0,271.0,2570.607263619082,41.0,742.0640780996171,341.6080250126451,1075.2295974390072,39.0,394.0,38.0,21.0,,15.0,24.0,,17.0,265.0,118.0,161.0,13.0,11.0,22.0,126.0,32.0,28.0,3.0,,20.0,40.0,4.0,,1.0,1.0,,2.65,4.49,1.32,0.9,0.26,,,,,,,,,,17.875784190715184,11.0,0.0372229192806357,70.28089887640449,78.4314024390244,79.55145118733509,0.2634880803011292,0.0376411543287327,1.806775407779172,0.7528230865746549,0.6022584692597239,0.1657904642409034,0.2487967377666248,0.1001709997490589,0.2258469259723965,0.3387703889585947,28.531994981179423,22.697616060225847,11.10414052697616,9.259723964868256,17.427854454203263,13.437892095357592,1.2797992471769135,1.806775407779172,0.9410288582183188,2.4466750313676284,0.4893350062735257,49.87452948557089,3.0489335006273524,3.161856963613551,10.200752823086574,96.76062472844724,1.5432873274780428,27.93214848555648,12.858520389434572,40.47288321602286,1.468005018820577,14.830614805520703,1.4303638644918444,0.7904642409033877,0.5646173149309912,0.903387703889586,0.6398996235884568,9.974905897114178,4.441656210790464,6.060225846925972,0.4893350062735257,0.4140526976160602,0.8281053952321205,4.742785445420326,1.204516938519448,1.053952321204517,,0.7528230865746549,1.5056461731493098,0.1505646173149309,0.0997490589711417,0.16900878293601,0.0496863237139272,0.0338770388958594,0.0097867001254705,44.528301886792455,84.61538461538461,38.095238095238095,,,,,,,,,0.1129234629861982,0.0376411543287327,,,,0.0752823086574654,,0.1129234629861982,0.0376411543287327,,56.7384,68.4626,57.2481,68.8175,6.6492,8.6008,33.0,20.0,0.0,20.0,13.0,6.0,27.0,0.0,4.0,16.0,0.0,0.6061,0.0,0.6061,0.3939,0.1818,0.8182,0.0,0.1212,0.4848,0.0,mid_left,Left,season_collapsed_average_positions_v13,56.7384,68.4626,0.0376411543287327,0.6728651514698313,0.0014011136492083,2.6454541609688014,2.952248523426263,2.13569887076537,2.5770112923462984,2.154884567126725,2.590370138017566,0.2502835633626097,0.3237440401505646,1.2421580928481806,0.7528230865746549,0.0,0.7528230865746549,0.4893350062735257,0.2258469259723965,1.0163111668757845,0.0,0.1505646173149309,0.6022584692597239,0.0,2.13569887076537,2.5770112923462984,M,M,M,M,M,M,LM,WM,Left Wide Midfield,V12 used season-collapsed spatial evidence because it was coherent with role-score evidence.,"v6_scores={'W': 2.786, 'ST': 1.031, 'SS': 2.007, 'DM': 1.74, 'CM': 2.428, 'AM': 1.974, 'CB': 0.157, 'FB': 2.577, 'WB': 2.442}; spatial=LM; spatial_strength=0.72; source_family=None; spatial_is_coherent=True",0.85,True,arbitrated_role_group,WM,W,Tracking Winger,Inside Forward,66.09,0.3219,1.0,198,,4,4,1,1,"recoveries_per90, tackles_won_per90, interceptions_per90, crosses_total_per90",distance_running_km_per90,"marking, work rate, stamina",W,0.3980746727633122,0.46305189494140625,0.46568118763116156,0.24934034005404349,0.4485410485556692,0.49497575699002794,0.46568118763116156,0.24934034005404349,0.8021336428571428,0.8500000000000001,0.48756061472375184,0.824971678099603,Winger,W,Left,Tracking Winger,Winger
895576,Marcus Tavernier,Marcus Tavernier,2025-26,Premier League,Bournemouth,1,Premier League,1,Bournemouth,30,2394.0,1999-03-22,27.0,2026-04-29,England,178.0,Left,M,M,midfield,AM,DM,4,"AM, DM, CM, M",medium,heuristic_stats,6.0,4.0,63.0,20.0,25.0,8.4609,4.8086,3.85734492,6.0,8.0,4.0,4.0,977.0,809.0,258.0,225.0,719.0,584.0,44.0,67.0,25.0,94.0,16.0,1557.0,66.0,78.0,344.0,3087.16466277837,38.0,824.733138316907,397.226953660289,891.223346092951,39.0,410.0,36.0,20.0,,15.0,35.0,,21.0,269.0,122.0,163.0,32.0,22.0,36.0,133.0,32.0,16.0,,,28.0,32.0,5.0,,,,,3.07,5.12,2.26,0.73,0.35,,,,,,,,,,16.781537176274018,16.0,0.0292397660818713,62.85714285714285,83.6473136915078,82.80450358239509,0.225563909774436,0.150375939849624,2.3684210526315788,0.7518796992481203,0.9398496240601504,0.318078947368421,0.1807744360902255,0.1450129669172932,0.225563909774436,0.150375939849624,36.72932330827068,30.413533834586467,9.699248120300751,8.458646616541353,27.030075187969924,21.954887218045112,1.6541353383458646,2.518796992481203,0.9398496240601504,3.5338345864661656,0.6015037593984962,58.53383458646616,2.481203007518797,2.9323308270676693,12.93233082706767,116.05882190896126,1.4285714285714286,31.00500519988372,14.933344122567254,33.50463707116357,1.466165413533835,15.413533834586469,1.3533834586466165,0.7518796992481203,0.5639097744360902,1.3157894736842106,0.7894736842105263,10.112781954887218,4.586466165413534,6.12781954887218,1.2030075187969924,0.8270676691729323,1.3533834586466165,5.0,1.2030075187969924,0.6015037593984962,,1.0526315789473684,1.2030075187969924,0.18796992481203,0.1154135338345864,0.1924812030075188,0.0849624060150375,0.0274436090225563,0.0131578947368421,45.35315985130112,68.75,41.02564102564103,,,,,,,,,,,,,,0.150375939849624,,0.3007518796992481,,,58.9895,52.3802,58.5574,52.7082,5.7718,17.7147,30.0,15.0,6.0,9.0,15.0,7.0,23.0,0.0,4.0,11.0,0.0,0.5,0.2,0.3,0.5,0.2333,0.7667,0.0,0.1333,0.3667,0.0,mid_central,Central/Mixed,season_collapsed_average_positions_v13,58.9895,52.3802,0.037593984962406,0.6308848562509028,0.0010992393263861,2.363050483351235,3.144635853064203,2.21765037593985,1.9691804511278197,2.2014060150375943,1.9815112781954884,0.216984962406015,0.6659661654135339,1.1278195488721805,0.5639097744360902,0.225563909774436,0.3383458646616541,0.5639097744360902,0.2631578947368421,0.8646616541353384,0.0,0.150375939849624,0.4135338345864661,0.0,2.21765037593985,1.9691804511278197,M,AM,AM,M,AM,AM,LW,AM-W,Left Wide Forward,V13 zone-distribution rescue selected winger from repeated wide/high-wide average positions.,"v6_scores={'W': 2.959, 'ST': 1.654, 'SS': 2.723, 'DM': 1.754, 'CM': 2.78, 'AM': 2.593, 'CB': 0.703, 'FB': 2.588, 'WB': 2.597}; wide_pct=0.50; high_wide_pct=0.13; right_pct=0.20; left_pct=0.30; spatial_n=30.0",0.82,True,arbitrated_role_group,AM-W,W,Tracking Winger,Inside Forward,71.65,0.4331,1.0,198,,4,4,1,1,"recoveries_per90, tackles_won_per90, interceptions_per90, crosses_total_per90",distance_running_km_per90,"marking, work rate, stamina",W,0.3738998611713884,0.4713475569301132,0.3846233634582782,0.3503081561402307,0.46289186903549656,0.48995007029826976,0.3846233634582782,0.3503081561402307,0.7504675,1.0,0.48171887890578496,0.8228644161484889,Goal Threat Winger,W,Left,Tracking Winger,Goal Threat Winger
1119502,Ernest Poku,Ernest Poku,2025-26,Bundesliga,Bayer 04 Leverkusen,1,Bundesliga,1,Bayer 04 Leverkusen,30,1459.0,2004-01-28,22.0,2026-04-29,Netherlands,172.0,Right,F,F,attack,ST,AM,4,"ST, AM, F, SS",low,heuristic_stats,5.0,5.0,27.0,9.0,9.0,3.0464,2.5186,4.34282889,4.0,4.0,3.0,3.0,550.0,459.0,140.0,118.0,410.0,341.0,28.0,13.0,7.0,11.0,,841.0,38.0,66.0,203.0,2214.223433836669,44.0,813.912462422039,347.587675243904,1058.82716064109,30.0,214.0,13.0,7.0,,8.0,15.0,,9.0,151.0,60.0,102.0,,2.0,17.0,43.0,28.0,13.0,,,4.0,17.0,,,,,,,,,,,,,,,,,,,,14.948594928032898,19.0,0.1960246744345442,56.81468531468531,74.4944612286002,83.45454545454545,0.3084304318026045,0.3084304318026045,1.6655243317340644,0.5551747772446881,0.5551747772446881,0.1879204934886909,0.1553625771076079,0.2678921179575051,0.2467443454420836,0.1850582590815627,33.9273474982865,28.313913639479097,8.636052090472926,7.278958190541466,25.29129540781357,21.03495544893763,1.7272104180945853,0.8019191226867718,0.4318026045236463,0.67854694996573,,51.87799862919808,2.344071281699794,4.07128169979438,12.522275531185745,136.5867779611379,2.71418779986292,50.20707444687012,21.44132335294816,65.31490367217143,1.850582590815627,13.200822481151471,0.8019191226867718,0.4318026045236463,0.4934886908841672,0.9252912954078136,0.5551747772446881,9.314599040438656,3.701165181631254,6.291980808773133,,0.1233721727210418,1.0486634681288554,2.652501713502399,1.7272104180945853,0.8019191226867718,,0.2467443454420836,1.0486634681288554,,,,,,,39.735099337748345,,42.42424242424242,,,,,,,,,,,,,,0.1850582590815627,,0.2467443454420836,,,65.2526,69.2145,64.6389,80.0154,6.4608,22.2985,27.0,25.0,4.0,21.0,2.0,19.0,8.0,0.0,18.0,7.0,0.0,0.9259,0.1481,0.7778,0.0741,0.7037,0.2963,0.0,0.6667,0.2593,0.0,high_left,Left,season_collapsed_average_positions_v13,65.2526,69.2145,0.0616860863605209,0.9221203176990822,0.0120919949959622,3.5046755848674973,4.595271768727908,4.025177518848527,4.269571624400275,3.987320767649075,4.935836874571625,0.3985414667580534,1.3755071967100754,1.6655243317340644,1.5421521590130227,0.2467443454420836,1.295407813570939,0.1233721727210418,1.172035640849897,0.4934886908841672,0.0,1.1103495544893762,0.4318026045236463,0.0,4.025177518848527,4.269571624400275,F,ST,ST,F,ST,ST,LW,AM-W,Left Wide Forward,V13 zone-distribution rescue selected winger from repeated wide/high-wide average positions.,"v6_scores={'W': 2.924, 'ST': 1.225, 'SS': 3.166, 'DM': 1.038, 'CM': 2.57, 'AM': 2.947, 'CB': 0.255, 'FB': 1.675, 'WB': 2.377}; wide_pct=0.93; high_wide_pct=0.67; right_pct=0.15; left_pct=0.78; spatial_n=27.0",0.82,True,arbitrated_role_group,AM-W,W,Playmaking Winger,Inside Winger,78.97,0.5795,0.567,198,,4,6,0,0,"key_passes_per90, xa_per90, dribbles_attempted_per90, passes_opposition_half_total_per90",,"vision, technique, decisions, composure, flair",W,0.3647773060543451,0.3874560452902866,0.306999797297408,0.4918878253196069,0.38520060086854163,0.39241802301812556,0.306999797297408,0.4918878253196069,0.9552112142857143,1.0,0.4727835087510085,0.8196355674250982,Playmaking Winger,W,Left,Playmaking Winger,Playmaking Winger
822877,Alexis Claude-Maurice,Alexis Claude-Maurice,2025-26,Bundesliga,FC Augsburg,1,Bundesliga,1,FC Augsburg,28,2006.0,1998-06-06,27.0,2026-04-29,France,174.0,Right,F,F,attack,ST,W,4,"ST, W, M, SS",medium,heuristic_stats,5.0,4.0,69.0,25.0,31.0,6.7024,4.6947,2.9534741400000004,4.0,5.0,1.0,3.0,693.0,586.0,253.0,225.0,440.0,361.0,29.0,20.0,7.0,64.0,15.0,1193.0,69.0,80.0,253.0,2480.924133007917,39.0,808.166698082675,356.677315505652,769.4561275118695,45.0,313.0,40.0,24.0,,5.0,10.0,,14.0,296.0,140.0,156.0,28.0,17.0,34.0,88.0,43.0,18.0,1.0,,23.0,41.0,3.0,,,,,,,,,,,,,,,,,,,18.205882352941178,20.0,0.036889332003988,56.41891891891892,75.55329457364341,84.55988455988457,0.2243270189431704,0.1794616151545364,3.0957128614157527,1.1216350947158524,1.390827517447657,0.3007058823529411,0.2106296111665005,0.1325088098703888,0.1794616151545364,0.0448654037886341,31.09172482552343,26.291126620139583,11.350947158524429,10.094715852442672,19.740777666999,16.19641076769691,1.3010967098703887,0.8973080757726819,0.3140578265204387,2.8713858424725824,0.6729810568295115,53.52442671984048,3.0957128614157527,3.589232303090728,11.350947158524429,111.30766299636716,1.7497507477567298,36.25872523800636,16.00247178240712,34.52195985845875,2.0189431704885346,14.042871385842473,1.7946161515453638,1.0767696909272184,0.2243270189431704,0.4486540378863409,0.6281156530408774,13.280159521435692,6.281156530408774,6.999002991026919,1.2562313060817547,0.7627118644067796,1.5254237288135593,3.9481555333998006,1.9292123629112663,0.8075772681954138,,1.0319042871385842,1.839481555333998,0.1345962113659023,,,,,,47.2972972972973,60.71428571428572,53.75,,,,,,,,,0.0448654037886341,,,,,0.1345962113659023,,0.2243270189431704,,,57.633,66.6458,57.4921,67.0119,5.9412,4.0914,27.0,14.0,0.0,14.0,13.0,5.0,22.0,0.0,3.0,11.0,0.0,0.5185,0.0,0.5185,0.4815,0.1852,0.8148,0.0,0.1111,0.4074,0.0,mid_central,Left,season_collapsed_average_positions_v13,57.633,66.6458,0.0448654037886341,0.8168142630930738,0.0016550547758519,2.531257578615505,3.3897290686081294,2.585727816550349,2.99009072781655,2.57940628115653,3.006515952143569,0.2665543369890329,0.1835623130608175,1.211365902293121,0.6281156530408774,0.0,0.6281156530408774,0.5832502492522432,0.2243270189431704,0.9870388833499502,0.0,0.1345962113659023,0.4935194416749751,0.0,2.585727816550349,2.99009072781655,F,ST,ST,F,ST,ST,LW,AM-W,Left Wide Forward,V13 zone-distribution rescue selected winger from repeated wide/high-wide average positions.,"v6_scores={'W': 3.256, 'ST': 1.953, 'SS': 2.318, 'DM': 1.415, 'CM': 2.6, 'AM': 2.227, 'CB': 0.151, 'FB': 2.73, 'WB': 2.822}; wide_pct=0.52; high_wide_pct=0.11; right_pct=0.00; left_pct=0.52; spatial_n=27.0",0.82,True,arbitrated_role_group,AM-W,W,Wide Forward,Inside Forward,71.02,0.4204,0.567,198,,4,6,0,1,"shots_total_per90, xg_per90, dribbles_attempted_per90, progressive_carries_per90",,"off the ball, pace, acceleration, agility, anticipation",W,0.34879213676296555,0.4575363237232323,0.31523821691479936,0.42261076042893125,0.4508224497682195,0.47230684642426035,0.31523821691479936,0.42261076042893125,0.7871984999999999,1.0,0.4677636851658823,0.817818617081292,Goal Threat Winger,W,Left,Wide Forward,Goal Threat Winger
1800475,Said El Mala,Said El Mala,2025-26,Bundesliga,1. FC Köln,1,Bundesliga,1,1. FC Köln,31,1716.0,2006-08-26,19.0,2026-04-29,Germany,185.0,Right,M,F,attack,ST,M,6,"ST, M, CM, AM, F, W",low,heuristic_stats,11.0,4.0,70.0,28.0,30.0,10.4172,9.0158,2.01138051,6.0,16.0,16.0,3.0,307.0,224.0,64.0,53.0,243.0,171.0,19.0,9.0,4.0,38.0,9.0,780.0,64.0,109.0,172.0,1945.822413417225,39.0,773.1684905614391,462.990461516932,723.1859579407939,37.0,292.0,21.0,13.0,,6.0,5.0,,12.0,225.0,98.0,143.0,19.0,16.0,18.0,57.0,41.0,9.0,,,12.0,20.0,3.0,,,,,,,,,,,,,,,,,,,18.248834498834498,13.0,0.2173659673659673,61.05361930294906,75.93952967525196,72.9641693811075,0.5769230769230769,0.2097902097902098,3.6713286713286712,1.4685314685314683,1.573426573426573,0.5463566433566435,0.4728566433566433,0.1054919847902097,0.3146853146853147,0.8391608391608392,16.1013986013986,11.748251748251748,3.3566433566433567,2.77972027972028,12.744755244755243,8.968531468531468,0.9965034965034965,0.472027972027972,0.2097902097902098,1.993006993006993,0.472027972027972,40.90909090909091,3.3566433566433567,5.716783216783217,9.020979020979022,102.053623081323,2.0454545454545454,40.55079495951603,24.2827165131258,37.92933345843324,1.9405594405594409,15.314685314685317,1.1013986013986017,0.6818181818181818,0.3146853146853147,0.2622377622377622,0.6293706293706294,11.8006993006993,5.13986013986014,7.5,0.9965034965034965,0.8391608391608392,0.944055944055944,2.9895104895104896,2.1503496503496504,0.472027972027972,,0.6293706293706294,1.048951048951049,0.1573426573426573,,,,,,43.55555555555556,84.21052631578948,37.61467889908257,,,,,,,,,,,,,,0.1573426573426573,,0.8391608391608392,,,67.2906,75.4926,65.8346,77.595,6.4823,9.294,31.0,25.0,0.0,25.0,6.0,25.0,6.0,0.0,20.0,5.0,0.0,0.8065,0.0,0.8065,0.1935,0.8065,0.1935,0.0,0.6452,0.1613,0.0,high_left,Left,season_collapsed_average_positions_v13,67.2906,75.4926,0.0524475524475524,0.9571067044843268,0.0114003129737395,3.2021129005043214,3.982842465485243,3.5292272727272724,3.959402097902098,3.452863636363636,4.069667832167832,0.3399807692307692,0.4874475524475524,1.6258741258741258,1.3111888111888113,0.0,1.3111888111888113,0.3146853146853147,1.3111888111888113,0.3146853146853147,0.0,1.048951048951049,0.2622377622377622,0.0,3.5292272727272724,3.959402097902098,M,ST,ST,M,ST,ST,LW,AM-W,Left Wide Forward,V13 zone-distribution rescue selected winger from repeated wide/high-wide average positions.,"v6_scores={'W': 3.419, 'ST': 2.701, 'SS': 1.812, 'DM': 0.839, 'CM': 1.929, 'AM': 1.891, 'CB': 0.115, 'FB': 2.262, 'WB': 2.54}; wide_pct=0.81; high_wide_pct=0.65; right_pct=0.00; left_pct=0.81; spatial_n=31.0",0.82,True,arbitrated_role_group,AM-W,W,Inside Forward,Wide Forward,96.7,0.9339,0.567,198,,4,6,0,0,"shots_total_per90, xg_per90, goals_per90, dribbles_attempted_per90",,"composure, flair, vision, off the ball, pace",W,0.4601882211810873,0.17655897067889995,0.4085470551489633,0.5737987864517602,0.1496406575695786,0.2357792595194069,0.4085470551489633,0.5737987864517602,0.957673,1.0,0.46319895292110136,0.8161645003668513,1v1 Winger,W,Left,Inside Forward,1v1 Winger
135666,Leandro Trossard,Leandro Trossard,2025-26,Premier League,Arsenal,1,Premier League,1,Arsenal,31,1737.0,1994-12-04,31.0,2026-04-29,Belgium,172.0,Right,F,F,attack,ST,W,6,"ST, W, AM, F, DM, SS",medium,heuristic_stats,5.0,5.0,44.0,11.0,15.0,4.8222000000000005,3.6453,2.7756985000000003,5.0,6.0,5.0,2.0,656.0,498.0,139.0,115.0,517.0,383.0,32.0,67.0,29.0,54.0,13.0,1046.0,42.0,47.0,200.0,1942.73879369,36.0,605.2546287700001,249.928585665,613.6340751100001,37.0,313.0,26.0,17.0,,9.0,14.0,,19.0,178.0,82.0,104.0,4.0,6.0,9.0,69.0,17.0,16.0,1.0,,13.0,34.0,1.0,,,,,,,,,,,,,,,,,,,16.703511801957397,19.0,0.1658031088082901,56.61111111111112,79.97249190938511,75.91463414634147,0.2590673575129533,0.2590673575129533,2.2797927461139897,0.5699481865284974,0.7772020725388601,0.2498549222797927,0.1888756476683938,0.1438185751295337,0.2590673575129533,0.2590673575129533,33.98963730569948,25.803108808290155,7.202072538860104,5.958549222797927,26.787564766839377,19.844559585492227,1.6580310880829014,3.471502590673575,1.5025906735751295,2.7979274611398965,0.6735751295336787,54.196891191709845,2.1761658031088085,2.435233160621762,10.362694300518134,100.6600411238342,1.865284974093264,31.360343459585494,12.949667651036272,31.79451166373057,1.9170984455958548,16.21761658031088,1.3471502590673574,0.8808290155440415,0.466321243523316,0.7253886010362695,0.9844559585492229,9.22279792746114,4.248704663212435,5.38860103626943,0.2072538860103626,0.310880829015544,0.466321243523316,3.5751295336787563,0.8808290155440415,0.8290155440414507,,0.6735751295336787,1.761658031088083,0.0518134715025906,,,,,,46.06741573033708,150.0,36.17021276595744,,,,,,,,,0.0518134715025906,,,,,0.1036269430051813,,0.310880829015544,,,61.1227,76.9867,62.1255,77.8494,7.0183,5.9095,28.0,27.0,0.0,27.0,1.0,14.0,14.0,0.0,13.0,14.0,0.0,0.9643,0.0,0.9643,0.0357,0.5,0.5,0.0,0.4643,0.5,0.0,mid_left,Left,season_collapsed_average_positions_v13,61.1227,76.9867,0.0518134715025906,0.8654669327439066,0.0085908346532792,2.9332181922855503,4.143652430538088,3.1669792746113994,3.988948186528497,3.218937823834197,4.033647668393782,0.3636424870466321,0.3061917098445596,1.450777202072539,1.3989637305699485,0.0,1.3989637305699485,0.0518134715025906,0.7253886010362695,0.7253886010362695,0.0,0.6735751295336787,0.7253886010362695,0.0,3.1669792746113994,3.988948186528497,F,ST,ST,F,ST,ST,LW,AM-W,Left Wide Forward,V13 zone-distribution rescue selected winger from repeated wide/high-wide average positions.,"v6_scores={'W': 2.882, 'ST': 1.465, 'SS': 2.719, 'DM': 1.51, 'CM': 2.697, 'AM': 2.615, 'CB': 0.253, 'FB': 2.594, 'WB': 2.596}; wide_pct=0.96; high_wide_pct=0.46; right_pct=0.00; left_pct=0.96; spatial_n=28.0",0.82,True,arbitrated_role_group,AM-W,W,Playmaking Winger,Tracking Winger,60.24,0.2048,0.708,198,,5,6,0,0,"key_passes_per90, xa_per90, crosses_accurate_per90, dribbles_attempted_per90, passes_opposition_half_total_per90",,"vision, technique, decisions, composure, flair",W,0.19482659054698606,0.5561750551746517,0.14122938645464442,0.3127404395501377,0.543445004774279,0.5841811660554715,0.14122938645464442,0.3127404395501377,0.9181755,1.0,0.4262330109722241,0.8027019491758018,Winger,W,Left,Playmaking Winger,Winger
