player_id,player_name,event_id,endpoint,category,action_type,match_date,home_team,away_team,team,minutes_played_matchlog,minute,x,y,end_x,end_y,success,successful,success_flag,success_source,outcome,accurate,won,is_assist,is_key_pass,pass_subtype,_endpoint,endpoint_available,playerCoordinates_x,playerCoordinates_y,passEndCoordinates_x,passEndCoordinates_y,eventActionType,isHome,keypass,isLongBall,_raw_action
1031251,Antonín Kinský,16363242,rating-breakdown,passes,passes,,,,Tottenham Hotspur,90.0,,24.8,55.4,73.3,77.6,True,True,1,boolean_field,success,True,,False,False,pass,rating-breakdown,True,24.8,55.4,73.3,77.6,pass,False,False,True,"{""playerCoordinates"": {""x"": 24.8, ""y"": 55.4}, ""passEndCoordinates"": {""x"": 73.3, ""y"": 77.6}, ""eventActionType"": ""pass"", ""isHome"": false, ""outcome"": true, ""keypass"": false, ""isLongBall"": true}"
1031251,Antonín Kinský,16363242,rating-breakdown,passes,passes,,,,Tottenham Hotspur,90.0,,5.4,51.9,6,70.9,True,True,1,boolean_field,success,True,,False,False,pass,rating-breakdown,True,5.4,51.9,6,70.9,pass,False,False,,"{""playerCoordinates"": {""x"": 5.4, ""y"": 51.9}, ""passEndCoordinates"": {""x"": 6, ""y"": 70.9}, ""eventActionType"": ""pass"", ""isHome"": false, ""outcome"": true, ""keypass"": false}"
1031251,Antonín Kinský,16363242,rating-breakdown,passes,passes,,,,Tottenham Hotspur,90.0,,13.5,57.6,17.2,39.5,True,True,1,boolean_field,success,True,,False,False,pass,rating-breakdown,True,13.5,57.6,17.2,39.5,pass,False,False,,"{""playerCoordinates"": {""x"": 13.5, ""y"": 57.6}, ""passEndCoordinates"": {""x"": 17.2, ""y"": 39.5}, ""eventActionType"": ""pass"", ""isHome"": false, ""outcome"": true, ""keypass"": false}"
1031251,Antonín Kinský,16363242,rating-breakdown,passes,passes,,,,Tottenham Hotspur,90.0,,9,51,64.7,67.2,True,True,1,boolean_field,success,True,,False,False,pass,rating-breakdown,True,9,51,64.7,67.2,pass,False,False,True,"{""playerCoordinates"": {""x"": 9, ""y"": 51}, ""passEndCoordinates"": {""x"": 64.7, ""y"": 67.2}, ""eventActionType"": ""pass"", ""isHome"": false, ""outcome"": true, ""keypass"": false, ""isLongBall"": true}"
1031251,Antonín Kinský,16363242,rating-breakdown,passes,passes,,,,Tottenham Hotspur,90.0,,6.2,58.5,13.8,85.3,True,True,1,boolean_field,success,True,,False,False,pass,rating-breakdown,True,6.2,58.5,13.8,85.3,pass,False,False,,"{""playerCoordinates"": {""x"": 6.2, ""y"": 58.5}, ""passEndCoordinates"": {""x"": 13.8, ""y"": 85.3}, ""eventActionType"": ""pass"", ""isHome"": false, ""outcome"": true, ""keypass"": false}"
1031251,Antonín Kinský,16363242,rating-breakdown,passes,passes,,,,Tottenham Hotspur,90.0,,7.1,41.5,14.5,12.2,,,,unresolvable,,,,False,False,pass,rating-breakdown,True,7.1,41.5,14.5,12.2,pass,False,False,,"{""playerCoordinates"": {""x"": 7.1, ""y"": 41.5}, ""passEndCoordinates"": {""x"": 14.5, ""y"": 12.2}, ""eventActionType"": ""pass"", ""isHome"": false, ""keypass"": false}"
1031251,Antonín Kinský,16363242,rating-breakdown,passes,passes,,,,Tottenham Hotspur,90.0,,11.9,39.4,29.3,5,True,True,1,boolean_field,success,True,,False,False,pass,rating-breakdown,True,11.9,39.4,29.3,5,pass,False,False,,"{""playerCoordinates"": {""x"": 11.9, ""y"": 39.4}, ""passEndCoordinates"": {""x"": 29.3, ""y"": 5}, ""eventActionType"": ""pass"", ""isHome"": false, ""outcome"": true, ""keypass"": false}"
1031251,Antonín Kinský,16363242,rating-breakdown,passes,passes,,,,Tottenham Hotspur,90.0,,27.5,56.9,68.6,71.5,,,,unresolvable,,,,False,False,pass,rating-breakdown,True,27.5,56.9,68.6,71.5,pass,False,False,True,"{""playerCoordinates"": {""x"": 27.5, ""y"": 56.9}, ""passEndCoordinates"": {""x"": 68.6, ""y"": 71.5}, ""eventActionType"": ""pass"", ""isHome"": false, ""keypass"": false, ""isLongBall"": true}"
1031251,Antonín Kinský,16363242,rating-breakdown,passes,passes,,,,Tottenham Hotspur,90.0,,4.8,49.4,65.2,51.6,,,,unresolvable,,,,False,False,pass,rating-breakdown,True,4.8,49.4,65.2,51.6,pass,False,False,True,"{""playerCoordinates"": {""x"": 4.8, ""y"": 49.4}, ""passEndCoordinates"": {""x"": 65.2, ""y"": 51.6}, ""eventActionType"": ""pass"", ""isHome"": false, ""keypass"": false, ""isLongBall"": true}"
1031251,Antonín Kinský,16363242,rating-breakdown,passes,passes,,,,Tottenham Hotspur,90.0,,11.9,54.5,19.3,18.6,True,True,1,boolean_field,success,True,,False,False,pass,rating-breakdown,True,11.9,54.5,19.3,18.6,pass,False,False,,"{""playerCoordinates"": {""x"": 11.9, ""y"": 54.5}, ""passEndCoordinates"": {""x"": 19.3, ""y"": 18.6}, ""eventActionType"": ""pass"", ""isHome"": false, ""outcome"": true, ""keypass"": false}"
1031251,Antonín Kinský,16363242,rating-breakdown,passes,passes,,,,Tottenham Hotspur,90.0,,9.8,51.1,11.5,69.1,True,True,1,boolean_field,success,True,,False,False,pass,rating-breakdown,True,9.8,51.1,11.5,69.1,pass,False,False,,"{""playerCoordinates"": {""x"": 9.8, ""y"": 51.1}, ""passEndCoordinates"": {""x"": 11.5, ""y"": 69.1}, ""eventActionType"": ""pass"", ""isHome"": false, ""outcome"": true, ""keypass"": false}"
1031251,Antonín Kinský,16363242,rating-breakdown,passes,passes,,,,Tottenham Hotspur,90.0,,7.5,60.2,10.7,82,True,True,1,boolean_field,success,True,,False,False,pass,rating-breakdown,True,7.5,60.2,10.7,82,pass,False,False,,"{""playerCoordinates"": {""x"": 7.5, ""y"": 60.2}, ""passEndCoordinates"": {""x"": 10.7, ""y"": 82}, ""eventActionType"": ""pass"", ""isHome"": false, ""outcome"": true, ""keypass"": false}"
1031251,Antonín Kinský,16363242,rating-breakdown,passes,passes,,,,Tottenham Hotspur,90.0,,17.3,75.6,63.4,74.7,,,,unresolvable,,,,False,False,pass,rating-breakdown,True,17.3,75.6,63.4,74.7,pass,False,False,True,"{""playerCoordinates"": {""x"": 17.3, ""y"": 75.6}, ""passEndCoordinates"": {""x"": 63.4, ""y"": 74.7}, ""eventActionType"": ""pass"", ""isHome"": false, ""keypass"": false, ""isLongBall"": true}"
1031251,Antonín Kinský,16363242,rating-breakdown,passes,passes,,,,Tottenham Hotspur,90.0,,13.4,52.6,23.6,56.2,True,True,1,boolean_field,success,True,,False,False,pass,rating-breakdown,True,13.4,52.6,23.6,56.2,pass,False,False,,"{""playerCoordinates"": {""x"": 13.4, ""y"": 52.6}, ""passEndCoordinates"": {""x"": 23.6, ""y"": 56.2}, ""eventActionType"": ""pass"", ""isHome"": false, ""outcome"": true, ""keypass"": false}"
1031251,Antonín Kinský,16363242,rating-breakdown,passes,passes,,,,Tottenham Hotspur,90.0,,15.9,57.3,59.2,92,True,True,1,boolean_field,success,True,,False,False,pass,rating-breakdown,True,15.9,57.3,59.2,92,pass,False,False,True,"{""playerCoordinates"": {""x"": 15.9, ""y"": 57.3}, ""passEndCoordinates"": {""x"": 59.2, ""y"": 92}, ""eventActionType"": ""pass"", ""isHome"": false, ""outcome"": true, ""keypass"": false, ""isLongBall"": true}"
1031251,Antonín Kinský,16363242,rating-breakdown,passes,passes,,,,Tottenham Hotspur,90.0,,3.3,58.7,8.4,32.7,True,True,1,boolean_field,success,True,,False,False,pass,rating-breakdown,True,3.3,58.7,8.4,32.7,pass,False,False,,"{""playerCoordinates"": {""x"": 3.3, ""y"": 58.7}, ""passEndCoordinates"": {""x"": 8.4, ""y"": 32.7}, ""eventActionType"": ""pass"", ""isHome"": false, ""outcome"": true, ""keypass"": false}"
1031251,Antonín Kinský,16363242,rating-breakdown,passes,passes,,,,Tottenham Hotspur,90.0,,8.6,50.1,12.2,71.7,True,True,1,boolean_field,success,True,,False,False,pass,rating-breakdown,True,8.6,50.1,12.2,71.7,pass,False,False,,"{""playerCoordinates"": {""x"": 8.6, ""y"": 50.1}, ""passEndCoordinates"": {""x"": 12.2, ""y"": 71.7}, ""eventActionType"": ""pass"", ""isHome"": false, ""outcome"": true, ""keypass"": false}"
1031251,Antonín Kinský,16363242,rating-breakdown,passes,passes,,,,Tottenham Hotspur,90.0,,7.9,54.3,15.4,80.8,True,True,1,boolean_field,success,True,,False,False,pass,rating-breakdown,True,7.9,54.3,15.4,80.8,pass,False,False,,"{""playerCoordinates"": {""x"": 7.9, ""y"": 54.3}, ""passEndCoordinates"": {""x"": 15.4, ""y"": 80.8}, ""eventActionType"": ""pass"", ""isHome"": false, ""outcome"": true, ""keypass"": false}"
1031251,Antonín Kinský,16363242,rating-breakdown,passes,passes,,,,Tottenham Hotspur,90.0,,15.4,71.4,20.9,75.4,True,True,1,boolean_field,success,True,,False,False,pass,rating-breakdown,True,15.4,71.4,20.9,75.4,pass,False,False,,"{""playerCoordinates"": {""x"": 15.4, ""y"": 71.4}, ""passEndCoordinates"": {""x"": 20.9, ""y"": 75.4}, ""eventActionType"": ""pass"", ""isHome"": false, ""outcome"": true, ""keypass"": false}"
1031251,Antonín Kinský,16363242,rating-breakdown,passes,passes,,,,Tottenham Hotspur,90.0,,14.6,62.7,36.5,65.7,True,True,1,boolean_field,success,True,,False,False,pass,rating-breakdown,True,14.6,62.7,36.5,65.7,pass,False,False,,"{""playerCoordinates"": {""x"": 14.6, ""y"": 62.7}, ""passEndCoordinates"": {""x"": 36.5, ""y"": 65.7}, ""eventActionType"": ""pass"", ""isHome"": false, ""outcome"": true, ""keypass"": false}"
1031251,Antonín Kinský,16363242,rating-breakdown,passes,passes,,,,Tottenham Hotspur,90.0,,14.2,51.9,58.1,91.5,,,,unresolvable,,,,False,False,pass,rating-breakdown,True,14.2,51.9,58.1,91.5,pass,False,False,True,"{""playerCoordinates"": {""x"": 14.2, ""y"": 51.9}, ""passEndCoordinates"": {""x"": 58.1, ""y"": 91.5}, ""eventActionType"": ""pass"", ""isHome"": false, ""keypass"": false, ""isLongBall"": true}"
1031251,Antonín Kinský,16363242,rating-breakdown,passes,passes,,,,Tottenham Hotspur,90.0,,17.3,49.3,28.9,30.1,True,True,1,boolean_field,success,True,,False,False,pass,rating-breakdown,True,17.3,49.3,28.9,30.1,pass,False,False,,"{""playerCoordinates"": {""x"": 17.3, ""y"": 49.3}, ""passEndCoordinates"": {""x"": 28.9, ""y"": 30.1}, ""eventActionType"": ""pass"", ""isHome"": false, ""outcome"": true, ""keypass"": false}"
1031251,Antonín Kinský,16363242,rating-breakdown,passes,passes,,,,Tottenham Hotspur,90.0,,13.3,48.1,29,14.1,True,True,1,boolean_field,success,True,,False,False,pass,rating-breakdown,True,13.3,48.1,29,14.1,pass,False,False,,"{""playerCoordinates"": {""x"": 13.3, ""y"": 48.1}, ""passEndCoordinates"": {""x"": 29, ""y"": 14.1}, ""eventActionType"": ""pass"", ""isHome"": false, ""outcome"": true, ""keypass"": false}"
1031251,Antonín Kinský,16363242,rating-breakdown,passes,passes,,,,Tottenham Hotspur,90.0,,22.4,53.4,29.1,41.5,True,True,1,boolean_field,success,True,,False,False,pass,rating-breakdown,True,22.4,53.4,29.1,41.5,pass,False,False,,"{""playerCoordinates"": {""x"": 22.4, ""y"": 53.4}, ""passEndCoordinates"": {""x"": 29.1, ""y"": 41.5}, ""eventActionType"": ""pass"", ""isHome"": false, ""outcome"": true, ""keypass"": false}"
1031251,Antonín Kinský,16363242,rating-breakdown,passes,passes,,,,Tottenham Hotspur,90.0,,6.8,66.6,41.9,79.7,,,,unresolvable,,,,False,False,pass,rating-breakdown,True,6.8,66.6,41.9,79.7,pass,False,False,True,"{""playerCoordinates"": {""x"": 6.8, ""y"": 66.6}, ""passEndCoordinates"": {""x"": 41.9, ""y"": 79.7}, ""eventActionType"": ""pass"", ""isHome"": false, ""keypass"": false, ""isLongBall"": true}"
1031251,Antonín Kinský,16363242,rating-breakdown,passes,passes,,,,Tottenham Hotspur,90.0,,9.4,51.7,53.8,100,,,,unresolvable,,,,False,False,pass,rating-breakdown,True,9.4,51.7,53.8,100,pass,False,False,True,"{""playerCoordinates"": {""x"": 9.4, ""y"": 51.7}, ""passEndCoordinates"": {""x"": 53.8, ""y"": 100}, ""eventActionType"": ""pass"", ""isHome"": false, ""keypass"": false, ""isLongBall"": true}"
1031251,Antonín Kinský,16363242,rating-breakdown,passes,passes,,,,Tottenham Hotspur,90.0,,9.4,54,68.6,67.5,,,,unresolvable,,,,False,False,pass,rating-breakdown,True,9.4,54,68.6,67.5,pass,False,False,True,"{""playerCoordinates"": {""x"": 9.4, ""y"": 54}, ""passEndCoordinates"": {""x"": 68.6, ""y"": 67.5}, ""eventActionType"": ""pass"", ""isHome"": false, ""keypass"": false, ""isLongBall"": true}"
1031251,Antonín Kinský,16363242,rating-breakdown,passes,passes,,,,Tottenham Hotspur,90.0,,27.3,49.9,34.4,20.1,True,True,1,boolean_field,success,True,,False,False,pass,rating-breakdown,True,27.3,49.9,34.4,20.1,pass,False,False,,"{""playerCoordinates"": {""x"": 27.3, ""y"": 49.9}, ""passEndCoordinates"": {""x"": 34.4, ""y"": 20.1}, ""eventActionType"": ""pass"", ""isHome"": false, ""outcome"": true, ""keypass"": false}"
1031251,Antonín Kinský,16363242,rating-breakdown,passes,passes,,,,Tottenham Hotspur,90.0,,14.1,60.2,45.2,91.6,,,,unresolvable,,,,False,False,pass,rating-breakdown,True,14.1,60.2,45.2,91.6,pass,False,False,True,"{""playerCoordinates"": {""x"": 14.1, ""y"": 60.2}, ""passEndCoordinates"": {""x"": 45.2, ""y"": 91.6}, ""eventActionType"": ""pass"", ""isHome"": false, ""keypass"": false, ""isLongBall"": true}"
1031251,Antonín Kinský,16363242,rating-breakdown,passes,passes,,,,Tottenham Hotspur,90.0,,27.1,51,39,51.8,True,True,1,boolean_field,success,True,,False,False,pass,rating-breakdown,True,27.1,51,39,51.8,pass,False,False,,"{""playerCoordinates"": {""x"": 27.1, ""y"": 51}, ""passEndCoordinates"": {""x"": 39, ""y"": 51.8}, ""eventActionType"": ""pass"", ""isHome"": false, ""outcome"": true, ""keypass"": false}"
1031251,Antonín Kinský,16363242,rating-breakdown,passes,passes,,,,Tottenham Hotspur,90.0,,4.3,57.6,23.1,56.3,True,True,1,boolean_field,success,True,,False,False,pass,rating-breakdown,True,4.3,57.6,23.1,56.3,pass,False,False,,"{""playerCoordinates"": {""x"": 4.3, ""y"": 57.6}, ""passEndCoordinates"": {""x"": 23.1, ""y"": 56.3}, ""eventActionType"": ""pass"", ""isHome"": false, ""outcome"": true, ""keypass"": false}"
1031251,Antonín Kinský,16363242,rating-breakdown,passes,passes,,,,Tottenham Hotspur,90.0,,10.7,45.2,41.8,12.8,,,,unresolvable,,,,False,False,pass,rating-breakdown,True,10.7,45.2,41.8,12.8,pass,False,False,True,"{""playerCoordinates"": {""x"": 10.7, ""y"": 45.2}, ""passEndCoordinates"": {""x"": 41.8, ""y"": 12.8}, ""eventActionType"": ""pass"", ""isHome"": false, ""keypass"": false, ""isLongBall"": true}"
1031251,Antonín Kinský,16363242,rating-breakdown,passes,passes,,,,Tottenham Hotspur,90.0,,5,47.9,41.5,3.2,,,,unresolvable,,,,False,False,pass,rating-breakdown,True,5,47.9,41.5,3.2,pass,False,False,True,"{""playerCoordinates"": {""x"": 5, ""y"": 47.9}, ""passEndCoordinates"": {""x"": 41.5, ""y"": 3.2}, ""eventActionType"": ""pass"", ""isHome"": false, ""keypass"": false, ""isLongBall"": true}"
1031251,Antonín Kinský,16363242,rating-breakdown,passes,passes,,,,Tottenham Hotspur,90.0,,26.1,47.2,31.5,72.9,True,True,1,boolean_field,success,True,,False,False,pass,rating-breakdown,True,26.1,47.2,31.5,72.9,pass,False,False,,"{""playerCoordinates"": {""x"": 26.1, ""y"": 47.2}, ""passEndCoordinates"": {""x"": 31.5, ""y"": 72.9}, ""eventActionType"": ""pass"", ""isHome"": false, ""outcome"": true, ""keypass"": false}"
1031251,Antonín Kinský,16363242,rating-breakdown,passes,passes,,,,Tottenham Hotspur,90.0,,10,43,28.6,51,True,True,1,boolean_field,success,True,,False,False,pass,rating-breakdown,True,10,43,28.6,51,pass,False,False,,"{""playerCoordinates"": {""x"": 10, ""y"": 43}, ""passEndCoordinates"": {""x"": 28.6, ""y"": 51}, ""eventActionType"": ""pass"", ""isHome"": false, ""outcome"": true, ""keypass"": false}"
1031251,Antonín Kinský,16363242,rating-breakdown,passes,passes,,,,Tottenham Hotspur,90.0,,7.7,54,14.2,53.4,True,True,1,boolean_field,success,True,,False,False,pass,rating-breakdown,True,7.7,54,14.2,53.4,pass,False,False,,"{""playerCoordinates"": {""x"": 7.7, ""y"": 54}, ""passEndCoordinates"": {""x"": 14.2, ""y"": 53.4}, ""eventActionType"": ""pass"", ""isHome"": false, ""outcome"": true, ""keypass"": false}"
1031251,Antonín Kinský,16363242,rating-breakdown,passes,passes,,,,Tottenham Hotspur,90.0,,4.9,48.1,12.1,81.1,True,True,1,boolean_field,success,True,,False,False,pass,rating-breakdown,True,4.9,48.1,12.1,81.1,pass,False,False,,"{""playerCoordinates"": {""x"": 4.9, ""y"": 48.1}, ""passEndCoordinates"": {""x"": 12.1, ""y"": 81.1}, ""eventActionType"": ""pass"", ""isHome"": false, ""outcome"": true, ""keypass"": false}"
1031251,Antonín Kinský,16363242,rating-breakdown,passes,passes,,,,Tottenham Hotspur,90.0,,5.5,51,43.3,63,,,,unresolvable,,,,False,False,pass,rating-breakdown,True,5.5,51,43.3,63,pass,False,False,True,"{""playerCoordinates"": {""x"": 5.5, ""y"": 51}, ""passEndCoordinates"": {""x"": 43.3, ""y"": 63}, ""eventActionType"": ""pass"", ""isHome"": false, ""keypass"": false, ""isLongBall"": true}"
1031251,Antonín Kinský,16363242,rating-breakdown,passes,passes,,,,Tottenham Hotspur,90.0,,13,49.6,38.7,12.9,True,True,1,boolean_field,success,True,,False,False,pass,rating-breakdown,True,13,49.6,38.7,12.9,pass,False,False,True,"{""playerCoordinates"": {""x"": 13, ""y"": 49.6}, ""passEndCoordinates"": {""x"": 38.7, ""y"": 12.9}, ""eventActionType"": ""pass"", ""isHome"": false, ""outcome"": true, ""keypass"": false, ""isLongBall"": true}"
1031251,Antonín Kinský,16363242,rating-breakdown,passes,passes,,,,Tottenham Hotspur,90.0,,18.4,41.2,29.2,57,True,True,1,boolean_field,success,True,,False,False,pass,rating-breakdown,True,18.4,41.2,29.2,57,pass,False,False,,"{""playerCoordinates"": {""x"": 18.4, ""y"": 41.2}, ""passEndCoordinates"": {""x"": 29.2, ""y"": 57}, ""eventActionType"": ""pass"", ""isHome"": false, ""outcome"": true, ""keypass"": false}"
1031251,Antonín Kinský,16363242,rating-breakdown,passes,passes,,,,Tottenham Hotspur,90.0,,5.1,55,8.1,72.2,True,True,1,boolean_field,success,True,,False,False,pass,rating-breakdown,True,5.1,55,8.1,72.2,pass,False,False,,"{""playerCoordinates"": {""x"": 5.1, ""y"": 55}, ""passEndCoordinates"": {""x"": 8.1, ""y"": 72.2}, ""eventActionType"": ""pass"", ""isHome"": false, ""outcome"": true, ""keypass"": false}"
1031251,Antonín Kinský,16363242,rating-breakdown,passes,passes,,,,Tottenham Hotspur,90.0,,2.9,51.2,8.3,24.4,True,True,1,boolean_field,success,True,,False,False,pass,rating-breakdown,True,2.9,51.2,8.3,24.4,pass,False,False,,"{""playerCoordinates"": {""x"": 2.9, ""y"": 51.2}, ""passEndCoordinates"": {""x"": 8.3, ""y"": 24.4}, ""eventActionType"": ""pass"", ""isHome"": false, ""outcome"": true, ""keypass"": false}"
1031251,Antonín Kinský,16363242,rating-breakdown,passes,passes,,,,Tottenham Hotspur,90.0,,14.8,49.3,23.2,21.5,True,True,1,boolean_field,success,True,,False,False,pass,rating-breakdown,True,14.8,49.3,23.2,21.5,pass,False,False,,"{""playerCoordinates"": {""x"": 14.8, ""y"": 49.3}, ""passEndCoordinates"": {""x"": 23.2, ""y"": 21.5}, ""eventActionType"": ""pass"", ""isHome"": false, ""outcome"": true, ""keypass"": false}"
1031251,Antonín Kinský,16363242,rating-breakdown,ball-carries,ball-carries,,,,Tottenham Hotspur,90.0,,3.3,47.6,9,51,,,,unresolvable,,,,False,False,,rating-breakdown,True,3.3,47.6,9,51,ball-carry,False,,,"{""playerCoordinates"": {""x"": 3.3, ""y"": 47.6}, ""passEndCoordinates"": {""x"": 9, ""y"": 51}, ""eventActionType"": ""ball-carry"", ""isHome"": false}"
1031251,Antonín Kinský,16363242,rating-breakdown,ball-carries,ball-carries,,,,Tottenham Hotspur,90.0,,4.6,54.4,6.2,58.5,,,,unresolvable,,,,False,False,,rating-breakdown,True,4.6,54.4,6.2,58.5,ball-carry,False,,,"{""playerCoordinates"": {""x"": 4.6, ""y"": 54.4}, ""passEndCoordinates"": {""x"": 6.2, ""y"": 58.5}, ""eventActionType"": ""ball-carry"", ""isHome"": false}"
1031251,Antonín Kinský,16363242,rating-breakdown,ball-carries,ball-carries,,,,Tottenham Hotspur,90.0,,7.5,31.6,11.9,39.4,,,,unresolvable,,,,False,False,,rating-breakdown,True,7.5,31.6,11.9,39.4,ball-carry,False,,,"{""playerCoordinates"": {""x"": 7.5, ""y"": 31.6}, ""passEndCoordinates"": {""x"": 11.9, ""y"": 39.4}, ""eventActionType"": ""ball-carry"", ""isHome"": false}"
1031251,Antonín Kinský,16363242,rating-breakdown,ball-carries,ball-carries,,,,Tottenham Hotspur,90.0,,4.2,53.6,7.5,60.2,,,,unresolvable,,,,False,False,,rating-breakdown,True,4.2,53.6,7.5,60.2,ball-carry,False,,,"{""playerCoordinates"": {""x"": 4.2, ""y"": 53.6}, ""passEndCoordinates"": {""x"": 7.5, ""y"": 60.2}, ""eventActionType"": ""ball-carry"", ""isHome"": false}"
1031251,Antonín Kinský,16363242,rating-breakdown,ball-carries,ball-carries,,,,Tottenham Hotspur,90.0,,3.6,49.4,7.9,54.3,,,,unresolvable,,,,False,False,,rating-breakdown,True,3.6,49.4,7.9,54.3,ball-carry,False,,,"{""playerCoordinates"": {""x"": 3.6, ""y"": 49.4}, ""passEndCoordinates"": {""x"": 7.9, ""y"": 54.3}, ""eventActionType"": ""ball-carry"", ""isHome"": false}"
1031251,Antonín Kinský,16363242,rating-breakdown,ball-carries,ball-carries,,,,Tottenham Hotspur,90.0,,13,63.4,15.4,71.4,,,,unresolvable,,,,False,False,,rating-breakdown,True,13,63.4,15.4,71.4,ball-carry,False,,,"{""playerCoordinates"": {""x"": 13, ""y"": 63.4}, ""passEndCoordinates"": {""x"": 15.4, ""y"": 71.4}, ""eventActionType"": ""ball-carry"", ""isHome"": false}"
1031251,Antonín Kinský,16363242,rating-breakdown,ball-carries,ball-carries,,,,Tottenham Hotspur,90.0,,10.4,55.6,14.6,62.7,,,,unresolvable,,,,False,False,,rating-breakdown,True,10.4,55.6,14.6,62.7,ball-carry,False,,,"{""playerCoordinates"": {""x"": 10.4, ""y"": 55.6}, ""passEndCoordinates"": {""x"": 14.6, ""y"": 62.7}, ""eventActionType"": ""ball-carry"", ""isHome"": false}"
1031251,Antonín Kinský,16363242,rating-breakdown,ball-carries,ball-carries,,,,Tottenham Hotspur,90.0,,7.3,53.4,6.8,66.6,,,,unresolvable,,,,False,False,,rating-breakdown,True,7.3,53.4,6.8,66.6,ball-carry,False,,,"{""playerCoordinates"": {""x"": 7.3, ""y"": 53.4}, ""passEndCoordinates"": {""x"": 6.8, ""y"": 66.6}, ""eventActionType"": ""ball-carry"", ""isHome"": false}"
1031251,Antonín Kinský,16363242,rating-breakdown,ball-carries,ball-carries,,,,Tottenham Hotspur,90.0,,4.8,48.5,9.4,54,,,,unresolvable,,,,False,False,,rating-breakdown,True,4.8,48.5,9.4,54,ball-carry,False,,,"{""playerCoordinates"": {""x"": 4.8, ""y"": 48.5}, ""passEndCoordinates"": {""x"": 9.4, ""y"": 54}, ""eventActionType"": ""ball-carry"", ""isHome"": false}"
1031251,Antonín Kinský,16363242,rating-breakdown,ball-carries,ball-carries,,,,Tottenham Hotspur,90.0,,21.1,47.3,27.3,49.9,,,,unresolvable,,,,False,False,,rating-breakdown,True,21.1,47.3,27.3,49.9,ball-carry,False,,,"{""playerCoordinates"": {""x"": 21.1, ""y"": 47.3}, ""passEndCoordinates"": {""x"": 27.3, ""y"": 49.9}, ""eventActionType"": ""ball-carry"", ""isHome"": false}"
1031251,Antonín Kinský,16363242,rating-breakdown,ball-carries,ball-carries,,,,Tottenham Hotspur,90.0,,15.7,52.1,14.1,60.2,,,,unresolvable,,,,False,False,,rating-breakdown,True,15.7,52.1,14.1,60.2,ball-carry,False,,,"{""playerCoordinates"": {""x"": 15.7, ""y"": 52.1}, ""passEndCoordinates"": {""x"": 14.1, ""y"": 60.2}, ""eventActionType"": ""ball-carry"", ""isHome"": false}"
1031251,Antonín Kinský,16363242,rating-breakdown,ball-carries,ball-carries,,,,Tottenham Hotspur,90.0,,5.4,66.9,10.7,45.2,,,,unresolvable,,,,False,False,,rating-breakdown,True,5.4,66.9,10.7,45.2,ball-carry,False,,,"{""playerCoordinates"": {""x"": 5.4, ""y"": 66.9}, ""passEndCoordinates"": {""x"": 10.7, ""y"": 45.2}, ""eventActionType"": ""ball-carry"", ""isHome"": false}"
1031251,Antonín Kinský,16363242,rating-breakdown,ball-carries,ball-carries,,,,Tottenham Hotspur,90.0,,5.5,45.8,8,43.4,,,,unresolvable,,,,False,False,,rating-breakdown,True,5.5,45.8,8,43.4,ball-carry,False,,,"{""playerCoordinates"": {""x"": 5.5, ""y"": 45.8}, ""passEndCoordinates"": {""x"": 8, ""y"": 43.4}, ""eventActionType"": ""ball-carry"", ""isHome"": false}"
1031251,Antonín Kinský,16363242,rating-breakdown,ball-carries,ball-carries,,,,Tottenham Hotspur,90.0,,7,58.5,7.7,54,,,,unresolvable,,,,False,False,,rating-breakdown,True,7,58.5,7.7,54,ball-carry,False,,,"{""playerCoordinates"": {""x"": 7, ""y"": 58.5}, ""passEndCoordinates"": {""x"": 7.7, ""y"": 54}, ""eventActionType"": ""ball-carry"", ""isHome"": false}"
1031251,Antonín Kinský,16363242,rating-breakdown,defensive,defensive,,,,Tottenham Hotspur,90.0,,24.8,30.9,67.8,60,True,True,1,boolean_field,success,,True,False,False,,rating-breakdown,True,24.8,30.9,67.8,60,clearance,False,False,,"{""playerCoordinates"": {""x"": 24.8, ""y"": 30.9}, ""passEndCoordinates"": {""x"": 67.8, ""y"": 60}, ""eventActionType"": ""clearance"", ""isHome"": false, ""outcome"": true, ""keypass"": false}"
1031251,Antonín Kinský,16363242,rating-breakdown,defensive,defensive,,,,Tottenham Hotspur,90.0,,10.6,62.4,,,True,True,1,boolean_field,success,,True,False,False,,rating-breakdown,True,10.6,62.4,,,ball-recovery,False,False,,"{""playerCoordinates"": {""x"": 10.6, ""y"": 62.4}, ""eventActionType"": ""ball-recovery"", ""isHome"": false, ""outcome"": true, ""keypass"": false}"
1031251,Antonín Kinský,16363242,rating-breakdown,defensive,defensive,,,,Tottenham Hotspur,90.0,,13.3,45.4,,,True,True,1,boolean_field,success,,True,False,False,,rating-breakdown,True,13.3,45.4,,,ball-recovery,False,False,,"{""playerCoordinates"": {""x"": 13.3, ""y"": 45.4}, ""eventActionType"": ""ball-recovery"", ""isHome"": false, ""outcome"": true, ""keypass"": false}"
1031251,Antonín Kinský,16363242,rating-breakdown,defensive,defensive,,,,Tottenham Hotspur,90.0,,15.9,57.3,,,True,True,1,boolean_field,success,,True,False,False,,rating-breakdown,True,15.9,57.3,,,ball-recovery,False,False,,"{""playerCoordinates"": {""x"": 15.9, ""y"": 57.3}, ""eventActionType"": ""ball-recovery"", ""isHome"": false, ""outcome"": true, ""keypass"": false}"
1031251,Antonín Kinský,16363242,rating-breakdown,defensive,defensive,,,,Tottenham Hotspur,90.0,,9,50.7,34.6,64.2,True,True,1,boolean_field,success,,True,False,False,,rating-breakdown,True,9,50.7,34.6,64.2,clearance,False,False,,"{""playerCoordinates"": {""x"": 9, ""y"": 50.7}, ""passEndCoordinates"": {""x"": 34.6, ""y"": 64.2}, ""eventActionType"": ""clearance"", ""isHome"": false, ""outcome"": true, ""keypass"": false}"
1031251,Antonín Kinský,16363242,rating-breakdown,defensive,defensive,,,,Tottenham Hotspur,90.0,,13,63.4,,,True,True,1,boolean_field,success,,True,False,False,,rating-breakdown,True,13,63.4,,,ball-recovery,False,False,,"{""playerCoordinates"": {""x"": 13, ""y"": 63.4}, ""eventActionType"": ""ball-recovery"", ""isHome"": false, ""outcome"": true, ""keypass"": false}"
1031251,Antonín Kinský,16363242,rating-breakdown,defensive,defensive,,,,Tottenham Hotspur,90.0,,13.4,50.6,,,True,True,1,boolean_field,success,,True,False,False,,rating-breakdown,True,13.4,50.6,,,ball-recovery,False,False,,"{""playerCoordinates"": {""x"": 13.4, ""y"": 50.6}, ""eventActionType"": ""ball-recovery"", ""isHome"": false, ""outcome"": true, ""keypass"": false}"
1031251,Antonín Kinský,16363242,rating-breakdown,defensive,defensive,,,,Tottenham Hotspur,90.0,,4.3,57.6,,,True,True,1,boolean_field,success,,True,False,False,,rating-breakdown,True,4.3,57.6,,,ball-recovery,False,False,,"{""playerCoordinates"": {""x"": 4.3, ""y"": 57.6}, ""eventActionType"": ""ball-recovery"", ""isHome"": false, ""outcome"": true, ""keypass"": false}"
1031251,Antonín Kinský,16363242,rating-breakdown,defensive,defensive,,,,Tottenham Hotspur,90.0,,8,43.4,,,True,True,1,boolean_field,success,,True,False,False,,rating-breakdown,True,8,43.4,,,ball-recovery,False,False,,"{""playerCoordinates"": {""x"": 8, ""y"": 43.4}, ""eventActionType"": ""ball-recovery"", ""isHome"": false, ""outcome"": true, ""keypass"": false}"
1031251,Antonín Kinský,16363242,rating-breakdown,defensive,defensive,,,,Tottenham Hotspur,90.0,,2,48.2,,,True,True,1,boolean_field,success,,True,False,False,,rating-breakdown,True,2,48.2,,,ball-recovery,False,False,,"{""playerCoordinates"": {""x"": 2, ""y"": 48.2}, ""eventActionType"": ""ball-recovery"", ""isHome"": false, ""outcome"": true, ""keypass"": false}"
1031251,Antonín Kinský,16363242,rating-breakdown,defensive,defensive,,,,Tottenham Hotspur,90.0,,3.9,56.9,,,True,True,1,boolean_field,success,,True,False,False,,rating-breakdown,True,3.9,56.9,,,ball-recovery,False,False,,"{""playerCoordinates"": {""x"": 3.9, ""y"": 56.9}, ""eventActionType"": ""ball-recovery"", ""isHome"": false, ""outcome"": true, ""keypass"": false}"
1031251,Antonín Kinský,16363242,rating-breakdown,defensive,defensive,,,,Tottenham Hotspur,90.0,,7.3,57.7,16.9,64.6,,,,unresolvable,,,,False,False,,rating-breakdown,True,7.3,57.7,16.9,64.6,clearance,False,False,,"{""playerCoordinates"": {""x"": 7.3, ""y"": 57.7}, ""passEndCoordinates"": {""x"": 16.9, ""y"": 64.6}, ""eventActionType"": ""clearance"", ""isHome"": false, ""keypass"": false}"
1031251,Antonín Kinský,16363242,rating-breakdown,defensive,defensive,,,,Tottenham Hotspur,90.0,,1.6,59.9,,,True,True,1,boolean_field,success,,True,False,False,,rating-breakdown,True,1.6,59.9,,,ball-recovery,False,False,,"{""playerCoordinates"": {""x"": 1.6, ""y"": 59.9}, ""eventActionType"": ""ball-recovery"", ""isHome"": false, ""outcome"": true, ""keypass"": false}"
1031251,Antonín Kinský,16363242,rating-breakdown,defensive,defensive,,,,Tottenham Hotspur,90.0,,2.2,48.8,,,True,True,1,boolean_field,success,,True,False,False,,rating-breakdown,True,2.2,48.8,,,ball-recovery,False,False,,"{""playerCoordinates"": {""x"": 2.2, ""y"": 48.8}, ""eventActionType"": ""ball-recovery"", ""isHome"": false, ""outcome"": true, ""keypass"": false}"
1031251,Antonín Kinský,16363242,rating-breakdown,defensive,defensive,,,,Tottenham Hotspur,90.0,,3.4,55.8,,,True,True,1,boolean_field,success,,True,False,False,,rating-breakdown,True,3.4,55.8,,,ball-recovery,False,False,,"{""playerCoordinates"": {""x"": 3.4, ""y"": 55.8}, ""eventActionType"": ""ball-recovery"", ""isHome"": false, ""outcome"": true, ""keypass"": false}"
1031251,Antonín Kinský,16363242,rating-breakdown,defensive,defensive,,,,Tottenham Hotspur,90.0,,4.3,53,19.9,62.8,True,True,1,boolean_field,success,,True,False,False,,rating-breakdown,True,4.3,53,19.9,62.8,clearance,False,False,,"{""playerCoordinates"": {""x"": 4.3, ""y"": 53}, ""passEndCoordinates"": {""x"": 19.9, ""y"": 62.8}, ""eventActionType"": ""clearance"", ""isHome"": false, ""outcome"": true, ""keypass"": false}"
1031251,Antonín Kinský,16363256,rating-breakdown,passes,passes,,,,Tottenham Hotspur,90.0,,5.6,51.8,7,73.5,True,True,1,boolean_field,success,True,,False,False,pass,rating-breakdown,True,5.6,51.8,7,73.5,pass,True,False,,"{""playerCoordinates"": {""x"": 5.6, ""y"": 51.8}, ""passEndCoordinates"": {""x"": 7, ""y"": 73.5}, ""eventActionType"": ""pass"", ""isHome"": true, ""outcome"": true, ""keypass"": false}"
1031251,Antonín Kinský,16363256,rating-breakdown,passes,passes,,,,Tottenham Hotspur,90.0,,22.1,53.6,24.5,74,True,True,1,boolean_field,success,True,,False,False,pass,rating-breakdown,True,22.1,53.6,24.5,74,pass,True,False,,"{""playerCoordinates"": {""x"": 22.1, ""y"": 53.6}, ""passEndCoordinates"": {""x"": 24.5, ""y"": 74}, ""eventActionType"": ""pass"", ""isHome"": true, ""outcome"": true, ""keypass"": false}"
1031251,Antonín Kinský,16363256,rating-breakdown,passes,passes,,,,Tottenham Hotspur,90.0,,20.4,50.6,23,16.7,True,True,1,boolean_field,success,True,,False,False,pass,rating-breakdown,True,20.4,50.6,23,16.7,pass,True,False,,"{""playerCoordinates"": {""x"": 20.4, ""y"": 50.6}, ""passEndCoordinates"": {""x"": 23, ""y"": 16.7}, ""eventActionType"": ""pass"", ""isHome"": true, ""outcome"": true, ""keypass"": false}"
1031251,Antonín Kinský,16363256,rating-breakdown,passes,passes,,,,Tottenham Hotspur,90.0,,22,48.7,22.2,62.7,True,True,1,boolean_field,success,True,,False,False,pass,rating-breakdown,True,22,48.7,22.2,62.7,pass,True,False,,"{""playerCoordinates"": {""x"": 22, ""y"": 48.7}, ""passEndCoordinates"": {""x"": 22.2, ""y"": 62.7}, ""eventActionType"": ""pass"", ""isHome"": true, ""outcome"": true, ""keypass"": false}"
1031251,Antonín Kinský,16363256,rating-breakdown,passes,passes,,,,Tottenham Hotspur,90.0,,17.9,52.4,18.5,69.2,True,True,1,boolean_field,success,True,,False,False,pass,rating-breakdown,True,17.9,52.4,18.5,69.2,pass,True,False,,"{""playerCoordinates"": {""x"": 17.9, ""y"": 52.4}, ""passEndCoordinates"": {""x"": 18.5, ""y"": 69.2}, ""eventActionType"": ""pass"", ""isHome"": true, ""outcome"": true, ""keypass"": false}"
1031251,Antonín Kinský,16363256,rating-breakdown,passes,passes,,,,Tottenham Hotspur,90.0,,22.6,49.9,20.8,65.7,True,True,1,boolean_field,success,True,,False,False,pass,rating-breakdown,True,22.6,49.9,20.8,65.7,pass,True,False,,"{""playerCoordinates"": {""x"": 22.6, ""y"": 49.9}, ""passEndCoordinates"": {""x"": 20.8, ""y"": 65.7}, ""eventActionType"": ""pass"", ""isHome"": true, ""outcome"": true, ""keypass"": false}"
1031251,Antonín Kinský,16363256,rating-breakdown,passes,passes,,,,Tottenham Hotspur,90.0,,18.5,50.4,22.5,17.2,True,True,1,boolean_field,success,True,,False,False,pass,rating-breakdown,True,18.5,50.4,22.5,17.2,pass,True,False,,"{""playerCoordinates"": {""x"": 18.5, ""y"": 50.4}, ""passEndCoordinates"": {""x"": 22.5, ""y"": 17.2}, ""eventActionType"": ""pass"", ""isHome"": true, ""outcome"": true, ""keypass"": false}"
1031251,Antonín Kinský,16363256,rating-breakdown,passes,passes,,,,Tottenham Hotspur,90.0,,19.1,49.4,19.5,68.4,True,True,1,boolean_field,success,True,,False,False,pass,rating-breakdown,True,19.1,49.4,19.5,68.4,pass,True,False,,"{""playerCoordinates"": {""x"": 19.1, ""y"": 49.4}, ""passEndCoordinates"": {""x"": 19.5, ""y"": 68.4}, ""eventActionType"": ""pass"", ""isHome"": true, ""outcome"": true, ""keypass"": false}"
1031251,Antonín Kinský,16363256,rating-breakdown,passes,passes,,,,Tottenham Hotspur,90.0,,14.7,53.4,26.6,88.8,True,True,1,boolean_field,success,True,,False,False,pass,rating-breakdown,True,14.7,53.4,26.6,88.8,pass,True,False,,"{""playerCoordinates"": {""x"": 14.7, ""y"": 53.4}, ""passEndCoordinates"": {""x"": 26.6, ""y"": 88.8}, ""eventActionType"": ""pass"", ""isHome"": true, ""outcome"": true, ""keypass"": false}"
1031251,Antonín Kinský,16363256,rating-breakdown,passes,passes,,,,Tottenham Hotspur,90.0,,7.5,49.3,6.4,61.1,True,True,1,boolean_field,success,True,,False,False,pass,rating-breakdown,True,7.5,49.3,6.4,61.1,pass,True,False,,"{""playerCoordinates"": {""x"": 7.5, ""y"": 49.3}, ""passEndCoordinates"": {""x"": 6.4, ""y"": 61.1}, ""eventActionType"": ""pass"", ""isHome"": true, ""outcome"": true, ""keypass"": false}"
1031251,Antonín Kinský,16363256,rating-breakdown,passes,passes,,,,Tottenham Hotspur,90.0,,16,49.7,41.5,93.3,True,True,1,boolean_field,success,True,,False,False,pass,rating-breakdown,True,16,49.7,41.5,93.3,pass,True,False,True,"{""playerCoordinates"": {""x"": 16, ""y"": 49.7}, ""passEndCoordinates"": {""x"": 41.5, ""y"": 93.3}, ""eventActionType"": ""pass"", ""isHome"": true, ""outcome"": true, ""keypass"": false, ""isLongBall"": true}"
1031251,Antonín Kinský,16363256,rating-breakdown,passes,passes,,,,Tottenham Hotspur,90.0,,2.6,58.3,9.1,67.5,True,True,1,boolean_field,success,True,,False,False,pass,rating-breakdown,True,2.6,58.3,9.1,67.5,pass,True,False,,"{""playerCoordinates"": {""x"": 2.6, ""y"": 58.3}, ""passEndCoordinates"": {""x"": 9.1, ""y"": 67.5}, ""eventActionType"": ""pass"", ""isHome"": true, ""outcome"": true, ""keypass"": false}"
1031251,Antonín Kinský,16363256,rating-breakdown,passes,passes,,,,Tottenham Hotspur,90.0,,15.1,50.7,20.2,72.2,True,True,1,boolean_field,success,True,,False,False,pass,rating-breakdown,True,15.1,50.7,20.2,72.2,pass,True,False,,"{""playerCoordinates"": {""x"": 15.1, ""y"": 50.7}, ""passEndCoordinates"": {""x"": 20.2, ""y"": 72.2}, ""eventActionType"": ""pass"", ""isHome"": true, ""outcome"": true, ""keypass"": false}"
1031251,Antonín Kinský,16363256,rating-breakdown,passes,passes,,,,Tottenham Hotspur,90.0,,10.4,57.3,19.7,23.6,True,True,1,boolean_field,success,True,,False,False,pass,rating-breakdown,True,10.4,57.3,19.7,23.6,pass,True,False,,"{""playerCoordinates"": {""x"": 10.4, ""y"": 57.3}, ""passEndCoordinates"": {""x"": 19.7, ""y"": 23.6}, ""eventActionType"": ""pass"", ""isHome"": true, ""outcome"": true, ""keypass"": false}"
1031251,Antonín Kinský,16363256,rating-breakdown,passes,passes,,,,Tottenham Hotspur,90.0,,31.8,48.7,62.8,93.8,True,True,1,boolean_field,success,True,,False,False,pass,rating-breakdown,True,31.8,48.7,62.8,93.8,pass,True,False,True,"{""playerCoordinates"": {""x"": 31.8, ""y"": 48.7}, ""passEndCoordinates"": {""x"": 62.8, ""y"": 93.8}, ""eventActionType"": ""pass"", ""isHome"": true, ""outcome"": true, ""keypass"": false, ""isLongBall"": true}"
1031251,Antonín Kinský,16363256,rating-breakdown,passes,passes,,,,Tottenham Hotspur,90.0,,18.3,59.6,30.1,59,True,True,1,boolean_field,success,True,,False,False,pass,rating-breakdown,True,18.3,59.6,30.1,59,pass,True,False,,"{""playerCoordinates"": {""x"": 18.3, ""y"": 59.6}, ""passEndCoordinates"": {""x"": 30.1, ""y"": 59}, ""eventActionType"": ""pass"", ""isHome"": true, ""outcome"": true, ""keypass"": false}"
1031251,Antonín Kinský,16363256,rating-breakdown,passes,passes,,,,Tottenham Hotspur,90.0,,15,50.6,18.7,72.5,True,True,1,boolean_field,success,True,,False,False,pass,rating-breakdown,True,15,50.6,18.7,72.5,pass,True,False,,"{""playerCoordinates"": {""x"": 15, ""y"": 50.6}, ""passEndCoordinates"": {""x"": 18.7, ""y"": 72.5}, ""eventActionType"": ""pass"", ""isHome"": true, ""outcome"": true, ""keypass"": false}"
1031251,Antonín Kinský,16363256,rating-breakdown,passes,passes,,,,Tottenham Hotspur,90.0,,24.4,48.4,73.3,45.2,True,True,1,boolean_field,success,True,,False,False,pass,rating-breakdown,True,24.4,48.4,73.3,45.2,pass,True,False,True,"{""playerCoordinates"": {""x"": 24.4, ""y"": 48.4}, ""passEndCoordinates"": {""x"": 73.3, ""y"": 45.2}, ""eventActionType"": ""pass"", ""isHome"": true, ""outcome"": true, ""keypass"": false, ""isLongBall"": true}"
1031251,Antonín Kinský,16363256,rating-breakdown,passes,passes,,,,Tottenham Hotspur,90.0,,24.9,30.2,32.6,40.1,True,True,1,boolean_field,success,True,,False,False,pass,rating-breakdown,True,24.9,30.2,32.6,40.1,pass,True,False,,"{""playerCoordinates"": {""x"": 24.9, ""y"": 30.2}, ""passEndCoordinates"": {""x"": 32.6, ""y"": 40.1}, ""eventActionType"": ""pass"", ""isHome"": true, ""outcome"": true, ""keypass"": false}"
1031251,Antonín Kinský,16363256,rating-breakdown,passes,passes,,,,Tottenham Hotspur,90.0,,19.2,50.7,21.3,73.5,True,True,1,boolean_field,success,True,,False,False,pass,rating-breakdown,True,19.2,50.7,21.3,73.5,pass,True,False,,"{""playerCoordinates"": {""x"": 19.2, ""y"": 50.7}, ""passEndCoordinates"": {""x"": 21.3, ""y"": 73.5}, ""eventActionType"": ""pass"", ""isHome"": true, ""outcome"": true, ""keypass"": false}"
1031251,Antonín Kinský,16363256,rating-breakdown,passes,passes,,,,Tottenham Hotspur,90.0,,7.7,55.2,12.2,16.7,True,True,1,boolean_field,success,True,,False,False,pass,rating-breakdown,True,7.7,55.2,12.2,16.7,pass,True,False,,"{""playerCoordinates"": {""x"": 7.7, ""y"": 55.2}, ""passEndCoordinates"": {""x"": 12.2, ""y"": 16.7}, ""eventActionType"": ""pass"", ""isHome"": true, ""outcome"": true, ""keypass"": false}"
1031251,Antonín Kinský,16363256,rating-breakdown,passes,passes,,,,Tottenham Hotspur,90.0,,17.8,49.7,18.4,71.4,True,True,1,boolean_field,success,True,,False,False,pass,rating-breakdown,True,17.8,49.7,18.4,71.4,pass,True,False,,"{""playerCoordinates"": {""x"": 17.8, ""y"": 49.7}, ""passEndCoordinates"": {""x"": 18.4, ""y"": 71.4}, ""eventActionType"": ""pass"", ""isHome"": true, ""outcome"": true, ""keypass"": false}"
1031251,Antonín Kinský,16363256,rating-breakdown,passes,passes,,,,Tottenham Hotspur,90.0,,23.3,55.4,63.3,95,,,,unresolvable,,,,False,False,pass,rating-breakdown,True,23.3,55.4,63.3,95,pass,True,False,True,"{""playerCoordinates"": {""x"": 23.3, ""y"": 55.4}, ""passEndCoordinates"": {""x"": 63.3, ""y"": 95}, ""eventActionType"": ""pass"", ""isHome"": true, ""keypass"": false, ""isLongBall"": true}"
1031251,Antonín Kinský,16363256,rating-breakdown,passes,passes,,,,Tottenham Hotspur,90.0,,13.3,49.3,21.3,50.3,True,True,1,boolean_field,success,True,,False,False,pass,rating-breakdown,True,13.3,49.3,21.3,50.3,pass,True,False,,"{""playerCoordinates"": {""x"": 13.3, ""y"": 49.3}, ""passEndCoordinates"": {""x"": 21.3, ""y"": 50.3}, ""eventActionType"": ""pass"", ""isHome"": true, ""outcome"": true, ""keypass"": false}"
1031251,Antonín Kinský,16363256,rating-breakdown,passes,passes,,,,Tottenham Hotspur,90.0,,12.6,47.2,72.2,21.8,,,,unresolvable,,,,False,False,pass,rating-breakdown,True,12.6,47.2,72.2,21.8,pass,True,False,True,"{""playerCoordinates"": {""x"": 12.6, ""y"": 47.2}, ""passEndCoordinates"": {""x"": 72.2, ""y"": 21.8}, ""eventActionType"": ""pass"", ""isHome"": true, ""keypass"": false, ""isLongBall"": true}"
1031251,Antonín Kinský,16363256,rating-breakdown,passes,passes,,,,Tottenham Hotspur,90.0,,25.7,46.6,28.4,71.7,True,True,1,boolean_field,success,True,,False,False,pass,rating-breakdown,True,25.7,46.6,28.4,71.7,pass,True,False,,"{""playerCoordinates"": {""x"": 25.7, ""y"": 46.6}, ""passEndCoordinates"": {""x"": 28.4, ""y"": 71.7}, ""eventActionType"": ""pass"", ""isHome"": true, ""outcome"": true, ""keypass"": false}"
1031251,Antonín Kinský,16363256,rating-breakdown,passes,passes,,,,Tottenham Hotspur,90.0,,3,50.1,5,72.3,True,True,1,boolean_field,success,True,,False,False,pass,rating-breakdown,True,3,50.1,5,72.3,pass,True,False,,"{""playerCoordinates"": {""x"": 3, ""y"": 50.1}, ""passEndCoordinates"": {""x"": 5, ""y"": 72.3}, ""eventActionType"": ""pass"", ""isHome"": true, ""outcome"": true, ""keypass"": false}"
1031251,Antonín Kinský,16363256,rating-breakdown,passes,passes,,,,Tottenham Hotspur,90.0,,6.7,51.9,9,72.8,True,True,1,boolean_field,success,True,,False,False,pass,rating-breakdown,True,6.7,51.9,9,72.8,pass,True,False,,"{""playerCoordinates"": {""x"": 6.7, ""y"": 51.9}, ""passEndCoordinates"": {""x"": 9, ""y"": 72.8}, ""eventActionType"": ""pass"", ""isHome"": true, ""outcome"": true, ""keypass"": false}"
1031251,Antonín Kinský,16363256,rating-breakdown,passes,passes,,,,Tottenham Hotspur,90.0,,10.4,14.5,63.6,22,,,,unresolvable,,,,False,False,pass,rating-breakdown,True,10.4,14.5,63.6,22,pass,True,False,True,"{""playerCoordinates"": {""x"": 10.4, ""y"": 14.5}, ""passEndCoordinates"": {""x"": 63.6, ""y"": 22}, ""eventActionType"": ""pass"", ""isHome"": true, ""keypass"": false, ""isLongBall"": true}"
1031251,Antonín Kinský,16363256,rating-breakdown,passes,passes,,,,Tottenham Hotspur,90.0,,24.1,62,63,96.6,,,,unresolvable,,,,False,False,pass,rating-breakdown,True,24.1,62,63,96.6,pass,True,False,True,"{""playerCoordinates"": {""x"": 24.1, ""y"": 62}, ""passEndCoordinates"": {""x"": 63, ""y"": 96.6}, ""eventActionType"": ""pass"", ""isHome"": true, ""keypass"": false, ""isLongBall"": true}"
1031251,Antonín Kinský,16363256,rating-breakdown,passes,passes,,,,Tottenham Hotspur,90.0,,7.9,55.7,14.4,44.9,True,True,1,boolean_field,success,True,,False,False,pass,rating-breakdown,True,7.9,55.7,14.4,44.9,pass,True,False,,"{""playerCoordinates"": {""x"": 7.9, ""y"": 55.7}, ""passEndCoordinates"": {""x"": 14.4, ""y"": 44.9}, ""eventActionType"": ""pass"", ""isHome"": true, ""outcome"": true, ""keypass"": false}"
1031251,Antonín Kinský,16363256,rating-breakdown,passes,passes,,,,Tottenham Hotspur,90.0,,26.5,52.1,77.5,65.7,,,,unresolvable,,,,False,False,pass,rating-breakdown,True,26.5,52.1,77.5,65.7,pass,True,False,True,"{""playerCoordinates"": {""x"": 26.5, ""y"": 52.1}, ""passEndCoordinates"": {""x"": 77.5, ""y"": 65.7}, ""eventActionType"": ""pass"", ""isHome"": true, ""keypass"": false, ""isLongBall"": true}"
1031251,Antonín Kinský,16363256,rating-breakdown,passes,passes,,,,Tottenham Hotspur,90.0,,25.1,50.1,74.6,74.6,,,,unresolvable,,,,False,False,pass,rating-breakdown,True,25.1,50.1,74.6,74.6,pass,True,False,True,"{""playerCoordinates"": {""x"": 25.1, ""y"": 50.1}, ""passEndCoordinates"": {""x"": 74.6, ""y"": 74.6}, ""eventActionType"": ""pass"", ""isHome"": true, ""keypass"": false, ""isLongBall"": true}"
1031251,Antonín Kinský,16363256,rating-breakdown,passes,passes,,,,Tottenham Hotspur,90.0,,9,45.8,43,97.1,True,True,1,boolean_field,success,True,,False,False,pass,rating-breakdown,True,9,45.8,43,97.1,pass,True,False,True,"{""playerCoordinates"": {""x"": 9, ""y"": 45.8}, ""passEndCoordinates"": {""x"": 43, ""y"": 97.1}, ""eventActionType"": ""pass"", ""isHome"": true, ""outcome"": true, ""keypass"": false, ""isLongBall"": true}"
1031251,Antonín Kinský,16363256,rating-breakdown,passes,passes,,,,Tottenham Hotspur,90.0,,12.4,54.3,18.3,37.6,True,True,1,boolean_field,success,True,,False,False,pass,rating-breakdown,True,12.4,54.3,18.3,37.6,pass,True,False,,"{""playerCoordinates"": {""x"": 12.4, ""y"": 54.3}, ""passEndCoordinates"": {""x"": 18.3, ""y"": 37.6}, ""eventActionType"": ""pass"", ""isHome"": true, ""outcome"": true, ""keypass"": false}"
1031251,Antonín Kinský,16363256,rating-breakdown,passes,passes,,,,Tottenham Hotspur,90.0,,8.7,52.7,14.3,33.7,True,True,1,boolean_field,success,True,,False,False,pass,rating-breakdown,True,8.7,52.7,14.3,33.7,pass,True,False,,"{""playerCoordinates"": {""x"": 8.7, ""y"": 52.7}, ""passEndCoordinates"": {""x"": 14.3, ""y"": 33.7}, ""eventActionType"": ""pass"", ""isHome"": true, ""outcome"": true, ""keypass"": false}"
1031251,Antonín Kinský,16363256,rating-breakdown,passes,passes,,,,Tottenham Hotspur,90.0,,15.5,43.7,69.6,0,,,,unresolvable,,,,False,False,pass,rating-breakdown,True,15.5,43.7,69.6,0,pass,True,False,True,"{""playerCoordinates"": {""x"": 15.5, ""y"": 43.7}, ""passEndCoordinates"": {""x"": 69.6, ""y"": 0}, ""eventActionType"": ""pass"", ""isHome"": true, ""keypass"": false, ""isLongBall"": true}"
1031251,Antonín Kinský,16363256,rating-breakdown,passes,passes,,,,Tottenham Hotspur,90.0,,11.5,46.1,18.1,28.6,True,True,1,boolean_field,success,True,,False,False,pass,rating-breakdown,True,11.5,46.1,18.1,28.6,pass,True,False,,"{""playerCoordinates"": {""x"": 11.5, ""y"": 46.1}, ""passEndCoordinates"": {""x"": 18.1, ""y"": 28.6}, ""eventActionType"": ""pass"", ""isHome"": true, ""outcome"": true, ""keypass"": false}"
1031251,Antonín Kinský,16363256,rating-breakdown,passes,passes,,,,Tottenham Hotspur,90.0,,43.5,46.9,54.7,27.7,True,True,1,boolean_field,success,True,,False,False,pass,rating-breakdown,True,43.5,46.9,54.7,27.7,pass,True,False,,"{""playerCoordinates"": {""x"": 43.5, ""y"": 46.9}, ""passEndCoordinates"": {""x"": 54.7, ""y"": 27.7}, ""eventActionType"": ""pass"", ""isHome"": true, ""outcome"": true, ""keypass"": false}"
1031251,Antonín Kinský,16363256,rating-breakdown,ball-carries,ball-carries,,,,Tottenham Hotspur,90.0,,14.3,56.4,20.4,50.6,,,,unresolvable,,,,False,False,,rating-breakdown,True,14.3,56.4,20.4,50.6,ball-carry,True,,,"{""playerCoordinates"": {""x"": 14.3, ""y"": 56.4}, ""passEndCoordinates"": {""x"": 20.4, ""y"": 50.6}, ""eventActionType"": ""ball-carry"", ""isHome"": true}"
1031251,Antonín Kinský,16363256,rating-breakdown,ball-carries,ball-carries,,,,Tottenham Hotspur,90.0,,12.3,57.9,17.9,52.4,,,,unresolvable,,,,False,False,,rating-breakdown,True,12.3,57.9,17.9,52.4,ball-carry,True,,,"{""playerCoordinates"": {""x"": 12.3, ""y"": 57.9}, ""passEndCoordinates"": {""x"": 17.9, ""y"": 52.4}, ""eventActionType"": ""ball-carry"", ""isHome"": true}"
1031251,Antonín Kinský,16363256,rating-breakdown,ball-carries,ball-carries,,,,Tottenham Hotspur,90.0,,15.4,50,18.5,50.4,,,,unresolvable,,,,False,False,,rating-breakdown,True,15.4,50,18.5,50.4,ball-carry,True,,,"{""playerCoordinates"": {""x"": 15.4, ""y"": 50}, ""passEndCoordinates"": {""x"": 18.5, ""y"": 50.4}, ""eventActionType"": ""ball-carry"", ""isHome"": true}"
1031251,Antonín Kinský,16363256,rating-breakdown,ball-carries,ball-carries,,,,Tottenham Hotspur,90.0,,18.4,44,19.1,49.4,,,,unresolvable,,,,False,False,,rating-breakdown,True,18.4,44,19.1,49.4,ball-carry,True,,,"{""playerCoordinates"": {""x"": 18.4, ""y"": 44}, ""passEndCoordinates"": {""x"": 19.1, ""y"": 49.4}, ""eventActionType"": ""ball-carry"", ""isHome"": true}"
1031251,Antonín Kinský,16363256,rating-breakdown,ball-carries,ball-carries,,,,Tottenham Hotspur,90.0,,6.2,50.6,16,49.7,,,,unresolvable,,,,False,False,,rating-breakdown,True,6.2,50.6,16,49.7,ball-carry,True,,,"{""playerCoordinates"": {""x"": 6.2, ""y"": 50.6}, ""passEndCoordinates"": {""x"": 16, ""y"": 49.7}, ""eventActionType"": ""ball-carry"", ""isHome"": true}"
1031251,Antonín Kinský,16363256,rating-breakdown,ball-carries,ball-carries,,,,Tottenham Hotspur,90.0,,7.6,48.8,15.1,50.7,,,,unresolvable,,,,False,False,,rating-breakdown,True,7.6,48.8,15.1,50.7,ball-carry,True,,,"{""playerCoordinates"": {""x"": 7.6, ""y"": 48.8}, ""passEndCoordinates"": {""x"": 15.1, ""y"": 50.7}, ""eventActionType"": ""ball-carry"", ""isHome"": true}"
1031251,Antonín Kinský,16363256,rating-breakdown,ball-carries,ball-carries,,,,Tottenham Hotspur,90.0,,27.9,48.1,31.8,48.7,,,,unresolvable,,,,False,False,,rating-breakdown,True,27.9,48.1,31.8,48.7,ball-carry,True,,,"{""playerCoordinates"": {""x"": 27.9, ""y"": 48.1}, ""passEndCoordinates"": {""x"": 31.8, ""y"": 48.7}, ""eventActionType"": ""ball-carry"", ""isHome"": true}"
1031251,Antonín Kinský,16363256,rating-breakdown,ball-carries,ball-carries,,,,Tottenham Hotspur,90.0,,2.6,72,7.7,55.2,,,,unresolvable,,,,False,False,,rating-breakdown,True,2.6,72,7.7,55.2,ball-carry,True,,,"{""playerCoordinates"": {""x"": 2.6, ""y"": 72}, ""passEndCoordinates"": {""x"": 7.7, ""y"": 55.2}, ""eventActionType"": ""ball-carry"", ""isHome"": true}"
1031251,Antonín Kinský,16363256,rating-breakdown,ball-carries,ball-carries,,,,Tottenham Hotspur,90.0,,12,45.4,17.8,49.7,,,,unresolvable,,,,False,False,,rating-breakdown,True,12,45.4,17.8,49.7,ball-carry,True,,,"{""playerCoordinates"": {""x"": 12, ""y"": 45.4}, ""passEndCoordinates"": {""x"": 17.8, ""y"": 49.7}, ""eventActionType"": ""ball-carry"", ""isHome"": true}"
1031251,Antonín Kinský,16363256,rating-breakdown,ball-carries,ball-carries,,,,Tottenham Hotspur,90.0,,8.8,49,12.6,47.2,,,,unresolvable,,,,False,False,,rating-breakdown,True,8.8,49,12.6,47.2,ball-carry,True,,,"{""playerCoordinates"": {""x"": 8.8, ""y"": 49}, ""passEndCoordinates"": {""x"": 12.6, ""y"": 47.2}, ""eventActionType"": ""ball-carry"", ""isHome"": true}"
1031251,Antonín Kinský,16363256,rating-breakdown,ball-carries,ball-carries,,,,Tottenham Hotspur,90.0,,22.6,45.5,25.7,46.6,,,,unresolvable,,,,False,False,,rating-breakdown,True,22.6,45.5,25.7,46.6,ball-carry,True,,,"{""playerCoordinates"": {""x"": 22.6, ""y"": 45.5}, ""passEndCoordinates"": {""x"": 25.7, ""y"": 46.6}, ""eventActionType"": ""ball-carry"", ""isHome"": true}"
1031251,Antonín Kinský,16363256,rating-breakdown,ball-carries,ball-carries,,,,Tottenham Hotspur,90.0,,4.1,49.1,6.7,51.9,,,,unresolvable,,,,False,False,,rating-breakdown,True,4.1,49.1,6.7,51.9,ball-carry,True,,,"{""playerCoordinates"": {""x"": 4.1, ""y"": 49.1}, ""passEndCoordinates"": {""x"": 6.7, ""y"": 51.9}, ""eventActionType"": ""ball-carry"", ""isHome"": true}"
1031251,Antonín Kinský,16363256,rating-breakdown,ball-carries,ball-carries,,,,Tottenham Hotspur,90.0,,3.6,50.9,7.9,55.7,,,,unresolvable,,,,False,False,,rating-breakdown,True,3.6,50.9,7.9,55.7,ball-carry,True,,,"{""playerCoordinates"": {""x"": 3.6, ""y"": 50.9}, ""passEndCoordinates"": {""x"": 7.9, ""y"": 55.7}, ""eventActionType"": ""ball-carry"", ""isHome"": true}"
1031251,Antonín Kinský,16363256,rating-breakdown,ball-carries,ball-carries,,,,Tottenham Hotspur,90.0,,9.5,55.7,12.4,54.3,,,,unresolvable,,,,False,False,,rating-breakdown,True,9.5,55.7,12.4,54.3,ball-carry,True,,,"{""playerCoordinates"": {""x"": 9.5, ""y"": 55.7}, ""passEndCoordinates"": {""x"": 12.4, ""y"": 54.3}, ""eventActionType"": ""ball-carry"", ""isHome"": true}"
1031251,Antonín Kinský,16363256,rating-breakdown,ball-carries,ball-carries,,,,Tottenham Hotspur,90.0,,4.1,54.3,11.5,46.1,,,,unresolvable,,,,False,False,,rating-breakdown,True,4.1,54.3,11.5,46.1,ball-carry,True,,,"{""playerCoordinates"": {""x"": 4.1, ""y"": 54.3}, ""passEndCoordinates"": {""x"": 11.5, ""y"": 46.1}, ""eventActionType"": ""ball-carry"", ""isHome"": true}"
1031251,Antonín Kinský,16363256,rating-breakdown,defensive,defensive,,,,Tottenham Hotspur,90.0,,17.8,58.7,,,True,True,1,boolean_field,success,,True,False,False,,rating-breakdown,True,17.8,58.7,,,ball-recovery,True,False,,"{""playerCoordinates"": {""x"": 17.8, ""y"": 58.7}, ""eventActionType"": ""ball-recovery"", ""isHome"": true, ""outcome"": true, ""keypass"": false}"
1031251,Antonín Kinský,16363256,rating-breakdown,defensive,defensive,,,,Tottenham Hotspur,90.0,,12.2,27.7,,,True,True,1,boolean_field,success,,True,False,False,,rating-breakdown,True,12.2,27.7,,,ball-recovery,True,False,,"{""playerCoordinates"": {""x"": 12.2, ""y"": 27.7}, ""eventActionType"": ""ball-recovery"", ""isHome"": true, ""outcome"": true, ""keypass"": false}"
1031251,Antonín Kinský,16363256,rating-breakdown,defensive,defensive,,,,Tottenham Hotspur,90.0,,8,26,,,True,True,1,boolean_field,success,,True,False,False,,rating-breakdown,True,8,26,,,ball-recovery,True,False,,"{""playerCoordinates"": {""x"": 8, ""y"": 26}, ""eventActionType"": ""ball-recovery"", ""isHome"": true, ""outcome"": true, ""keypass"": false}"
1031251,Antonín Kinský,16363256,rating-breakdown,defensive,defensive,,,,Tottenham Hotspur,90.0,,9.6,48.7,,,True,True,1,boolean_field,success,,True,False,False,,rating-breakdown,True,9.6,48.7,,,ball-recovery,True,False,,"{""playerCoordinates"": {""x"": 9.6, ""y"": 48.7}, ""eventActionType"": ""ball-recovery"", ""isHome"": true, ""outcome"": true, ""keypass"": false}"
1031251,Antonín Kinský,16363256,rating-breakdown,defensive,defensive,,,,Tottenham Hotspur,90.0,,12.5,35.6,,,True,True,1,boolean_field,success,,True,False,False,,rating-breakdown,True,12.5,35.6,,,ball-recovery,True,False,,"{""playerCoordinates"": {""x"": 12.5, ""y"": 35.6}, ""eventActionType"": ""ball-recovery"", ""isHome"": true, ""outcome"": true, ""keypass"": false}"
1031251,Antonín Kinský,16363256,rating-breakdown,defensive,defensive,,,,Tottenham Hotspur,90.0,,12.2,35.6,,,True,True,1,boolean_field,success,,True,False,False,,rating-breakdown,True,12.2,35.6,,,ball-recovery,True,False,,"{""playerCoordinates"": {""x"": 12.2, ""y"": 35.6}, ""eventActionType"": ""ball-recovery"", ""isHome"": true, ""outcome"": true, ""keypass"": false}"
1031251,Antonín Kinský,16363638,rating-breakdown,passes,passes,,,,Tottenham Hotspur,90.0,,28.3,51.5,88.6,64.6,,,,unresolvable,,,,False,False,pass,rating-breakdown,True,28.3,51.5,88.6,64.6,pass,False,False,True,"{""playerCoordinates"": {""x"": 28.3, ""y"": 51.5}, ""passEndCoordinates"": {""x"": 88.6, ""y"": 64.6}, ""eventActionType"": ""pass"", ""isHome"": false, ""keypass"": false, ""isLongBall"": true}"
1031251,Antonín Kinský,16363638,rating-breakdown,passes,passes,,,,Tottenham Hotspur,90.0,,8.3,35,23,37.4,True,True,1,boolean_field,success,True,,False,False,pass,rating-breakdown,True,8.3,35,23,37.4,pass,False,False,,"{""playerCoordinates"": {""x"": 8.3, ""y"": 35}, ""passEndCoordinates"": {""x"": 23, ""y"": 37.4}, ""eventActionType"": ""pass"", ""isHome"": false, ""outcome"": true, ""keypass"": false}"
1031251,Antonín Kinský,16363638,rating-breakdown,passes,passes,,,,Tottenham Hotspur,90.0,,28,52.3,67.9,69.9,,,,unresolvable,,,,False,False,pass,rating-breakdown,True,28,52.3,67.9,69.9,pass,False,False,True,"{""playerCoordinates"": {""x"": 28, ""y"": 52.3}, ""passEndCoordinates"": {""x"": 67.9, ""y"": 69.9}, ""eventActionType"": ""pass"", ""isHome"": false, ""keypass"": false, ""isLongBall"": true}"
1031251,Antonín Kinský,16363638,rating-breakdown,passes,passes,,,,Tottenham Hotspur,90.0,,4.6,43.8,24.9,91.4,True,True,1,boolean_field,success,True,,False,False,pass,rating-breakdown,True,4.6,43.8,24.9,91.4,pass,False,False,True,"{""playerCoordinates"": {""x"": 4.6, ""y"": 43.8}, ""passEndCoordinates"": {""x"": 24.9, ""y"": 91.4}, ""eventActionType"": ""pass"", ""isHome"": false, ""outcome"": true, ""keypass"": false, ""isLongBall"": true}"
1031251,Antonín Kinský,16363638,rating-breakdown,passes,passes,,,,Tottenham Hotspur,90.0,,7.5,57.6,44.4,83.4,,,,unresolvable,,,,False,False,pass,rating-breakdown,True,7.5,57.6,44.4,83.4,pass,False,False,True,"{""playerCoordinates"": {""x"": 7.5, ""y"": 57.6}, ""passEndCoordinates"": {""x"": 44.4, ""y"": 83.4}, ""eventActionType"": ""pass"", ""isHome"": false, ""keypass"": false, ""isLongBall"": true}"
1031251,Antonín Kinský,16363638,rating-breakdown,passes,passes,,,,Tottenham Hotspur,90.0,,7.7,48.5,24.3,4.5,True,True,1,boolean_field,success,True,,False,False,pass,rating-breakdown,True,7.7,48.5,24.3,4.5,pass,False,False,True,"{""playerCoordinates"": {""x"": 7.7, ""y"": 48.5}, ""passEndCoordinates"": {""x"": 24.3, ""y"": 4.5}, ""eventActionType"": ""pass"", ""isHome"": false, ""outcome"": true, ""keypass"": false, ""isLongBall"": true}"
1031251,Antonín Kinský,16363638,rating-breakdown,passes,passes,,,,Tottenham Hotspur,90.0,,16.6,48.2,29.3,21,True,True,1,boolean_field,success,True,,False,False,pass,rating-breakdown,True,16.6,48.2,29.3,21,pass,False,False,,"{""playerCoordinates"": {""x"": 16.6, ""y"": 48.2}, ""passEndCoordinates"": {""x"": 29.3, ""y"": 21}, ""eventActionType"": ""pass"", ""isHome"": false, ""outcome"": true, ""keypass"": false}"
1031251,Antonín Kinský,16363638,rating-breakdown,passes,passes,,,,Tottenham Hotspur,90.0,,34.3,55.5,40.5,70.6,True,True,1,boolean_field,success,True,,False,False,pass,rating-breakdown,True,34.3,55.5,40.5,70.6,pass,False,False,,"{""playerCoordinates"": {""x"": 34.3, ""y"": 55.5}, ""passEndCoordinates"": {""x"": 40.5, ""y"": 70.6}, ""eventActionType"": ""pass"", ""isHome"": false, ""outcome"": true, ""keypass"": false}"
1031251,Antonín Kinský,16363638,rating-breakdown,passes,passes,,,,Tottenham Hotspur,90.0,,37.9,48.2,78.3,68.2,,,,unresolvable,,,,False,False,pass,rating-breakdown,True,37.9,48.2,78.3,68.2,pass,False,False,True,"{""playerCoordinates"": {""x"": 37.9, ""y"": 48.2}, ""passEndCoordinates"": {""x"": 78.3, ""y"": 68.2}, ""eventActionType"": ""pass"", ""isHome"": false, ""keypass"": false, ""isLongBall"": true}"
1031251,Antonín Kinský,16363638,rating-breakdown,passes,passes,,,,Tottenham Hotspur,90.0,,7.5,45.6,13.6,62.1,True,True,1,boolean_field,success,True,,False,False,pass,rating-breakdown,True,7.5,45.6,13.6,62.1,pass,False,False,,"{""playerCoordinates"": {""x"": 7.5, ""y"": 45.6}, ""passEndCoordinates"": {""x"": 13.6, ""y"": 62.1}, ""eventActionType"": ""pass"", ""isHome"": false, ""outcome"": true, ""keypass"": false}"
1031251,Antonín Kinský,16363638,rating-breakdown,passes,passes,,,,Tottenham Hotspur,90.0,,5.1,50.5,64.3,35.3,,,,unresolvable,,,,False,False,pass,rating-breakdown,True,5.1,50.5,64.3,35.3,pass,False,False,True,"{""playerCoordinates"": {""x"": 5.1, ""y"": 50.5}, ""passEndCoordinates"": {""x"": 64.3, ""y"": 35.3}, ""eventActionType"": ""pass"", ""isHome"": false, ""keypass"": false, ""isLongBall"": true}"
1031251,Antonín Kinský,16363638,rating-breakdown,passes,passes,,,,Tottenham Hotspur,90.0,,4.8,50,16.3,23.3,True,True,1,boolean_field,success,True,,False,False,pass,rating-breakdown,True,4.8,50,16.3,23.3,pass,False,False,,"{""playerCoordinates"": {""x"": 4.8, ""y"": 50}, ""passEndCoordinates"": {""x"": 16.3, ""y"": 23.3}, ""eventActionType"": ""pass"", ""isHome"": false, ""outcome"": true, ""keypass"": false}"
1031251,Antonín Kinský,16363638,rating-breakdown,passes,passes,,,,Tottenham Hotspur,90.0,,22.8,50.6,31.1,3.6,True,True,1,boolean_field,success,True,,False,False,pass,rating-breakdown,True,22.8,50.6,31.1,3.6,pass,False,False,True,"{""playerCoordinates"": {""x"": 22.8, ""y"": 50.6}, ""passEndCoordinates"": {""x"": 31.1, ""y"": 3.6}, ""eventActionType"": ""pass"", ""isHome"": false, ""outcome"": true, ""keypass"": false, ""isLongBall"": true}"
1031251,Antonín Kinský,16363638,rating-breakdown,passes,passes,,,,Tottenham Hotspur,90.0,,5.1,50.2,21.4,19.4,True,True,1,boolean_field,success,True,,False,False,pass,rating-breakdown,True,5.1,50.2,21.4,19.4,pass,False,False,,"{""playerCoordinates"": {""x"": 5.1, ""y"": 50.2}, ""passEndCoordinates"": {""x"": 21.4, ""y"": 19.4}, ""eventActionType"": ""pass"", ""isHome"": false, ""outcome"": true, ""keypass"": false}"
1031251,Antonín Kinský,16363638,rating-breakdown,passes,passes,,,,Tottenham Hotspur,90.0,,5.1,50.6,10.5,28.2,True,True,1,boolean_field,success,True,,False,False,pass,rating-breakdown,True,5.1,50.6,10.5,28.2,pass,False,False,,"{""playerCoordinates"": {""x"": 5.1, ""y"": 50.6}, ""passEndCoordinates"": {""x"": 10.5, ""y"": 28.2}, ""eventActionType"": ""pass"", ""isHome"": false, ""outcome"": true, ""keypass"": false}"
1031251,Antonín Kinský,16363638,rating-breakdown,passes,passes,,,,Tottenham Hotspur,90.0,,14.1,32.3,67.4,70.3,True,True,1,boolean_field,success,True,,False,False,pass,rating-breakdown,True,14.1,32.3,67.4,70.3,pass,False,False,True,"{""playerCoordinates"": {""x"": 14.1, ""y"": 32.3}, ""passEndCoordinates"": {""x"": 67.4, ""y"": 70.3}, ""eventActionType"": ""pass"", ""isHome"": false, ""outcome"": true, ""keypass"": false, ""isLongBall"": true}"
1031251,Antonín Kinský,16363638,rating-breakdown,passes,passes,,,,Tottenham Hotspur,90.0,,24.7,43.5,32.3,90,True,True,1,boolean_field,success,True,,False,False,pass,rating-breakdown,True,24.7,43.5,32.3,90,pass,False,False,True,"{""playerCoordinates"": {""x"": 24.7, ""y"": 43.5}, ""passEndCoordinates"": {""x"": 32.3, ""y"": 90}, ""eventActionType"": ""pass"", ""isHome"": false, ""outcome"": true, ""keypass"": false, ""isLongBall"": true}"
1031251,Antonín Kinský,16363638,rating-breakdown,passes,passes,,,,Tottenham Hotspur,90.0,,5.2,49.8,83.9,50.9,,,,unresolvable,,,,False,False,pass,rating-breakdown,True,5.2,49.8,83.9,50.9,pass,False,False,True,"{""playerCoordinates"": {""x"": 5.2, ""y"": 49.8}, ""passEndCoordinates"": {""x"": 83.9, ""y"": 50.9}, ""eventActionType"": ""pass"", ""isHome"": false, ""keypass"": false, ""isLongBall"": true}"
1031251,Antonín Kinský,16363638,rating-breakdown,passes,passes,,,,Tottenham Hotspur,90.0,,22.4,50.9,67.4,65.6,,,,unresolvable,,,,False,False,pass,rating-breakdown,True,22.4,50.9,67.4,65.6,pass,False,False,True,"{""playerCoordinates"": {""x"": 22.4, ""y"": 50.9}, ""passEndCoordinates"": {""x"": 67.4, ""y"": 65.6}, ""eventActionType"": ""pass"", ""isHome"": false, ""keypass"": false, ""isLongBall"": true}"
1031251,Antonín Kinský,16363638,rating-breakdown,passes,passes,,,,Tottenham Hotspur,90.0,,10.9,54.7,29.8,4.8,True,True,1,boolean_field,success,True,,False,False,pass,rating-breakdown,True,10.9,54.7,29.8,4.8,pass,False,False,True,"{""playerCoordinates"": {""x"": 10.9, ""y"": 54.7}, ""passEndCoordinates"": {""x"": 29.8, ""y"": 4.8}, ""eventActionType"": ""pass"", ""isHome"": false, ""outcome"": true, ""keypass"": false, ""isLongBall"": true}"
1031251,Antonín Kinský,16363638,rating-breakdown,passes,passes,,,,Tottenham Hotspur,90.0,,4.8,49.5,64.4,54.4,,,,unresolvable,,,,False,False,pass,rating-breakdown,True,4.8,49.5,64.4,54.4,pass,False,False,True,"{""playerCoordinates"": {""x"": 4.8, ""y"": 49.5}, ""passEndCoordinates"": {""x"": 64.4, ""y"": 54.4}, ""eventActionType"": ""pass"", ""isHome"": false, ""keypass"": false, ""isLongBall"": true}"
1031251,Antonín Kinský,16363638,rating-breakdown,passes,passes,,,,Tottenham Hotspur,90.0,,37,25.9,74.9,53.5,,,,unresolvable,,,,False,False,pass,rating-breakdown,True,37,25.9,74.9,53.5,pass,False,False,True,"{""playerCoordinates"": {""x"": 37, ""y"": 25.9}, ""passEndCoordinates"": {""x"": 74.9, ""y"": 53.5}, ""eventActionType"": ""pass"", ""isHome"": false, ""keypass"": false, ""isLongBall"": true}"
1031251,Antonín Kinský,16363638,rating-breakdown,passes,passes,,,,Tottenham Hotspur,90.0,,16.7,40.8,35.7,8,True,True,1,boolean_field,success,True,,False,False,pass,rating-breakdown,True,16.7,40.8,35.7,8,pass,False,False,,"{""playerCoordinates"": {""x"": 16.7, ""y"": 40.8}, ""passEndCoordinates"": {""x"": 35.7, ""y"": 8}, ""eventActionType"": ""pass"", ""isHome"": false, ""outcome"": true, ""keypass"": false}"
1031251,Antonín Kinský,16363638,rating-breakdown,passes,passes,,,,Tottenham Hotspur,90.0,,16.7,54.4,81.6,55.5,,,,unresolvable,,,,False,False,pass,rating-breakdown,True,16.7,54.4,81.6,55.5,pass,False,False,True,"{""playerCoordinates"": {""x"": 16.7, ""y"": 54.4}, ""passEndCoordinates"": {""x"": 81.6, ""y"": 55.5}, ""eventActionType"": ""pass"", ""isHome"": false, ""keypass"": false, ""isLongBall"": true}"
1031251,Antonín Kinský,16363638,rating-breakdown,passes,passes,,,,Tottenham Hotspur,90.0,,2.4,47.7,69.8,34,,,,unresolvable,,,,False,False,pass,rating-breakdown,True,2.4,47.7,69.8,34,pass,False,False,True,"{""playerCoordinates"": {""x"": 2.4, ""y"": 47.7}, ""passEndCoordinates"": {""x"": 69.8, ""y"": 34}, ""eventActionType"": ""pass"", ""isHome"": false, ""keypass"": false, ""isLongBall"": true}"
1031251,Antonín Kinský,16363638,rating-breakdown,passes,passes,,,,Tottenham Hotspur,90.0,,12.5,47.1,67.4,91.1,True,True,1,boolean_field,success,True,,False,True,key_pass,rating-breakdown,True,12.5,47.1,67.4,91.1,pass,False,True,True,"{""playerCoordinates"": {""x"": 12.5, ""y"": 47.1}, ""passEndCoordinates"": {""x"": 67.4, ""y"": 91.1}, ""eventActionType"": ""pass"", ""isHome"": false, ""outcome"": true, ""keypass"": true, ""isLongBall"": true}"
1031251,Antonín Kinský,16363638,rating-breakdown,passes,passes,,,,Tottenham Hotspur,90.0,,30.1,33.1,31.5,35.2,True,True,1,boolean_field,success,True,,False,False,pass,rating-breakdown,True,30.1,33.1,31.5,35.2,pass,False,False,,"{""playerCoordinates"": {""x"": 30.1, ""y"": 33.1}, ""passEndCoordinates"": {""x"": 31.5, ""y"": 35.2}, ""eventActionType"": ""pass"", ""isHome"": false, ""outcome"": true, ""keypass"": false}"
1031251,Antonín Kinský,16363638,rating-breakdown,passes,passes,,,,Tottenham Hotspur,90.0,,12.2,44.8,70.8,10.6,,,,unresolvable,,,,False,False,pass,rating-breakdown,True,12.2,44.8,70.8,10.6,pass,False,False,True,"{""playerCoordinates"": {""x"": 12.2, ""y"": 44.8}, ""passEndCoordinates"": {""x"": 70.8, ""y"": 10.6}, ""eventActionType"": ""pass"", ""isHome"": false, ""keypass"": false, ""isLongBall"": true}"
1031251,Antonín Kinský,16363638,rating-breakdown,passes,passes,,,,Tottenham Hotspur,90.0,,17.5,48.5,81.3,54.5,,,,unresolvable,,,,False,False,pass,rating-breakdown,True,17.5,48.5,81.3,54.5,pass,False,False,True,"{""playerCoordinates"": {""x"": 17.5, ""y"": 48.5}, ""passEndCoordinates"": {""x"": 81.3, ""y"": 54.5}, ""eventActionType"": ""pass"", ""isHome"": false, ""keypass"": false, ""isLongBall"": true}"
1031251,Antonín Kinský,16363638,rating-breakdown,passes,passes,,,,Tottenham Hotspur,90.0,,5.1,49.8,67.5,48.6,,,,unresolvable,,,,False,False,pass,rating-breakdown,True,5.1,49.8,67.5,48.6,pass,False,False,True,"{""playerCoordinates"": {""x"": 5.1, ""y"": 49.8}, ""passEndCoordinates"": {""x"": 67.5, ""y"": 48.6}, ""eventActionType"": ""pass"", ""isHome"": false, ""keypass"": false, ""isLongBall"": true}"
1031251,Antonín Kinský,16363638,rating-breakdown,passes,passes,,,,Tottenham Hotspur,90.0,,11.3,72.1,22.8,92.1,True,True,1,boolean_field,success,True,,False,False,pass,rating-breakdown,True,11.3,72.1,22.8,92.1,pass,False,False,,"{""playerCoordinates"": {""x"": 11.3, ""y"": 72.1}, ""passEndCoordinates"": {""x"": 22.8, ""y"": 92.1}, ""eventActionType"": ""pass"", ""isHome"": false, ""outcome"": true, ""keypass"": false}"
1031251,Antonín Kinský,16363638,rating-breakdown,passes,passes,,,,Tottenham Hotspur,90.0,,6.1,50,22.7,4.4,True,True,1,boolean_field,success,True,,False,False,pass,rating-breakdown,True,6.1,50,22.7,4.4,pass,False,False,True,"{""playerCoordinates"": {""x"": 6.1, ""y"": 50}, ""passEndCoordinates"": {""x"": 22.7, ""y"": 4.4}, ""eventActionType"": ""pass"", ""isHome"": false, ""outcome"": true, ""keypass"": false, ""isLongBall"": true}"
1031251,Antonín Kinský,16363638,rating-breakdown,passes,passes,,,,Tottenham Hotspur,90.0,,10.3,48.6,59.9,38.2,,,,unresolvable,,,,False,False,pass,rating-breakdown,True,10.3,48.6,59.9,38.2,pass,False,False,True,"{""playerCoordinates"": {""x"": 10.3, ""y"": 48.6}, ""passEndCoordinates"": {""x"": 59.9, ""y"": 38.2}, ""eventActionType"": ""pass"", ""isHome"": false, ""keypass"": false, ""isLongBall"": true}"
1031251,Antonín Kinský,16363638,rating-breakdown,passes,passes,,,,Tottenham Hotspur,90.0,,12.2,36.4,62.7,12.4,,,,unresolvable,,,,False,False,pass,rating-breakdown,True,12.2,36.4,62.7,12.4,pass,False,False,True,"{""playerCoordinates"": {""x"": 12.2, ""y"": 36.4}, ""passEndCoordinates"": {""x"": 62.7, ""y"": 12.4}, ""eventActionType"": ""pass"", ""isHome"": false, ""keypass"": false, ""isLongBall"": true}"
1031251,Antonín Kinský,16363638,rating-breakdown,ball-carries,ball-carries,,,,Tottenham Hotspur,90.0,,24.3,54.5,28,52.3,,,,unresolvable,,,,False,False,,rating-breakdown,True,24.3,54.5,28,52.3,ball-carry,False,,,"{""playerCoordinates"": {""x"": 24.3, ""y"": 54.5}, ""passEndCoordinates"": {""x"": 28, ""y"": 52.3}, ""eventActionType"": ""ball-carry"", ""isHome"": false}"
1031251,Antonín Kinský,16363638,rating-breakdown,ball-carries,ball-carries,,,,Tottenham Hotspur,90.0,,4.1,48.5,7.5,57.6,,,,unresolvable,,,,False,False,,rating-breakdown,True,4.1,48.5,7.5,57.6,ball-carry,False,,,"{""playerCoordinates"": {""x"": 4.1, ""y"": 48.5}, ""passEndCoordinates"": {""x"": 7.5, ""y"": 57.6}, ""eventActionType"": ""ball-carry"", ""isHome"": false}"
1031251,Antonín Kinský,16363638,rating-breakdown,ball-carries,ball-carries,,,,Tottenham Hotspur,90.0,,33.7,50.6,37.9,48.2,,,,unresolvable,,,,False,False,,rating-breakdown,True,33.7,50.6,37.9,48.2,ball-carry,False,,,"{""playerCoordinates"": {""x"": 33.7, ""y"": 50.6}, ""passEndCoordinates"": {""x"": 37.9, ""y"": 48.2}, ""eventActionType"": ""ball-carry"", ""isHome"": false}"
1031251,Antonín Kinský,16363638,rating-breakdown,ball-carries,ball-carries,,,,Tottenham Hotspur,90.0,,3.6,38.9,7.5,45.6,,,,unresolvable,,,,False,False,,rating-breakdown,True,3.6,38.9,7.5,45.6,ball-carry,False,,,"{""playerCoordinates"": {""x"": 3.6, ""y"": 38.9}, ""passEndCoordinates"": {""x"": 7.5, ""y"": 45.6}, ""eventActionType"": ""ball-carry"", ""isHome"": false}"
1031251,Antonín Kinský,16363638,rating-breakdown,ball-carries,ball-carries,,,,Tottenham Hotspur,90.0,,15.6,48.3,22.8,50.6,,,,unresolvable,,,,False,False,,rating-breakdown,True,15.6,48.3,22.8,50.6,ball-carry,False,,,"{""playerCoordinates"": {""x"": 15.6, ""y"": 48.3}, ""passEndCoordinates"": {""x"": 22.8, ""y"": 50.6}, ""eventActionType"": ""ball-carry"", ""isHome"": false}"
1031251,Antonín Kinský,16363638,rating-breakdown,ball-carries,ball-carries,,,,Tottenham Hotspur,90.0,,26.9,39.7,24.7,43.5,,,,unresolvable,,,,False,False,,rating-breakdown,True,26.9,39.7,24.7,43.5,ball-carry,False,,,"{""playerCoordinates"": {""x"": 26.9, ""y"": 39.7}, ""passEndCoordinates"": {""x"": 24.7, ""y"": 43.5}, ""eventActionType"": ""ball-carry"", ""isHome"": false}"
1031251,Antonín Kinský,16363638,rating-breakdown,ball-carries,ball-carries,,,,Tottenham Hotspur,90.0,,8.6,51.3,10.9,54.7,,,,unresolvable,,,,False,False,,rating-breakdown,True,8.6,51.3,10.9,54.7,ball-carry,False,,,"{""playerCoordinates"": {""x"": 8.6, ""y"": 51.3}, ""passEndCoordinates"": {""x"": 10.9, ""y"": 54.7}, ""eventActionType"": ""ball-carry"", ""isHome"": false}"
1031251,Antonín Kinský,16363638,rating-breakdown,ball-carries,ball-carries,,,,Tottenham Hotspur,90.0,,34.5,33.8,37,25.9,,,,unresolvable,,,,False,False,,rating-breakdown,True,34.5,33.8,37,25.9,ball-carry,False,,,"{""playerCoordinates"": {""x"": 34.5, ""y"": 33.8}, ""passEndCoordinates"": {""x"": 37, ""y"": 25.9}, ""eventActionType"": ""ball-carry"", ""isHome"": false}"
1031251,Antonín Kinský,16363638,rating-breakdown,ball-carries,ball-carries,,,,Tottenham Hotspur,90.0,,17.4,45.6,16.7,40.8,,,,unresolvable,,,,False,False,,rating-breakdown,True,17.4,45.6,16.7,40.8,ball-carry,False,,,"{""playerCoordinates"": {""x"": 17.4, ""y"": 45.6}, ""passEndCoordinates"": {""x"": 16.7, ""y"": 40.8}, ""eventActionType"": ""ball-carry"", ""isHome"": false}"
1031251,Antonín Kinský,16363638,rating-breakdown,ball-carries,ball-carries,,,,Tottenham Hotspur,90.0,,24.9,28,30.1,33.1,,,,unresolvable,,,,False,False,,rating-breakdown,True,24.9,28,30.1,33.1,ball-carry,False,,,"{""playerCoordinates"": {""x"": 24.9, ""y"": 28}, ""passEndCoordinates"": {""x"": 30.1, ""y"": 33.1}, ""eventActionType"": ""ball-carry"", ""isHome"": false}"
1031251,Antonín Kinský,16363638,rating-breakdown,ball-carries,ball-carries,,,,Tottenham Hotspur,90.0,,12.9,51.4,12.2,44.8,,,,unresolvable,,,,False,False,,rating-breakdown,True,12.9,51.4,12.2,44.8,ball-carry,False,,,"{""playerCoordinates"": {""x"": 12.9, ""y"": 51.4}, ""passEndCoordinates"": {""x"": 12.2, ""y"": 44.8}, ""eventActionType"": ""ball-carry"", ""isHome"": false}"
1031251,Antonín Kinský,16363638,rating-breakdown,ball-carries,ball-carries,,,,Tottenham Hotspur,90.0,,12.8,45.5,17.5,48.5,,,,unresolvable,,,,False,False,,rating-breakdown,True,12.8,45.5,17.5,48.5,ball-carry,False,,,"{""playerCoordinates"": {""x"": 12.8, ""y"": 45.5}, ""passEndCoordinates"": {""x"": 17.5, ""y"": 48.5}, ""eventActionType"": ""ball-carry"", ""isHome"": false}"
1031251,Antonín Kinský,16363638,rating-breakdown,ball-carries,ball-carries,,,,Tottenham Hotspur,90.0,,6.4,59.6,6.1,50,,,,unresolvable,,,,False,False,,rating-breakdown,True,6.4,59.6,6.1,50,ball-carry,False,,,"{""playerCoordinates"": {""x"": 6.4, ""y"": 59.6}, ""passEndCoordinates"": {""x"": 6.1, ""y"": 50}, ""eventActionType"": ""ball-carry"", ""isHome"": false}"
1031251,Antonín Kinský,16363638,rating-breakdown,ball-carries,ball-carries,,,,Tottenham Hotspur,90.0,,6.5,45,12.2,36.4,,,,unresolvable,,,,False,False,,rating-breakdown,True,6.5,45,12.2,36.4,ball-carry,False,,,"{""playerCoordinates"": {""x"": 6.5, ""y"": 45}, ""passEndCoordinates"": {""x"": 12.2, ""y"": 36.4}, ""eventActionType"": ""ball-carry"", ""isHome"": false}"
1031251,Antonín Kinský,16363638,rating-breakdown,defensive,defensive,,,,Tottenham Hotspur,90.0,,9.6,46.1,,,True,True,1,boolean_field,success,,True,False,False,,rating-breakdown,True,9.6,46.1,,,ball-recovery,False,False,,"{""playerCoordinates"": {""x"": 9.6, ""y"": 46.1}, ""eventActionType"": ""ball-recovery"", ""isHome"": false, ""outcome"": true, ""keypass"": false}"
1031251,Antonín Kinský,16363638,rating-breakdown,defensive,defensive,,,,Tottenham Hotspur,90.0,,2.7,50,,,True,True,1,boolean_field,success,,True,False,False,,rating-breakdown,True,2.7,50,,,ball-recovery,False,False,,"{""playerCoordinates"": {""x"": 2.7, ""y"": 50}, ""eventActionType"": ""ball-recovery"", ""isHome"": false, ""outcome"": true, ""keypass"": false}"
1031251,Antonín Kinský,16363638,rating-breakdown,defensive,defensive,,,,Tottenham Hotspur,90.0,,8.8,66.5,,,True,True,1,boolean_field,success,,True,False,False,,rating-breakdown,True,8.8,66.5,,,ball-recovery,False,False,,"{""playerCoordinates"": {""x"": 8.8, ""y"": 66.5}, ""eventActionType"": ""ball-recovery"", ""isHome"": false, ""outcome"": true, ""keypass"": false}"
1031251,Antonín Kinský,16363638,rating-breakdown,defensive,defensive,,,,Tottenham Hotspur,90.0,,13.3,58.2,,,True,True,1,boolean_field,success,,True,False,False,,rating-breakdown,True,13.3,58.2,,,ball-recovery,False,False,,"{""playerCoordinates"": {""x"": 13.3, ""y"": 58.2}, ""eventActionType"": ""ball-recovery"", ""isHome"": false, ""outcome"": true, ""keypass"": false}"
1031251,Antonín Kinský,16363638,rating-breakdown,defensive,defensive,,,,Tottenham Hotspur,90.0,,15.2,32.6,,,True,True,1,boolean_field,success,,True,False,False,,rating-breakdown,True,15.2,32.6,,,ball-recovery,False,False,,"{""playerCoordinates"": {""x"": 15.2, ""y"": 32.6}, ""eventActionType"": ""ball-recovery"", ""isHome"": false, ""outcome"": true, ""keypass"": false}"
1031251,Antonín Kinský,16363638,rating-breakdown,defensive,defensive,,,,Tottenham Hotspur,90.0,,9.9,26.8,,,True,True,1,boolean_field,success,,True,False,False,,rating-breakdown,True,9.9,26.8,,,ball-recovery,False,False,,"{""playerCoordinates"": {""x"": 9.9, ""y"": 26.8}, ""eventActionType"": ""ball-recovery"", ""isHome"": false, ""outcome"": true, ""keypass"": false}"
1031251,Antonín Kinský,16363638,rating-breakdown,defensive,defensive,,,,Tottenham Hotspur,90.0,,30.3,61.8,62.2,100,True,True,1,boolean_field,success,,True,False,False,,rating-breakdown,True,30.3,61.8,62.2,100,clearance,False,False,,"{""playerCoordinates"": {""x"": 30.3, ""y"": 61.8}, ""passEndCoordinates"": {""x"": 62.2, ""y"": 100}, ""eventActionType"": ""clearance"", ""isHome"": false, ""outcome"": true, ""keypass"": false}"
1031251,Antonín Kinský,16363638,rating-breakdown,defensive,defensive,,,,Tottenham Hotspur,90.0,,10.6,46.4,,,True,True,1,boolean_field,success,,True,False,False,,rating-breakdown,True,10.6,46.4,,,ball-recovery,False,False,,"{""playerCoordinates"": {""x"": 10.6, ""y"": 46.4}, ""eventActionType"": ""ball-recovery"", ""isHome"": false, ""outcome"": true, ""keypass"": false}"
1031251,Antonín Kinský,16363638,rating-breakdown,defensive,defensive,,,,Tottenham Hotspur,90.0,,4.8,45.4,23.4,57.3,,,,unresolvable,,,,False,False,,rating-breakdown,True,4.8,45.4,23.4,57.3,clearance,False,False,,"{""playerCoordinates"": {""x"": 4.8, ""y"": 45.4}, ""passEndCoordinates"": {""x"": 23.4, ""y"": 57.3}, ""eventActionType"": ""clearance"", ""isHome"": false, ""keypass"": false}"
1031251,Antonín Kinský,16363638,rating-breakdown,defensive,defensive,,,,Tottenham Hotspur,90.0,,11.3,72.1,,,True,True,1,boolean_field,success,,True,False,False,,rating-breakdown,True,11.3,72.1,,,ball-recovery,False,False,,"{""playerCoordinates"": {""x"": 11.3, ""y"": 72.1}, ""eventActionType"": ""ball-recovery"", ""isHome"": false, ""outcome"": true, ""keypass"": false}"
