player_id,player_name,event_id,endpoint,category,action_type,match_date,home_team,away_team,team,minutes_played_matchlog,minute,x,y,end_x,end_y,success,successful,success_flag,success_source,outcome,accurate,won,_endpoint,endpoint_available,playerCoordinates_x,playerCoordinates_y,passEndCoordinates_x,passEndCoordinates_y,eventActionType,isHome,keypass,isAssist,isLongBall
2029648,Christian Kofane,14062009,rating-breakdown,passes,passes,,,,Bayer 04 Leverkusen,12.0,,59.6,79.7,45.1,87.6,True,True,1,boolean_field,success,True,,rating-breakdown,True,59.6,79.7,45.1,87.6,pass,True,False,,
2029648,Christian Kofane,14062009,rating-breakdown,passes,passes,,,,Bayer 04 Leverkusen,12.0,,60.5,83.7,57,93.6,True,True,1,boolean_field,success,True,,rating-breakdown,True,60.5,83.7,57,93.6,pass,True,False,,
2029648,Christian Kofane,14062009,rating-breakdown,passes,passes,,,,Bayer 04 Leverkusen,12.0,,96.7,28.1,85.8,14.4,True,True,1,boolean_field,success,True,,rating-breakdown,True,96.7,28.1,85.8,14.4,pass,True,False,,
2029648,Christian Kofane,14062009,rating-breakdown,passes,passes,,,,Bayer 04 Leverkusen,12.0,,81.5,11.4,75,5.3,True,True,1,boolean_field,success,True,,rating-breakdown,True,81.5,11.4,75,5.3,pass,True,False,,
2029648,Christian Kofane,14065063,rating-breakdown,passes,passes,,,,Bayer 04 Leverkusen,72.0,,25,91.7,26.4,83.3,True,True,1,boolean_field,success,True,,rating-breakdown,True,25,91.7,26.4,83.3,pass,False,False,,
2029648,Christian Kofane,14065063,rating-breakdown,passes,passes,,,,Bayer 04 Leverkusen,72.0,,86.4,65.6,87.8,71.5,True,True,1,boolean_field,success,True,,rating-breakdown,True,86.4,65.6,87.8,71.5,pass,False,True,,
2029648,Christian Kofane,14065063,rating-breakdown,passes,passes,,,,Bayer 04 Leverkusen,72.0,,36.6,66.9,31.8,74.6,True,True,1,boolean_field,success,True,,rating-breakdown,True,36.6,66.9,31.8,74.6,pass,False,False,,
2029648,Christian Kofane,14065063,rating-breakdown,passes,passes,,,,Bayer 04 Leverkusen,72.0,,86.7,69.2,88.8,52.6,,,,unresolvable,,,,rating-breakdown,True,86.7,69.2,88.8,52.6,pass,False,False,,
2029648,Christian Kofane,14065063,rating-breakdown,passes,passes,,,,Bayer 04 Leverkusen,72.0,,52.7,38.7,43.3,27.2,True,True,1,boolean_field,success,True,,rating-breakdown,True,52.7,38.7,43.3,27.2,pass,False,False,,
2029648,Christian Kofane,14065063,rating-breakdown,passes,passes,,,,Bayer 04 Leverkusen,72.0,,77.9,88.7,71.8,93,True,True,1,boolean_field,success,True,,rating-breakdown,True,77.9,88.7,71.8,93,pass,False,False,,
2029648,Christian Kofane,14065063,rating-breakdown,passes,passes,,,,Bayer 04 Leverkusen,72.0,,32.3,94.1,31.2,89.7,True,True,1,boolean_field,success,True,,rating-breakdown,True,32.3,94.1,31.2,89.7,pass,False,False,,
2029648,Christian Kofane,14065063,rating-breakdown,defensive,defensive,,,,Bayer 04 Leverkusen,72.0,,52.7,38.7,,,True,True,1,boolean_field,success,,True,rating-breakdown,True,52.7,38.7,,,ball-recovery,False,False,,
2029648,Christian Kofane,14065063,rating-breakdown,defensive,defensive,,,,Bayer 04 Leverkusen,72.0,,73.9,23.5,,,True,True,1,boolean_field,success,,True,rating-breakdown,True,73.9,23.5,,,ball-recovery,False,False,,
2029648,Christian Kofane,14065063,rating-breakdown,defensive,defensive,,,,Bayer 04 Leverkusen,72.0,,75.6,24.8,,,,,,unresolvable,,,,rating-breakdown,True,75.6,24.8,,,tackle,False,False,,
2029648,Christian Kofane,14065076,rating-breakdown,passes,passes,,,,Bayer 04 Leverkusen,17.0,,21.8,22.5,29,16.9,True,True,1,boolean_field,success,True,,rating-breakdown,True,21.8,22.5,29,16.9,pass,True,False,,
2029648,Christian Kofane,14065076,rating-breakdown,passes,passes,,,,Bayer 04 Leverkusen,17.0,,78.7,22.3,77.4,12.6,True,True,1,boolean_field,success,True,,rating-breakdown,True,78.7,22.3,77.4,12.6,pass,True,False,,
2029648,Christian Kofane,14065095,rating-breakdown,passes,passes,,,,Bayer 04 Leverkusen,11.0,,76.6,61.1,84.2,35.8,True,True,1,boolean_field,success,True,,rating-breakdown,True,76.6,61.1,84.2,35.8,pass,False,True,,
2029648,Christian Kofane,14065095,rating-breakdown,defensive,defensive,,,,Bayer 04 Leverkusen,11.0,,67.9,71.2,,,True,True,1,boolean_field,success,,True,rating-breakdown,True,67.9,71.2,,,ball-recovery,False,False,,
2029648,Christian Kofane,14065104,rating-breakdown,passes,passes,,,,Bayer 04 Leverkusen,81.0,,82.8,30.7,86.1,34.3,True,True,1,boolean_field,success,True,,rating-breakdown,True,82.8,30.7,86.1,34.3,pass,True,False,,
2029648,Christian Kofane,14065104,rating-breakdown,passes,passes,,,,Bayer 04 Leverkusen,81.0,,71.5,83.2,67.5,92.1,True,True,1,boolean_field,success,True,,rating-breakdown,True,71.5,83.2,67.5,92.1,pass,True,False,,
2029648,Christian Kofane,14065104,rating-breakdown,passes,passes,,,,Bayer 04 Leverkusen,81.0,,76.2,69.7,79.2,59.1,True,True,1,boolean_field,success,True,,rating-breakdown,True,76.2,69.7,79.2,59.1,pass,True,False,,
2029648,Christian Kofane,14065104,rating-breakdown,passes,passes,,,,Bayer 04 Leverkusen,81.0,,64.6,44.7,50.5,37.8,True,True,1,boolean_field,success,True,,rating-breakdown,True,64.6,44.7,50.5,37.8,pass,True,False,,
2029648,Christian Kofane,14065104,rating-breakdown,passes,passes,,,,Bayer 04 Leverkusen,81.0,,74.4,30.7,78.9,11.5,,,,unresolvable,,,,rating-breakdown,True,74.4,30.7,78.9,11.5,pass,True,False,,
2029648,Christian Kofane,14065104,rating-breakdown,passes,passes,,,,Bayer 04 Leverkusen,81.0,,40.9,71.7,35.5,74.4,,,,unresolvable,,,,rating-breakdown,True,40.9,71.7,35.5,74.4,pass,True,False,,
2029648,Christian Kofane,14065104,rating-breakdown,passes,passes,,,,Bayer 04 Leverkusen,81.0,,57,50.7,60.2,65.7,True,True,1,boolean_field,success,True,,rating-breakdown,True,57,50.7,60.2,65.7,pass,True,True,,
2029648,Christian Kofane,14065104,rating-breakdown,passes,passes,,,,Bayer 04 Leverkusen,81.0,,71.7,54.6,73.9,66.6,True,True,1,boolean_field,success,True,,rating-breakdown,True,71.7,54.6,73.9,66.6,pass,True,False,,
2029648,Christian Kofane,14065104,rating-breakdown,passes,passes,,,,Bayer 04 Leverkusen,81.0,,80.2,53.5,78.7,61.6,True,True,1,boolean_field,success,True,,rating-breakdown,True,80.2,53.5,78.7,61.6,pass,True,True,,
2029648,Christian Kofane,14065104,rating-breakdown,passes,passes,,,,Bayer 04 Leverkusen,81.0,,65,56.5,68.6,49.6,True,True,1,boolean_field,success,True,,rating-breakdown,True,65,56.5,68.6,49.6,pass,True,False,,
2029648,Christian Kofane,14065104,rating-breakdown,dribbles,dribbles,,,,Bayer 04 Leverkusen,81.0,,92,48.9,,,True,True,1,boolean_field,success,,True,rating-breakdown,True,92,48.9,,,dribble,True,False,,
2029648,Christian Kofane,14065104,rating-breakdown,defensive,defensive,,,,Bayer 04 Leverkusen,81.0,,6.9,55.6,21.6,49.2,True,True,1,boolean_field,success,,True,rating-breakdown,True,6.9,55.6,21.6,49.2,clearance,True,False,,
2029648,Christian Kofane,14065104,rating-breakdown,defensive,defensive,,,,Bayer 04 Leverkusen,81.0,,87.5,55.8,,,True,True,1,boolean_field,success,,True,rating-breakdown,True,87.5,55.8,,,interception,True,False,,
2029648,Christian Kofane,14065112,rating-breakdown,passes,passes,,,,Bayer 04 Leverkusen,79.0,,55.7,35.7,51.2,39.4,True,True,1,boolean_field,success,True,,rating-breakdown,True,55.7,35.7,51.2,39.4,pass,False,False,,
2029648,Christian Kofane,14065112,rating-breakdown,passes,passes,,,,Bayer 04 Leverkusen,79.0,,53.5,59.2,45.5,67.8,True,True,1,boolean_field,success,True,,rating-breakdown,True,53.5,59.2,45.5,67.8,pass,False,False,,
2029648,Christian Kofane,14065112,rating-breakdown,passes,passes,,,,Bayer 04 Leverkusen,79.0,,76,35.1,68.3,36.3,True,True,1,boolean_field,success,True,,rating-breakdown,True,76,35.1,68.3,36.3,pass,False,False,,
2029648,Christian Kofane,14065112,rating-breakdown,passes,passes,,,,Bayer 04 Leverkusen,79.0,,76,36.9,78.4,31.3,True,True,1,boolean_field,success,True,,rating-breakdown,True,76,36.9,78.4,31.3,pass,False,False,,
2029648,Christian Kofane,14065112,rating-breakdown,passes,passes,,,,Bayer 04 Leverkusen,79.0,,76.4,17.2,90.7,28.5,True,True,1,boolean_field,success,True,,rating-breakdown,True,76.4,17.2,90.7,28.5,pass,False,False,,
2029648,Christian Kofane,14065112,rating-breakdown,passes,passes,,,,Bayer 04 Leverkusen,79.0,,49.9,49.6,34,49,True,True,1,boolean_field,success,True,,rating-breakdown,True,49.9,49.6,34,49,pass,False,False,,
2029648,Christian Kofane,14065112,rating-breakdown,passes,passes,,,,Bayer 04 Leverkusen,79.0,,85.6,25.5,82,49.2,True,True,1,boolean_field,success,True,,rating-breakdown,True,85.6,25.5,82,49.2,pass,False,True,,
2029648,Christian Kofane,14065112,rating-breakdown,passes,passes,,,,Bayer 04 Leverkusen,79.0,,85.2,25.6,87.7,42.4,,,,unresolvable,,,,rating-breakdown,True,85.2,25.6,87.7,42.4,pass,False,False,,
2029648,Christian Kofane,14065112,rating-breakdown,passes,passes,,,,Bayer 04 Leverkusen,79.0,,78.4,31.2,86.4,23.2,True,True,1,boolean_field,success,True,,rating-breakdown,True,78.4,31.2,86.4,23.2,pass,False,False,,
2029648,Christian Kofane,14065112,rating-breakdown,passes,passes,,,,Bayer 04 Leverkusen,79.0,,81.2,33.4,88.9,19.8,True,True,1,boolean_field,success,True,,rating-breakdown,True,81.2,33.4,88.9,19.8,pass,False,True,,
2029648,Christian Kofane,14065112,rating-breakdown,passes,passes,,,,Bayer 04 Leverkusen,79.0,,65.6,65.1,82.8,73.2,,,,unresolvable,,,,rating-breakdown,True,65.6,65.1,82.8,73.2,pass,False,False,,
2029648,Christian Kofane,14065112,rating-breakdown,passes,passes,,,,Bayer 04 Leverkusen,79.0,,78,65.8,80.3,75.9,True,True,1,boolean_field,success,True,,rating-breakdown,True,78,65.8,80.3,75.9,pass,False,True,,
2029648,Christian Kofane,14065112,rating-breakdown,defensive,defensive,,,,Bayer 04 Leverkusen,79.0,,15.8,41.2,29.7,48.7,True,True,1,boolean_field,success,,True,rating-breakdown,True,15.8,41.2,29.7,48.7,clearance,False,False,,
2029648,Christian Kofane,14065112,rating-breakdown,defensive,defensive,,,,Bayer 04 Leverkusen,79.0,,58.4,77,,,True,True,1,boolean_field,success,,True,rating-breakdown,True,58.4,77,,,tackle,False,False,,
2029648,Christian Kofane,14065121,rating-breakdown,passes,passes,,,,Bayer 04 Leverkusen,77.0,,69.5,97.5,61.4,96.1,True,True,1,boolean_field,success,True,,rating-breakdown,True,69.5,97.5,61.4,96.1,pass,True,False,,
2029648,Christian Kofane,14065121,rating-breakdown,passes,passes,,,,Bayer 04 Leverkusen,77.0,,43.1,84.8,64,63,,,,unresolvable,,,,rating-breakdown,True,43.1,84.8,64,63,pass,True,False,,
2029648,Christian Kofane,14065121,rating-breakdown,passes,passes,,,,Bayer 04 Leverkusen,77.0,,58,70.5,39.7,77.3,True,True,1,boolean_field,success,True,,rating-breakdown,True,58,70.5,39.7,77.3,pass,True,False,,
2029648,Christian Kofane,14065121,rating-breakdown,passes,passes,,,,Bayer 04 Leverkusen,77.0,,55.6,35.8,56.4,25.6,True,True,1,boolean_field,success,True,,rating-breakdown,True,55.6,35.8,56.4,25.6,pass,True,False,,
2029648,Christian Kofane,14065121,rating-breakdown,passes,passes,,,,Bayer 04 Leverkusen,77.0,,59.3,40.7,53.8,26.8,True,True,1,boolean_field,success,True,,rating-breakdown,True,59.3,40.7,53.8,26.8,pass,True,False,,
2029648,Christian Kofane,14065121,rating-breakdown,passes,passes,,,,Bayer 04 Leverkusen,77.0,,69.7,64,62.2,75.4,True,True,1,boolean_field,success,True,,rating-breakdown,True,69.7,64,62.2,75.4,pass,True,False,,
2029648,Christian Kofane,14065121,rating-breakdown,passes,passes,,,,Bayer 04 Leverkusen,77.0,,50.1,49.8,51.6,47.5,True,True,1,boolean_field,success,True,,rating-breakdown,True,50.1,49.8,51.6,47.5,pass,True,False,,
2029648,Christian Kofane,14065121,rating-breakdown,passes,passes,,,,Bayer 04 Leverkusen,77.0,,83.8,24.1,79.6,40.6,True,True,1,boolean_field,success,True,,rating-breakdown,True,83.8,24.1,79.6,40.6,pass,True,False,,
2029648,Christian Kofane,14065121,rating-breakdown,passes,passes,,,,Bayer 04 Leverkusen,77.0,,19.6,74.1,22.3,77.1,True,True,1,boolean_field,success,True,,rating-breakdown,True,19.6,74.1,22.3,77.1,pass,True,False,,
2029648,Christian Kofane,14065121,rating-breakdown,passes,passes,,,,Bayer 04 Leverkusen,77.0,,61.4,22.2,57.2,12,True,True,1,boolean_field,success,True,,rating-breakdown,True,61.4,22.2,57.2,12,pass,True,False,,
2029648,Christian Kofane,14065121,rating-breakdown,passes,passes,,,,Bayer 04 Leverkusen,77.0,,37.2,37.5,33.4,43.6,True,True,1,boolean_field,success,True,,rating-breakdown,True,37.2,37.5,33.4,43.6,pass,True,False,,
2029648,Christian Kofane,14065121,rating-breakdown,passes,passes,,,,Bayer 04 Leverkusen,77.0,,70.8,44.1,72.7,52,True,True,1,boolean_field,success,True,,rating-breakdown,True,70.8,44.1,72.7,52,pass,True,False,,
2029648,Christian Kofane,14065121,rating-breakdown,dribbles,dribbles,,,,Bayer 04 Leverkusen,77.0,,59.7,69.4,,,True,True,1,boolean_field,success,,True,rating-breakdown,True,59.7,69.4,,,dribble,True,False,,
2029648,Christian Kofane,14065121,rating-breakdown,dribbles,dribbles,,,,Bayer 04 Leverkusen,77.0,,74.8,22.9,,,,,,unresolvable,,,,rating-breakdown,True,74.8,22.9,,,dribble,True,False,,
2029648,Christian Kofane,14065121,rating-breakdown,dribbles,dribbles,,,,Bayer 04 Leverkusen,77.0,,86.4,56.4,,,True,True,1,boolean_field,success,,True,rating-breakdown,True,86.4,56.4,,,dribble,True,False,,
2029648,Christian Kofane,14065121,rating-breakdown,defensive,defensive,,,,Bayer 04 Leverkusen,77.0,,68.8,55,,,,,,unresolvable,,,,rating-breakdown,True,68.8,55,,,tackle,True,False,,
2029648,Christian Kofane,14065121,rating-breakdown,defensive,defensive,,,,Bayer 04 Leverkusen,77.0,,10.3,56.5,,,True,True,1,boolean_field,success,,True,rating-breakdown,True,10.3,56.5,,,block,True,False,,
2029648,Christian Kofane,14065121,rating-breakdown,defensive,defensive,,,,Bayer 04 Leverkusen,77.0,,9.5,63.6,29.6,100,True,True,1,boolean_field,success,,True,rating-breakdown,True,9.5,63.6,29.6,100,clearance,True,False,,
2029648,Christian Kofane,14065121,rating-breakdown,defensive,defensive,,,,Bayer 04 Leverkusen,77.0,,14.8,54.9,15.8,36.4,True,True,1,boolean_field,success,,True,rating-breakdown,True,14.8,54.9,15.8,36.4,clearance,True,False,,
2029648,Christian Kofane,14065121,rating-breakdown,defensive,defensive,,,,Bayer 04 Leverkusen,77.0,,19.6,74.1,,,True,True,1,boolean_field,success,,True,rating-breakdown,True,19.6,74.1,,,ball-recovery,True,False,,
2029648,Christian Kofane,14065128,rating-breakdown,passes,passes,,,,Bayer 04 Leverkusen,34.0,,75.5,93.2,70.8,86.1,True,True,1,boolean_field,success,True,,rating-breakdown,True,75.5,93.2,70.8,86.1,pass,False,False,,
2029648,Christian Kofane,14065128,rating-breakdown,passes,passes,,,,Bayer 04 Leverkusen,34.0,,70.1,85.5,63.5,69,True,True,1,boolean_field,success,True,,rating-breakdown,True,70.1,85.5,63.5,69,pass,False,False,,
2029648,Christian Kofane,14065128,rating-breakdown,dribbles,dribbles,,,,Bayer 04 Leverkusen,34.0,,36,73,,,True,True,1,boolean_field,success,,True,rating-breakdown,True,36,73,,,dribble,False,False,,
2029648,Christian Kofane,14065128,rating-breakdown,defensive,defensive,,,,Bayer 04 Leverkusen,34.0,,24.9,67.6,,,True,True,1,boolean_field,success,,True,rating-breakdown,True,24.9,67.6,,,ball-recovery,False,False,,
2029648,Christian Kofane,14065150,rating-breakdown,passes,passes,,,,Bayer 04 Leverkusen,15.0,,59.4,84.1,56.3,96.1,True,True,1,boolean_field,success,True,,rating-breakdown,True,59.4,84.1,56.3,96.1,pass,False,False,,
2029648,Christian Kofane,14065150,rating-breakdown,passes,passes,,,,Bayer 04 Leverkusen,15.0,,31.4,28.8,37.9,8.7,,,,unresolvable,,,,rating-breakdown,True,31.4,28.8,37.9,8.7,pass,False,False,,
2029648,Christian Kofane,14065150,rating-breakdown,passes,passes,,,,Bayer 04 Leverkusen,15.0,,40.7,11.5,36.2,3,True,True,1,boolean_field,success,True,,rating-breakdown,True,40.7,11.5,36.2,3,pass,False,False,,
2029648,Christian Kofane,14065150,rating-breakdown,passes,passes,,,,Bayer 04 Leverkusen,15.0,,92.4,95.1,86,96.4,True,True,1,boolean_field,success,True,,rating-breakdown,True,92.4,95.1,86,96.4,pass,False,False,,
2029648,Christian Kofane,14065150,rating-breakdown,dribbles,dribbles,,,,Bayer 04 Leverkusen,15.0,,62.4,82.4,,,True,True,1,boolean_field,success,,True,rating-breakdown,True,62.4,82.4,,,dribble,False,False,,
2029648,Christian Kofane,14065150,rating-breakdown,dribbles,dribbles,,,,Bayer 04 Leverkusen,15.0,,35.4,86.8,,,,,,unresolvable,,,,rating-breakdown,True,35.4,86.8,,,dribble,False,False,,
2029648,Christian Kofane,14065150,rating-breakdown,defensive,defensive,,,,Bayer 04 Leverkusen,15.0,,4.4,55.9,17.1,41.4,True,True,1,boolean_field,success,,True,rating-breakdown,True,4.4,55.9,17.1,41.4,clearance,False,False,,
2029648,Christian Kofane,14065150,rating-breakdown,defensive,defensive,,,,Bayer 04 Leverkusen,15.0,,2.8,55,24.5,67.8,True,True,1,boolean_field,success,,True,rating-breakdown,True,2.8,55,24.5,67.8,clearance,False,False,,
2029648,Christian Kofane,14065150,rating-breakdown,defensive,defensive,,,,Bayer 04 Leverkusen,15.0,,92.5,94.9,,,True,True,1,boolean_field,success,,True,rating-breakdown,True,92.5,94.9,,,ball-recovery,False,False,,
2029648,Christian Kofane,14065158,rating-breakdown,passes,passes,,,,Bayer 04 Leverkusen,27.0,,9.5,74.1,4.9,79.7,True,True,1,boolean_field,success,True,,rating-breakdown,True,9.5,74.1,4.9,79.7,pass,True,False,,
2029648,Christian Kofane,14065158,rating-breakdown,passes,passes,,,,Bayer 04 Leverkusen,27.0,,68.8,24.4,61.9,8.8,True,True,1,boolean_field,success,True,,rating-breakdown,True,68.8,24.4,61.9,8.8,pass,True,False,,
2029648,Christian Kofane,14065158,rating-breakdown,passes,passes,,,,Bayer 04 Leverkusen,27.0,,62.2,70,56.5,66.5,True,True,1,boolean_field,success,True,,rating-breakdown,True,62.2,70,56.5,66.5,pass,True,False,,
2029648,Christian Kofane,14065158,rating-breakdown,passes,passes,,,,Bayer 04 Leverkusen,27.0,,96,76.8,90.9,68.3,,,,unresolvable,,,,rating-breakdown,True,96,76.8,90.9,68.3,pass,True,False,,
2029648,Christian Kofane,14065158,rating-breakdown,passes,passes,,,,Bayer 04 Leverkusen,27.0,,85.6,42.1,75.9,40.1,True,True,1,boolean_field,success,True,,rating-breakdown,True,85.6,42.1,75.9,40.1,pass,True,False,,
2029648,Christian Kofane,14065158,rating-breakdown,defensive,defensive,,,,Bayer 04 Leverkusen,27.0,,56,67.1,,,True,True,1,boolean_field,success,,True,rating-breakdown,True,56,67.1,,,ball-recovery,True,False,,
2029648,Christian Kofane,14065169,rating-breakdown,passes,passes,,,,Bayer 04 Leverkusen,45.0,,62.7,69,64.4,75.1,True,True,1,boolean_field,success,True,,rating-breakdown,True,62.7,69,64.4,75.1,pass,False,False,,
2029648,Christian Kofane,14065169,rating-breakdown,passes,passes,,,,Bayer 04 Leverkusen,45.0,,88,68.7,85.3,75,True,True,1,boolean_field,success,True,,rating-breakdown,True,88,68.7,85.3,75,pass,False,False,,
2029648,Christian Kofane,14065169,rating-breakdown,passes,passes,,,,Bayer 04 Leverkusen,45.0,,69.8,23.7,69.7,0,,,,unresolvable,,,,rating-breakdown,True,69.8,23.7,69.7,0,pass,False,False,,
2029648,Christian Kofane,14065169,rating-breakdown,passes,passes,,,,Bayer 04 Leverkusen,45.0,,71.5,57,68,40,True,True,1,boolean_field,success,True,,rating-breakdown,True,71.5,57,68,40,pass,False,False,,
2029648,Christian Kofane,14065169,rating-breakdown,passes,passes,,,,Bayer 04 Leverkusen,45.0,,61.8,66,47,57.7,True,True,1,boolean_field,success,True,,rating-breakdown,True,61.8,66,47,57.7,pass,False,False,,
2029648,Christian Kofane,14065169,rating-breakdown,passes,passes,,,,Bayer 04 Leverkusen,45.0,,69.3,73.5,66.9,64.5,True,True,1,boolean_field,success,True,,rating-breakdown,True,69.3,73.5,66.9,64.5,pass,False,False,,
2029648,Christian Kofane,14065169,rating-breakdown,passes,passes,,,,Bayer 04 Leverkusen,45.0,,33.8,75,43.7,91,True,True,1,boolean_field,success,True,,rating-breakdown,True,33.8,75,43.7,91,pass,False,False,,
2029648,Christian Kofane,14065169,rating-breakdown,passes,passes,,,,Bayer 04 Leverkusen,45.0,,78.7,74.4,67.2,75.1,True,True,1,boolean_field,success,True,,rating-breakdown,True,78.7,74.4,67.2,75.1,pass,False,False,,
2029648,Christian Kofane,14065169,rating-breakdown,defensive,defensive,,,,Bayer 04 Leverkusen,45.0,,40.7,94.5,40.9,100,True,True,1,boolean_field,success,,True,rating-breakdown,True,40.7,94.5,40.9,100,clearance,False,False,,
2029648,Christian Kofane,14065169,rating-breakdown,defensive,defensive,,,,Bayer 04 Leverkusen,45.0,,73.3,28.8,,,True,True,1,boolean_field,success,,True,rating-breakdown,True,73.3,28.8,,,tackle,False,False,,
2029648,Christian Kofane,14065169,rating-breakdown,defensive,defensive,,,,Bayer 04 Leverkusen,45.0,,74.9,12.3,,,True,True,1,boolean_field,success,,True,rating-breakdown,True,74.9,12.3,,,interception,False,False,,
2029648,Christian Kofane,14065169,rating-breakdown,defensive,defensive,,,,Bayer 04 Leverkusen,45.0,,72,12.6,,,,,,unresolvable,,,,rating-breakdown,True,72,12.6,,,tackle,False,False,,
2029648,Christian Kofane,14065175,rating-breakdown,passes,passes,,,,Bayer 04 Leverkusen,77.0,,73.6,33.6,66.8,40.8,,,,unresolvable,,,,rating-breakdown,True,73.6,33.6,66.8,40.8,pass,True,False,,
2029648,Christian Kofane,14065175,rating-breakdown,passes,passes,,,,Bayer 04 Leverkusen,77.0,,74.7,35.3,75.2,48.2,True,True,1,boolean_field,success,True,,rating-breakdown,True,74.7,35.3,75.2,48.2,pass,True,False,,
2029648,Christian Kofane,14065175,rating-breakdown,passes,passes,,,,Bayer 04 Leverkusen,77.0,,64.7,19.2,85.5,15.2,True,True,1,boolean_field,success,True,,rating-breakdown,True,64.7,19.2,85.5,15.2,pass,True,False,,
2029648,Christian Kofane,14065175,rating-breakdown,passes,passes,,,,Bayer 04 Leverkusen,77.0,,37.4,25.8,35.9,40.6,,,,unresolvable,,,,rating-breakdown,True,37.4,25.8,35.9,40.6,pass,True,False,,
2029648,Christian Kofane,14065175,rating-breakdown,passes,passes,,,,Bayer 04 Leverkusen,77.0,,76.9,53.8,73.6,34.1,True,True,1,boolean_field,success,True,,rating-breakdown,True,76.9,53.8,73.6,34.1,pass,True,True,,
2029648,Christian Kofane,14065175,rating-breakdown,passes,passes,,,,Bayer 04 Leverkusen,77.0,,73.3,56.3,69.5,45.2,True,True,1,boolean_field,success,True,,rating-breakdown,True,73.3,56.3,69.5,45.2,pass,True,False,,
2029648,Christian Kofane,14065175,rating-breakdown,passes,passes,,,,Bayer 04 Leverkusen,77.0,,76.7,46.5,100,68.5,,,,unresolvable,,,,rating-breakdown,True,76.7,46.5,100,68.5,pass,True,False,,
2029648,Christian Kofane,14065175,rating-breakdown,passes,passes,,,,Bayer 04 Leverkusen,77.0,,77.1,56.2,77.6,63.7,True,True,1,boolean_field,success,True,,rating-breakdown,True,77.1,56.2,77.6,63.7,pass,True,False,,
2029648,Christian Kofane,14065175,rating-breakdown,passes,passes,,,,Bayer 04 Leverkusen,77.0,,33.9,47.2,22.7,42.2,True,True,1,boolean_field,success,True,,rating-breakdown,True,33.9,47.2,22.7,42.2,pass,True,False,,
2029648,Christian Kofane,14065175,rating-breakdown,passes,passes,,,,Bayer 04 Leverkusen,77.0,,75.4,50.6,74.4,62.7,True,True,1,boolean_field,success,True,,rating-breakdown,True,75.4,50.6,74.4,62.7,pass,True,False,,
2029648,Christian Kofane,14065175,rating-breakdown,passes,passes,,,,Bayer 04 Leverkusen,77.0,,73.9,39.6,73.4,25.1,True,True,1,boolean_field,success,True,,rating-breakdown,True,73.9,39.6,73.4,25.1,pass,True,False,,
2029648,Christian Kofane,14065175,rating-breakdown,defensive,defensive,,,,Bayer 04 Leverkusen,77.0,,7.9,57.5,37.2,84.1,True,True,1,boolean_field,success,,True,rating-breakdown,True,7.9,57.5,37.2,84.1,clearance,True,False,,
2029648,Christian Kofane,14065175,rating-breakdown,defensive,defensive,,,,Bayer 04 Leverkusen,77.0,,33.9,47.2,,,True,True,1,boolean_field,success,,True,rating-breakdown,True,33.9,47.2,,,ball-recovery,True,False,,
2029648,Christian Kofane,14062143,rating-breakdown,passes,passes,,,,Bayer 04 Leverkusen,13.0,,56.3,89.4,53.1,84.4,True,True,1,boolean_field,success,True,,rating-breakdown,True,56.3,89.4,53.1,84.4,pass,False,False,,
2029648,Christian Kofane,14062143,rating-breakdown,passes,passes,,,,Bayer 04 Leverkusen,13.0,,67.6,75.7,65.8,82,True,True,1,boolean_field,success,True,,rating-breakdown,True,67.6,75.7,65.8,82,pass,False,False,,
2029648,Christian Kofane,14062143,rating-breakdown,passes,passes,,,,Bayer 04 Leverkusen,13.0,,72.8,80.8,73.1,92.4,True,True,1,boolean_field,success,True,,rating-breakdown,True,72.8,80.8,73.1,92.4,pass,False,False,,
2029648,Christian Kofane,14062143,rating-breakdown,passes,passes,,,,Bayer 04 Leverkusen,13.0,,66.6,82.3,65.8,87.3,True,True,1,boolean_field,success,True,,rating-breakdown,True,66.6,82.3,65.8,87.3,pass,False,False,,
2029648,Christian Kofane,14062143,rating-breakdown,ball-carries,ball-carries,,,,Bayer 04 Leverkusen,13.0,,24.045,24.48,19.425,29.648,,,,unresolvable,,,,rating-breakdown,True,24.045,24.48,19.425,29.648,ball-carry,False,,,
2029648,Christian Kofane,14062143,rating-breakdown,ball-carries,ball-carries,,,,Bayer 04 Leverkusen,13.0,,31.5,18.02,28.56,13.056,,,,unresolvable,,,,rating-breakdown,True,31.5,18.02,28.56,13.056,ball-carry,False,,,
2029648,Christian Kofane,14062143,rating-breakdown,defensive,defensive,,,,Bayer 04 Leverkusen,13.0,,56.3,89.4,,,True,True,1,boolean_field,success,,True,rating-breakdown,True,56.3,89.4,,,ball-recovery,False,False,,
2029648,Christian Kofane,14062143,rating-breakdown,defensive,defensive,,,,Bayer 04 Leverkusen,13.0,,10,48,20.9,38.5,True,True,1,boolean_field,success,,True,rating-breakdown,True,10,48,20.9,38.5,clearance,False,False,,
2029648,Christian Kofane,15380505,rating-breakdown,passes,passes,,,,Bayer 04 Leverkusen,90.0,,66.6,60.5,77.1,46.4,,,,unresolvable,,,,rating-breakdown,True,66.6,60.5,77.1,46.4,pass,False,False,,
2029648,Christian Kofane,15380505,rating-breakdown,passes,passes,,,,Bayer 04 Leverkusen,90.0,,94.2,69.9,95,48.5,,,,unresolvable,,,,rating-breakdown,True,94.2,69.9,95,48.5,pass,False,False,,
2029648,Christian Kofane,15380505,rating-breakdown,passes,passes,,,,Bayer 04 Leverkusen,90.0,,89.8,90.6,80.2,93.2,True,True,1,boolean_field,success,True,,rating-breakdown,True,89.8,90.6,80.2,93.2,pass,False,False,,
2029648,Christian Kofane,15380505,rating-breakdown,passes,passes,,,,Bayer 04 Leverkusen,90.0,,89,47.1,,,True,True,1,boolean_field,success,True,,rating-breakdown,True,89,47.1,,,ball-touch,False,True,,
2029648,Christian Kofane,15380505,rating-breakdown,passes,passes,,,,Bayer 04 Leverkusen,90.0,,36.2,60.7,34.6,61.1,,,,unresolvable,,,,rating-breakdown,True,36.2,60.7,34.6,61.1,pass,False,False,,
2029648,Christian Kofane,15380505,rating-breakdown,passes,passes,,,,Bayer 04 Leverkusen,90.0,,70.3,4.8,68.1,14.5,True,True,1,boolean_field,success,True,,rating-breakdown,True,70.3,4.8,68.1,14.5,pass,False,False,,
2029648,Christian Kofane,15380505,rating-breakdown,passes,passes,,,,Bayer 04 Leverkusen,90.0,,80.7,50.3,74.8,53.8,True,True,1,boolean_field,success,True,,rating-breakdown,True,80.7,50.3,74.8,53.8,pass,False,False,,
2029648,Christian Kofane,15380505,rating-breakdown,passes,passes,,,,Bayer 04 Leverkusen,90.0,,84.8,75.3,85,60.2,True,True,1,boolean_field,success,True,,rating-breakdown,True,84.8,75.3,85,60.2,pass,False,False,,
2029648,Christian Kofane,15380505,rating-breakdown,passes,passes,,,,Bayer 04 Leverkusen,90.0,,26.2,73,29.7,93.8,True,True,1,boolean_field,success,True,,rating-breakdown,True,26.2,73,29.7,93.8,pass,False,False,,
2029648,Christian Kofane,15380505,rating-breakdown,passes,passes,,,,Bayer 04 Leverkusen,90.0,,70.3,26.5,62.3,17.7,True,True,1,boolean_field,success,True,,rating-breakdown,True,70.3,26.5,62.3,17.7,pass,False,False,,
2029648,Christian Kofane,15380505,rating-breakdown,passes,passes,,,,Bayer 04 Leverkusen,90.0,,70.5,74,73.3,87.7,,,,unresolvable,,,,rating-breakdown,True,70.5,74,73.3,87.7,pass,False,False,,
2029648,Christian Kofane,15380505,rating-breakdown,passes,passes,,,,Bayer 04 Leverkusen,90.0,,80.4,38.3,78.2,34.7,True,True,1,boolean_field,success,True,,rating-breakdown,True,80.4,38.3,78.2,34.7,pass,False,False,,
2029648,Christian Kofane,15380505,rating-breakdown,passes,passes,,,,Bayer 04 Leverkusen,90.0,,75.7,85.9,73.6,77.7,True,True,1,boolean_field,success,True,,rating-breakdown,True,75.7,85.9,73.6,77.7,pass,False,False,,
2029648,Christian Kofane,15380505,rating-breakdown,passes,passes,,,,Bayer 04 Leverkusen,90.0,,85.4,18,84.6,29.4,,,,unresolvable,,,,rating-breakdown,True,85.4,18,84.6,29.4,pass,False,False,,
2029648,Christian Kofane,15380505,rating-breakdown,ball-carries,ball-carries,,,,Bayer 04 Leverkusen,90.0,,89.9,72.3,94.9,73.3,,,,unresolvable,,,,rating-breakdown,True,89.9,72.3,94.9,73.3,ball-carry,False,,,
2029648,Christian Kofane,15380505,rating-breakdown,ball-carries,ball-carries,,,,Bayer 04 Leverkusen,90.0,,69.7,13.3,70.3,4.8,,,,unresolvable,,,,rating-breakdown,True,69.7,13.3,70.3,4.8,ball-carry,False,,,
2029648,Christian Kofane,15380505,rating-breakdown,ball-carries,ball-carries,,,,Bayer 04 Leverkusen,90.0,,80,12.9,85.4,18,,,,unresolvable,,,,rating-breakdown,True,80,12.9,85.4,18,ball-carry,False,,,
2029648,Christian Kofane,15380505,rating-breakdown,ball-carries,ball-carries,,,,Bayer 04 Leverkusen,90.0,,65.7,16.6,69.3,15.6,,,,unresolvable,,,,rating-breakdown,True,65.7,16.6,69.3,15.6,ball-carry,False,,,
2029648,Christian Kofane,15380505,rating-breakdown,dribbles,dribbles,,,,Bayer 04 Leverkusen,90.0,,96.4,31,,,,,,unresolvable,,,,rating-breakdown,True,96.4,31,,,dribble,False,False,,
2029648,Christian Kofane,15380505,rating-breakdown,dribbles,dribbles,,,,Bayer 04 Leverkusen,90.0,,97.7,12,,,,,,unresolvable,,,,rating-breakdown,True,97.7,12,,,dribble,False,False,,
2029648,Christian Kofane,15380505,rating-breakdown,defensive,defensive,,,,Bayer 04 Leverkusen,90.0,,59.1,61.9,,,True,True,1,boolean_field,success,,True,rating-breakdown,True,59.1,61.9,,,tackle,False,False,,
2029648,Christian Kofane,15380505,rating-breakdown,defensive,defensive,,,,Bayer 04 Leverkusen,90.0,,20.2,66.4,,,True,True,1,boolean_field,success,,True,rating-breakdown,True,20.2,66.4,,,tackle,False,False,,
2029648,Christian Kofane,15380505,rating-breakdown,defensive,defensive,,,,Bayer 04 Leverkusen,90.0,,26.2,73,,,True,True,1,boolean_field,success,,True,rating-breakdown,True,26.2,73,,,ball-recovery,False,False,,
2029648,Christian Kofane,15380505,rating-breakdown,defensive,defensive,,,,Bayer 04 Leverkusen,90.0,,5.8,45.8,21.3,41.7,True,True,1,boolean_field,success,,True,rating-breakdown,True,5.8,45.8,21.3,41.7,clearance,False,False,,
2029648,Christian Kofane,15380505,rating-breakdown,defensive,defensive,,,,Bayer 04 Leverkusen,90.0,,71.5,19.7,,,True,True,1,boolean_field,success,,True,rating-breakdown,True,71.5,19.7,,,tackle,False,False,,
2029648,Christian Kofane,15380505,rating-breakdown,defensive,defensive,,,,Bayer 04 Leverkusen,90.0,,80,12.9,,,True,True,1,boolean_field,success,,True,rating-breakdown,True,80,12.9,,,ball-recovery,False,False,,
2029648,Christian Kofane,14062190,rating-breakdown,passes,passes,,,,Bayer 04 Leverkusen,72.0,,44.2,85,32,87.9,,,,unresolvable,,,,rating-breakdown,True,44.2,85,32,87.9,pass,False,False,,
2029648,Christian Kofane,14062190,rating-breakdown,passes,passes,,,,Bayer 04 Leverkusen,72.0,,46,42.1,33.6,42.4,True,True,1,boolean_field,success,True,,rating-breakdown,True,46,42.1,33.6,42.4,pass,False,False,,
2029648,Christian Kofane,14062190,rating-breakdown,passes,passes,,,,Bayer 04 Leverkusen,72.0,,55.6,74.7,46.9,76.2,True,True,1,boolean_field,success,True,,rating-breakdown,True,55.6,74.7,46.9,76.2,pass,False,False,,
2029648,Christian Kofane,14062190,rating-breakdown,passes,passes,,,,Bayer 04 Leverkusen,72.0,,33,86.1,27,76.3,True,True,1,boolean_field,success,True,,rating-breakdown,True,33,86.1,27,76.3,pass,False,False,,
2029648,Christian Kofane,14062190,rating-breakdown,passes,passes,,,,Bayer 04 Leverkusen,72.0,,67,65.7,55.4,82.5,True,True,1,boolean_field,success,True,,rating-breakdown,True,67,65.7,55.4,82.5,pass,False,False,,
2029648,Christian Kofane,14062190,rating-breakdown,passes,passes,,,,Bayer 04 Leverkusen,72.0,,91.3,38.5,84.9,42.1,True,True,1,boolean_field,success,True,,rating-breakdown,True,91.3,38.5,84.9,42.1,pass,False,True,True,
2029648,Christian Kofane,14062190,rating-breakdown,passes,passes,,,,Bayer 04 Leverkusen,72.0,,32.6,49,28.9,67.5,True,True,1,boolean_field,success,True,,rating-breakdown,True,32.6,49,28.9,67.5,pass,False,False,,
2029648,Christian Kofane,14062190,rating-breakdown,passes,passes,,,,Bayer 04 Leverkusen,72.0,,46.7,70.6,42.4,71.4,True,True,1,boolean_field,success,True,,rating-breakdown,True,46.7,70.6,42.4,71.4,pass,False,False,,
2029648,Christian Kofane,14062190,rating-breakdown,passes,passes,,,,Bayer 04 Leverkusen,72.0,,49.9,49.9,48.8,52.6,True,True,1,boolean_field,success,True,,rating-breakdown,True,49.9,49.9,48.8,52.6,pass,False,False,,
2029648,Christian Kofane,14062190,rating-breakdown,passes,passes,,,,Bayer 04 Leverkusen,72.0,,53.2,68.4,40.7,85.3,True,True,1,boolean_field,success,True,,rating-breakdown,True,53.2,68.4,40.7,85.3,pass,False,False,,
2029648,Christian Kofane,14062190,rating-breakdown,passes,passes,,,,Bayer 04 Leverkusen,72.0,,49.9,49.9,33.4,48.9,True,True,1,boolean_field,success,True,,rating-breakdown,True,49.9,49.9,33.4,48.9,pass,False,False,,
2029648,Christian Kofane,14062190,rating-breakdown,ball-carries,ball-carries,,,,Bayer 04 Leverkusen,72.0,,37.8,90.6,33,86.1,,,,unresolvable,,,,rating-breakdown,True,37.8,90.6,33,86.1,ball-carry,False,,,
2029648,Christian Kofane,14062190,rating-breakdown,ball-carries,ball-carries,,,,Bayer 04 Leverkusen,72.0,,46.9,40,43.3,36.1,,,,unresolvable,,,,rating-breakdown,True,46.9,40,43.3,36.1,ball-carry,False,,,
2029648,Christian Kofane,14062190,rating-breakdown,dribbles,dribbles,,,,Bayer 04 Leverkusen,72.0,,33.4,89.1,,,True,True,1,boolean_field,success,,True,rating-breakdown,True,33.4,89.1,,,dribble,False,False,,
2029648,Christian Kofane,14062190,rating-breakdown,dribbles,dribbles,,,,Bayer 04 Leverkusen,72.0,,77,57.2,,,,,,unresolvable,,,,rating-breakdown,True,77,57.2,,,dribble,False,False,,
2029648,Christian Kofane,14062190,rating-breakdown,defensive,defensive,,,,Bayer 04 Leverkusen,72.0,,53.6,74.4,,,True,True,1,boolean_field,success,,True,rating-breakdown,True,53.6,74.4,,,ball-recovery,False,False,,
2029648,Christian Kofane,14062190,rating-breakdown,defensive,defensive,,,,Bayer 04 Leverkusen,72.0,,5.6,64.7,26.4,94.2,True,True,1,boolean_field,success,,True,rating-breakdown,True,5.6,64.7,26.4,94.2,clearance,False,False,,
2029648,Christian Kofane,14062190,rating-breakdown,defensive,defensive,,,,Bayer 04 Leverkusen,72.0,,32.8,48.4,,,True,True,1,boolean_field,success,,True,rating-breakdown,True,32.8,48.4,,,ball-recovery,False,False,,
2029648,Christian Kofane,14062190,rating-breakdown,defensive,defensive,,,,Bayer 04 Leverkusen,72.0,,10.9,55.8,24.7,64.3,True,True,1,boolean_field,success,,True,rating-breakdown,True,10.9,55.8,24.7,64.3,clearance,False,False,,
2029648,Christian Kofane,14062190,rating-breakdown,defensive,defensive,,,,Bayer 04 Leverkusen,72.0,,13.2,47.2,19.4,30.9,True,True,1,boolean_field,success,,True,rating-breakdown,True,13.2,47.2,19.4,30.9,clearance,False,False,,
2029648,Christian Kofane,14062199,rating-breakdown,passes,passes,,,,Bayer 04 Leverkusen,10.0,,88.7,28.6,92.6,49.8,,,,unresolvable,,,,rating-breakdown,True,88.7,28.6,92.6,49.8,pass,False,False,,
2029648,Christian Kofane,14062199,rating-breakdown,passes,passes,,,,Bayer 04 Leverkusen,10.0,,69,75,61.8,73.3,True,True,1,boolean_field,success,True,,rating-breakdown,True,69,75,61.8,73.3,pass,False,False,,
2029648,Christian Kofane,14062199,rating-breakdown,ball-carries,ball-carries,,,,Bayer 04 Leverkusen,10.0,,69.2,6.7,67.6,1.9,,,,unresolvable,,,,rating-breakdown,True,69.2,6.7,67.6,1.9,ball-carry,False,,,
2029648,Christian Kofane,14062199,rating-breakdown,defensive,defensive,,,,Bayer 04 Leverkusen,10.0,,21.3,58.9,30.2,55.6,True,True,1,boolean_field,success,,True,rating-breakdown,True,21.3,58.9,30.2,55.6,clearance,False,False,,
2029648,Christian Kofane,14062206,rating-breakdown,passes,passes,,,,Bayer 04 Leverkusen,31.0,,84.3,20,75.3,23.5,True,True,1,boolean_field,success,True,,rating-breakdown,True,84.3,20,75.3,23.5,pass,True,False,,
2029648,Christian Kofane,14062206,rating-breakdown,passes,passes,,,,Bayer 04 Leverkusen,31.0,,74.1,22.6,70.3,24.1,,,,unresolvable,,,,rating-breakdown,True,74.1,22.6,70.3,24.1,pass,True,False,,
2029648,Christian Kofane,14062206,rating-breakdown,passes,passes,,,,Bayer 04 Leverkusen,31.0,,48.8,98.5,46.7,86.7,True,True,1,boolean_field,success,True,,rating-breakdown,True,48.8,98.5,46.7,86.7,pass,True,False,,
2029648,Christian Kofane,14062206,rating-breakdown,passes,passes,,,,Bayer 04 Leverkusen,31.0,,43.1,33.9,52,52.6,True,True,1,boolean_field,success,True,,rating-breakdown,True,43.1,33.9,52,52.6,pass,True,False,,
2029648,Christian Kofane,14062206,rating-breakdown,ball-carries,ball-carries,,,,Bayer 04 Leverkusen,31.0,,55.3,55.5,74.9,48.6,,,,unresolvable,,,,rating-breakdown,True,55.3,55.5,74.9,48.6,ball-carry,True,,,
2029648,Christian Kofane,14062206,rating-breakdown,ball-carries,ball-carries,,,,Bayer 04 Leverkusen,31.0,,90.2,16.5,84.3,20,,,,unresolvable,,,,rating-breakdown,True,90.2,16.5,84.3,20,ball-carry,True,,,
2029648,Christian Kofane,14062206,rating-breakdown,ball-carries,ball-carries,,,,Bayer 04 Leverkusen,31.0,,69.5,86.5,80.3,73,,,,unresolvable,,,,rating-breakdown,True,69.5,86.5,80.3,73,ball-carry,True,,,
2029648,Christian Kofane,14062206,rating-breakdown,ball-carries,ball-carries,,,,Bayer 04 Leverkusen,31.0,,53.8,98.2,48.8,98.5,,,,unresolvable,,,,rating-breakdown,True,53.8,98.2,48.8,98.5,ball-carry,True,,,
2029648,Christian Kofane,14062206,rating-breakdown,ball-carries,ball-carries,,,,Bayer 04 Leverkusen,31.0,,90.2,69,92.7,72.4,,,,unresolvable,,,,rating-breakdown,True,90.2,69,92.7,72.4,ball-carry,True,,,
2029648,Christian Kofane,14062206,rating-breakdown,defensive,defensive,,,,Bayer 04 Leverkusen,31.0,,55.3,55.5,,,True,True,1,boolean_field,success,,True,rating-breakdown,True,55.3,55.5,,,ball-recovery,True,False,,
2029648,Christian Kofane,14062206,rating-breakdown,defensive,defensive,,,,Bayer 04 Leverkusen,31.0,,33,54.8,,,,,,unresolvable,,,,rating-breakdown,True,33,54.8,,,tackle,True,False,,
2029648,Christian Kofane,14062206,rating-breakdown,defensive,defensive,,,,Bayer 04 Leverkusen,31.0,,43.1,33.9,,,True,True,1,boolean_field,success,,True,rating-breakdown,True,43.1,33.9,,,ball-recovery,True,False,,
2029648,Christian Kofane,14062219,rating-breakdown,passes,passes,,,,Bayer 04 Leverkusen,60.0,,64.6,54,68.6,76.2,True,True,1,boolean_field,success,True,,rating-breakdown,True,64.6,54,68.6,76.2,pass,False,False,,
2029648,Christian Kofane,14062219,rating-breakdown,passes,passes,,,,Bayer 04 Leverkusen,60.0,,88.6,94.2,65.6,96.4,True,True,1,boolean_field,success,True,,rating-breakdown,True,88.6,94.2,65.6,96.4,pass,False,False,,
2029648,Christian Kofane,14062219,rating-breakdown,passes,passes,,,,Bayer 04 Leverkusen,60.0,,68.2,56.4,70.3,36.3,True,True,1,boolean_field,success,True,,rating-breakdown,True,68.2,56.4,70.3,36.3,pass,False,False,,
2029648,Christian Kofane,14062219,rating-breakdown,passes,passes,,,,Bayer 04 Leverkusen,60.0,,74.8,79.5,66.5,83.1,True,True,1,boolean_field,success,True,,rating-breakdown,True,74.8,79.5,66.5,83.1,pass,False,False,,
2029648,Christian Kofane,14062219,rating-breakdown,passes,passes,,,,Bayer 04 Leverkusen,60.0,,49.8,49.9,24.2,46.2,True,True,1,boolean_field,success,True,,rating-breakdown,True,49.8,49.9,24.2,46.2,pass,False,False,,
2029648,Christian Kofane,14062219,rating-breakdown,passes,passes,,,,Bayer 04 Leverkusen,60.0,,68.8,24.7,64,17.7,True,True,1,boolean_field,success,True,,rating-breakdown,True,68.8,24.7,64,17.7,pass,False,False,,
2029648,Christian Kofane,14062219,rating-breakdown,passes,passes,,,,Bayer 04 Leverkusen,60.0,,86.1,33.3,90.4,19.2,True,True,1,boolean_field,success,True,,rating-breakdown,True,86.1,33.3,90.4,19.2,pass,False,False,,
2029648,Christian Kofane,14062219,rating-breakdown,passes,passes,,,,Bayer 04 Leverkusen,60.0,,50.3,49.9,51.5,46.5,True,True,1,boolean_field,success,True,,rating-breakdown,True,50.3,49.9,51.5,46.5,pass,False,False,,
2029648,Christian Kofane,14062219,rating-breakdown,passes,passes,,,,Bayer 04 Leverkusen,60.0,,74.6,43,62.7,34,True,True,1,boolean_field,success,True,,rating-breakdown,True,74.6,43,62.7,34,pass,False,False,,
2029648,Christian Kofane,14062219,rating-breakdown,passes,passes,,,,Bayer 04 Leverkusen,60.0,,68.4,58.2,58.3,48.9,True,True,1,boolean_field,success,True,,rating-breakdown,True,68.4,58.2,58.3,48.9,pass,False,False,,
2029648,Christian Kofane,14062219,rating-breakdown,passes,passes,,,,Bayer 04 Leverkusen,60.0,,45.4,71.7,40,79.9,,,,unresolvable,,,,rating-breakdown,True,45.4,71.7,40,79.9,pass,False,False,,
2029648,Christian Kofane,14062219,rating-breakdown,ball-carries,ball-carries,,,,Bayer 04 Leverkusen,60.0,,61.3,48.6,64.6,54,,,,unresolvable,,,,rating-breakdown,True,61.3,48.6,64.6,54,ball-carry,False,,,
2029648,Christian Kofane,14062219,rating-breakdown,ball-carries,ball-carries,,,,Bayer 04 Leverkusen,60.0,,62.6,80.5,68.2,56.4,,,,unresolvable,,,,rating-breakdown,True,62.6,80.5,68.2,56.4,ball-carry,False,,,
2029648,Christian Kofane,14062219,rating-breakdown,defensive,defensive,,,,Bayer 04 Leverkusen,60.0,,61.3,48.6,,,True,True,1,boolean_field,success,,True,rating-breakdown,True,61.3,48.6,,,ball-recovery,False,False,,
2029648,Christian Kofane,14062219,rating-breakdown,defensive,defensive,,,,Bayer 04 Leverkusen,60.0,,11.8,53.8,6.6,100,True,True,1,boolean_field,success,,True,rating-breakdown,True,11.8,53.8,6.6,100,clearance,False,False,,
2029648,Christian Kofane,14062227,rating-breakdown,passes,passes,,,,Bayer 04 Leverkusen,18.0,,86.8,73.4,92,55.4,True,True,1,boolean_field,success,True,,rating-breakdown,True,86.8,73.4,92,55.4,pass,True,True,True,
2029648,Christian Kofane,14062227,rating-breakdown,ball-carries,ball-carries,,,,Bayer 04 Leverkusen,18.0,,74.3,16.4,72.4,21.2,,,,unresolvable,,,,rating-breakdown,True,74.3,16.4,72.4,21.2,ball-carry,True,,,
2029648,Christian Kofane,14062227,rating-breakdown,ball-carries,ball-carries,,,,Bayer 04 Leverkusen,18.0,,74.5,74.8,86.8,73.4,,,,unresolvable,,,,rating-breakdown,True,74.5,74.8,86.8,73.4,ball-carry,True,,,
2029648,Christian Kofane,14062227,rating-breakdown,defensive,defensive,,,,Bayer 04 Leverkusen,18.0,,74.5,74.8,,,True,True,1,boolean_field,success,,True,rating-breakdown,True,74.5,74.8,,,ball-recovery,True,False,,
2029648,Christian Kofane,14062233,rating-breakdown,passes,passes,,,,Bayer 04 Leverkusen,90.0,,48.6,27.6,48.4,28.4,,,,unresolvable,,,,rating-breakdown,True,48.6,27.6,48.4,28.4,pass,False,False,,
2029648,Christian Kofane,14062233,rating-breakdown,passes,passes,,,,Bayer 04 Leverkusen,90.0,,48.7,23.4,38,19.5,True,True,1,boolean_field,success,True,,rating-breakdown,True,48.7,23.4,38,19.5,pass,False,False,,
2029648,Christian Kofane,14062233,rating-breakdown,passes,passes,,,,Bayer 04 Leverkusen,90.0,,46,23.4,41.3,25.2,True,True,1,boolean_field,success,True,,rating-breakdown,True,46,23.4,41.3,25.2,pass,False,False,,
2029648,Christian Kofane,14062233,rating-breakdown,passes,passes,,,,Bayer 04 Leverkusen,90.0,,75.6,71.7,71.2,66.6,True,True,1,boolean_field,success,True,,rating-breakdown,True,75.6,71.7,71.2,66.6,pass,False,True,,
2029648,Christian Kofane,14062233,rating-breakdown,passes,passes,,,,Bayer 04 Leverkusen,90.0,,80.5,30.3,84.9,43,True,True,1,boolean_field,success,True,,rating-breakdown,True,80.5,30.3,84.9,43,pass,False,False,,
2029648,Christian Kofane,14062233,rating-breakdown,passes,passes,,,,Bayer 04 Leverkusen,90.0,,43,25.6,39.9,8.7,True,True,1,boolean_field,success,True,,rating-breakdown,True,43,25.6,39.9,8.7,pass,False,False,,
2029648,Christian Kofane,14062233,rating-breakdown,passes,passes,,,,Bayer 04 Leverkusen,90.0,,68.5,68.1,78.2,63,True,True,1,boolean_field,success,True,,rating-breakdown,True,68.5,68.1,78.2,63,pass,False,False,,
2029648,Christian Kofane,14062233,rating-breakdown,passes,passes,,,,Bayer 04 Leverkusen,90.0,,69.7,92.5,68.1,84.1,True,True,1,boolean_field,success,True,,rating-breakdown,True,69.7,92.5,68.1,84.1,pass,False,False,,
2029648,Christian Kofane,14062233,rating-breakdown,passes,passes,,,,Bayer 04 Leverkusen,90.0,,84.5,30.1,81.3,35.4,True,True,1,boolean_field,success,True,,rating-breakdown,True,84.5,30.1,81.3,35.4,pass,False,False,,
2029648,Christian Kofane,14062233,rating-breakdown,passes,passes,,,,Bayer 04 Leverkusen,90.0,,91.2,19.9,82.1,7.9,True,True,1,boolean_field,success,True,,rating-breakdown,True,91.2,19.9,82.1,7.9,pass,False,False,,
2029648,Christian Kofane,14062233,rating-breakdown,passes,passes,,,,Bayer 04 Leverkusen,90.0,,50.2,49.6,33.7,44.1,True,True,1,boolean_field,success,True,,rating-breakdown,True,50.2,49.6,33.7,44.1,pass,False,False,,
2029648,Christian Kofane,14062233,rating-breakdown,passes,passes,,,,Bayer 04 Leverkusen,90.0,,81.2,83.8,69.7,70.8,True,True,1,boolean_field,success,True,,rating-breakdown,True,81.2,83.8,69.7,70.8,pass,False,False,,
2029648,Christian Kofane,14062233,rating-breakdown,passes,passes,,,,Bayer 04 Leverkusen,90.0,,50.2,50.2,36.3,45.4,True,True,1,boolean_field,success,True,,rating-breakdown,True,50.2,50.2,36.3,45.4,pass,False,False,,
2029648,Christian Kofane,14062233,rating-breakdown,passes,passes,,,,Bayer 04 Leverkusen,90.0,,85.1,55.3,89.9,77.1,,,,unresolvable,,,,rating-breakdown,True,85.1,55.3,89.9,77.1,pass,False,False,,
2029648,Christian Kofane,14062233,rating-breakdown,passes,passes,,,,Bayer 04 Leverkusen,90.0,,41,65.1,28.2,65.7,True,True,1,boolean_field,success,True,,rating-breakdown,True,41,65.1,28.2,65.7,pass,False,False,,
2029648,Christian Kofane,14062233,rating-breakdown,passes,passes,,,,Bayer 04 Leverkusen,90.0,,75.8,64.2,84.3,54,True,True,1,boolean_field,success,True,,rating-breakdown,True,75.8,64.2,84.3,54,pass,False,True,True,
2029648,Christian Kofane,14062233,rating-breakdown,passes,passes,,,,Bayer 04 Leverkusen,90.0,,53.7,97.5,52.7,89.3,True,True,1,boolean_field,success,True,,rating-breakdown,True,53.7,97.5,52.7,89.3,pass,False,False,,
2029648,Christian Kofane,14062233,rating-breakdown,passes,passes,,,,Bayer 04 Leverkusen,90.0,,65.4,45.6,63.7,49.5,True,True,1,boolean_field,success,True,,rating-breakdown,True,65.4,45.6,63.7,49.5,pass,False,False,,
2029648,Christian Kofane,14062233,rating-breakdown,passes,passes,,,,Bayer 04 Leverkusen,90.0,,58.6,34.9,51.2,29.1,True,True,1,boolean_field,success,True,,rating-breakdown,True,58.6,34.9,51.2,29.1,pass,False,False,,
2029648,Christian Kofane,14062233,rating-breakdown,passes,passes,,,,Bayer 04 Leverkusen,90.0,,73.7,37.3,70.9,9.7,True,True,1,boolean_field,success,True,,rating-breakdown,True,73.7,37.3,70.9,9.7,pass,False,False,,
2029648,Christian Kofane,14062233,rating-breakdown,passes,passes,,,,Bayer 04 Leverkusen,90.0,,68.8,33.7,67.9,46.6,True,True,1,boolean_field,success,True,,rating-breakdown,True,68.8,33.7,67.9,46.6,pass,False,False,,
2029648,Christian Kofane,14062233,rating-breakdown,passes,passes,,,,Bayer 04 Leverkusen,90.0,,29.4,49.6,22.3,73.3,True,True,1,boolean_field,success,True,,rating-breakdown,True,29.4,49.6,22.3,73.3,pass,False,False,,
2029648,Christian Kofane,14062233,rating-breakdown,passes,passes,,,,Bayer 04 Leverkusen,90.0,,87.5,3.7,86,3.3,,,,unresolvable,,,,rating-breakdown,True,87.5,3.7,86,3.3,pass,False,False,,True
2029648,Christian Kofane,14062233,rating-breakdown,passes,passes,,,,Bayer 04 Leverkusen,90.0,,57.5,20.4,40.6,21.7,True,True,1,boolean_field,success,True,,rating-breakdown,True,57.5,20.4,40.6,21.7,pass,False,False,,
2029648,Christian Kofane,14062233,rating-breakdown,passes,passes,,,,Bayer 04 Leverkusen,90.0,,99.6,37,98.3,46.6,,,,unresolvable,,,,rating-breakdown,True,99.6,37,98.3,46.6,pass,False,False,,
2029648,Christian Kofane,14062233,rating-breakdown,passes,passes,,,,Bayer 04 Leverkusen,90.0,,49.8,50.2,34,49.5,True,True,1,boolean_field,success,True,,rating-breakdown,True,49.8,50.2,34,49.5,pass,False,False,,
2029648,Christian Kofane,14062233,rating-breakdown,passes,passes,,,,Bayer 04 Leverkusen,90.0,,57.4,66,70.3,62.7,,,,unresolvable,,,,rating-breakdown,True,57.4,66,70.3,62.7,pass,False,False,,True
2029648,Christian Kofane,14062233,rating-breakdown,passes,passes,,,,Bayer 04 Leverkusen,90.0,,64.3,60.4,59.3,56.7,True,True,1,boolean_field,success,True,,rating-breakdown,True,64.3,60.4,59.3,56.7,pass,False,False,,
2029648,Christian Kofane,14062233,rating-breakdown,ball-carries,ball-carries,,,,Bayer 04 Leverkusen,90.0,,44.3,22,48.7,23.4,,,,unresolvable,,,,rating-breakdown,True,44.3,22,48.7,23.4,ball-carry,False,,,
2029648,Christian Kofane,14062233,rating-breakdown,ball-carries,ball-carries,,,,Bayer 04 Leverkusen,90.0,,64,70.5,68.5,68.1,,,,unresolvable,,,,rating-breakdown,True,64,70.5,68.5,68.1,ball-carry,False,,,
2029648,Christian Kofane,14062233,rating-breakdown,ball-carries,ball-carries,,,,Bayer 04 Leverkusen,90.0,,72.7,97.2,69.7,92.5,,,,unresolvable,,,,rating-breakdown,True,72.7,97.2,69.7,92.5,ball-carry,False,,,
2029648,Christian Kofane,14062233,rating-breakdown,ball-carries,ball-carries,,,,Bayer 04 Leverkusen,90.0,,91.7,25.6,91.2,19.9,,,,unresolvable,,,,rating-breakdown,True,91.7,25.6,91.2,19.9,ball-carry,False,,,
2029648,Christian Kofane,14062233,rating-breakdown,ball-carries,ball-carries,,,,Bayer 04 Leverkusen,90.0,,64.7,22.2,73.6,48.4,,,,unresolvable,,,,rating-breakdown,True,64.7,22.2,73.6,48.4,ball-carry,False,,,
2029648,Christian Kofane,14062233,rating-breakdown,ball-carries,ball-carries,,,,Bayer 04 Leverkusen,90.0,,73.9,75.7,81.2,83.8,,,,unresolvable,,,,rating-breakdown,True,73.9,75.7,81.2,83.8,ball-carry,False,,,
2029648,Christian Kofane,14062233,rating-breakdown,ball-carries,ball-carries,,,,Bayer 04 Leverkusen,90.0,,41,54.4,41,65.1,,,,unresolvable,,,,rating-breakdown,True,41,54.4,41,65.1,ball-carry,False,,,
2029648,Christian Kofane,14062233,rating-breakdown,ball-carries,ball-carries,,,,Bayer 04 Leverkusen,90.0,,60.9,72,75.8,64.2,,,,unresolvable,,,,rating-breakdown,True,60.9,72,75.8,64.2,ball-carry,False,,,
2029648,Christian Kofane,14062233,rating-breakdown,ball-carries,ball-carries,,,,Bayer 04 Leverkusen,90.0,,67.5,56.8,65.4,45.6,,,,unresolvable,,,,rating-breakdown,True,67.5,56.8,65.4,45.6,ball-carry,False,,,
2029648,Christian Kofane,14062233,rating-breakdown,ball-carries,ball-carries,,,,Bayer 04 Leverkusen,90.0,,61.4,38.8,58.6,34.9,,,,unresolvable,,,,rating-breakdown,True,61.4,38.8,58.6,34.9,ball-carry,False,,,
2029648,Christian Kofane,14062233,rating-breakdown,ball-carries,ball-carries,,,,Bayer 04 Leverkusen,90.0,,71.1,47.1,73.7,37.3,,,,unresolvable,,,,rating-breakdown,True,71.1,47.1,73.7,37.3,ball-carry,False,,,
2029648,Christian Kofane,14062233,rating-breakdown,ball-carries,ball-carries,,,,Bayer 04 Leverkusen,90.0,,65.2,9.1,68.8,33.7,,,,unresolvable,,,,rating-breakdown,True,65.2,9.1,68.8,33.7,ball-carry,False,,,
2029648,Christian Kofane,14062233,rating-breakdown,ball-carries,ball-carries,,,,Bayer 04 Leverkusen,90.0,,60.5,25.5,57.5,20.4,,,,unresolvable,,,,rating-breakdown,True,60.5,25.5,57.5,20.4,ball-carry,False,,,
2029648,Christian Kofane,14062233,rating-breakdown,defensive,defensive,,,,Bayer 04 Leverkusen,90.0,,75.8,72.6,,,True,True,1,boolean_field,success,,True,rating-breakdown,True,75.8,72.6,,,ball-recovery,False,False,,
2029648,Christian Kofane,14062233,rating-breakdown,defensive,defensive,,,,Bayer 04 Leverkusen,90.0,,7.5,65.2,9.6,78.7,True,True,1,boolean_field,success,,True,rating-breakdown,True,7.5,65.2,9.6,78.7,clearance,False,False,,
2029648,Christian Kofane,14062233,rating-breakdown,defensive,defensive,,,,Bayer 04 Leverkusen,90.0,,72.7,97.2,,,True,True,1,boolean_field,success,,True,rating-breakdown,True,72.7,97.2,,,ball-recovery,False,False,,
2029648,Christian Kofane,14062233,rating-breakdown,defensive,defensive,,,,Bayer 04 Leverkusen,90.0,,65.2,9.1,,,True,True,1,boolean_field,success,,True,rating-breakdown,True,65.2,9.1,,,ball-recovery,False,False,,
2029648,Christian Kofane,14062233,rating-breakdown,defensive,defensive,,,,Bayer 04 Leverkusen,90.0,,6.1,46.8,6.3,71.5,True,True,1,boolean_field,success,,True,rating-breakdown,True,6.1,46.8,6.3,71.5,clearance,False,False,,
2029648,Christian Kofane,14062233,rating-breakdown,defensive,defensive,,,,Bayer 04 Leverkusen,90.0,,94.2,29.6,,,,,,unresolvable,,,,rating-breakdown,True,94.2,29.6,,,tackle,False,False,,
2029648,Christian Kofane,14062233,rating-breakdown,defensive,defensive,,,,Bayer 04 Leverkusen,90.0,,57.2,8.5,,,,,,unresolvable,,,,rating-breakdown,True,57.2,8.5,,,tackle,False,False,,
2029648,Christian Kofane,14065183,rating-breakdown,passes,passes,,,,Bayer 04 Leverkusen,29.0,,49.9,49.7,41.4,47.9,True,True,1,boolean_field,success,True,,rating-breakdown,True,49.9,49.7,41.4,47.9,pass,True,False,,
2029648,Christian Kofane,14065183,rating-breakdown,passes,passes,,,,Bayer 04 Leverkusen,29.0,,78.2,22.9,77.3,33.9,True,True,1,boolean_field,success,True,,rating-breakdown,True,78.2,22.9,77.3,33.9,pass,True,False,,
2029648,Christian Kofane,14065183,rating-breakdown,passes,passes,,,,Bayer 04 Leverkusen,29.0,,48.1,67.9,57.7,87,,,,unresolvable,,,,rating-breakdown,True,48.1,67.9,57.7,87,pass,True,False,,
2029648,Christian Kofane,14065183,rating-breakdown,defensive,defensive,,,,Bayer 04 Leverkusen,29.0,,63,71.6,,,True,True,1,boolean_field,success,,True,rating-breakdown,True,63,71.6,,,tackle,True,False,,
2029648,Christian Kofane,14065183,rating-breakdown,defensive,defensive,,,,Bayer 04 Leverkusen,29.0,,77.7,22.9,,,True,True,1,boolean_field,success,,True,rating-breakdown,True,77.7,22.9,,,ball-recovery,True,False,,
2029648,Christian Kofane,14065200,rating-breakdown,passes,passes,,,,Bayer 04 Leverkusen,11.0,,58.9,91.5,67.7,95.8,True,True,1,boolean_field,success,True,,rating-breakdown,True,58.9,91.5,67.7,95.8,pass,False,False,,
2029648,Christian Kofane,14065200,rating-breakdown,passes,passes,,,,Bayer 04 Leverkusen,11.0,,62.1,30.9,66.5,38.6,True,True,1,boolean_field,success,True,,rating-breakdown,True,62.1,30.9,66.5,38.6,pass,False,False,,
2029648,Christian Kofane,14065200,rating-breakdown,ball-carries,ball-carries,,,,Bayer 04 Leverkusen,11.0,,57.5,26.8,62.1,30.9,,,,unresolvable,,,,rating-breakdown,True,57.5,26.8,62.1,30.9,ball-carry,False,,,
2029648,Christian Kofane,14065203,rating-breakdown,passes,passes,,,,Bayer 04 Leverkusen,88.0,,76.1,35.6,73.8,30.3,True,True,1,boolean_field,success,True,,rating-breakdown,True,76.1,35.6,73.8,30.3,pass,True,False,,
2029648,Christian Kofane,14065203,rating-breakdown,passes,passes,,,,Bayer 04 Leverkusen,88.0,,58.6,5.4,53.9,4.5,True,True,1,boolean_field,success,True,,rating-breakdown,True,58.6,5.4,53.9,4.5,pass,True,False,,
2029648,Christian Kofane,14065203,rating-breakdown,passes,passes,,,,Bayer 04 Leverkusen,88.0,,69.1,58.8,67.8,70,,,,unresolvable,,,,rating-breakdown,True,69.1,58.8,67.8,70,pass,True,False,,
2029648,Christian Kofane,14065203,rating-breakdown,passes,passes,,,,Bayer 04 Leverkusen,88.0,,49.9,49.7,43.5,65.5,True,True,1,boolean_field,success,True,,rating-breakdown,True,49.9,49.7,43.5,65.5,pass,True,False,,
2029648,Christian Kofane,14065203,rating-breakdown,passes,passes,,,,Bayer 04 Leverkusen,88.0,,74.9,42.3,75.9,55.2,True,True,1,boolean_field,success,True,,rating-breakdown,True,74.9,42.3,75.9,55.2,pass,True,True,,
2029648,Christian Kofane,14065203,rating-breakdown,passes,passes,,,,Bayer 04 Leverkusen,88.0,,77.5,33.6,71.8,37.1,True,True,1,boolean_field,success,True,,rating-breakdown,True,77.5,33.6,71.8,37.1,pass,True,False,,
2029648,Christian Kofane,14065203,rating-breakdown,passes,passes,,,,Bayer 04 Leverkusen,88.0,,61.5,33.3,55.6,32.1,True,True,1,boolean_field,success,True,,rating-breakdown,True,61.5,33.3,55.6,32.1,pass,True,False,,
2029648,Christian Kofane,14065203,rating-breakdown,passes,passes,,,,Bayer 04 Leverkusen,88.0,,83.3,51.8,74.1,53.3,True,True,1,boolean_field,success,True,,rating-breakdown,True,83.3,51.8,74.1,53.3,pass,True,False,,
2029648,Christian Kofane,14065203,rating-breakdown,passes,passes,,,,Bayer 04 Leverkusen,88.0,,61.6,29.7,62.3,19.8,,,,unresolvable,,,,rating-breakdown,True,61.6,29.7,62.3,19.8,pass,True,False,,
2029648,Christian Kofane,14065203,rating-breakdown,passes,passes,,,,Bayer 04 Leverkusen,88.0,,55.1,43,67.6,29.4,True,True,1,boolean_field,success,True,,rating-breakdown,True,55.1,43,67.6,29.4,pass,True,False,,
2029648,Christian Kofane,14065203,rating-breakdown,passes,passes,,,,Bayer 04 Leverkusen,88.0,,79.4,51.2,82.4,50.8,,,,unresolvable,,,,rating-breakdown,True,79.4,51.2,82.4,50.8,pass,True,False,,
2029648,Christian Kofane,14065203,rating-breakdown,passes,passes,,,,Bayer 04 Leverkusen,88.0,,68.8,13.9,75.1,8.2,True,True,1,boolean_field,success,True,,rating-breakdown,True,68.8,13.9,75.1,8.2,pass,True,False,,
2029648,Christian Kofane,14065203,rating-breakdown,ball-carries,ball-carries,,,,Bayer 04 Leverkusen,88.0,,93.5,17.7,92.1,9.2,,,,unresolvable,,,,rating-breakdown,True,93.5,17.7,92.1,9.2,ball-carry,True,,,
2029648,Christian Kofane,14065203,rating-breakdown,ball-carries,ball-carries,,,,Bayer 04 Leverkusen,88.0,,48.9,10.4,58.6,5.4,,,,unresolvable,,,,rating-breakdown,True,48.9,10.4,58.6,5.4,ball-carry,True,,,
2029648,Christian Kofane,14065203,rating-breakdown,ball-carries,ball-carries,,,,Bayer 04 Leverkusen,88.0,,76,72.3,79.8,72.3,,,,unresolvable,,,,rating-breakdown,True,76,72.3,79.8,72.3,ball-carry,True,,,
2029648,Christian Kofane,14065203,rating-breakdown,ball-carries,ball-carries,,,,Bayer 04 Leverkusen,88.0,,58.2,38.8,61.6,29.7,,,,unresolvable,,,,rating-breakdown,True,58.2,38.8,61.6,29.7,ball-carry,True,,,
2029648,Christian Kofane,14065203,rating-breakdown,defensive,defensive,,,,Bayer 04 Leverkusen,88.0,,51.4,68.8,,,True,True,1,boolean_field,success,,True,rating-breakdown,True,51.4,68.8,,,tackle,True,False,,
2029648,Christian Kofane,14065203,rating-breakdown,defensive,defensive,,,,Bayer 04 Leverkusen,88.0,,68.8,13.9,,,True,True,1,boolean_field,success,,True,rating-breakdown,True,68.8,13.9,,,ball-recovery,True,False,,
2029648,Christian Kofane,14065215,rating-breakdown,passes,passes,,,,Bayer 04 Leverkusen,54.0,,43.2,89.4,39.8,79.1,True,True,1,boolean_field,success,True,,rating-breakdown,True,43.2,89.4,39.8,79.1,pass,False,False,,
2029648,Christian Kofane,14065215,rating-breakdown,passes,passes,,,,Bayer 04 Leverkusen,54.0,,23.3,90.2,11.2,87.4,True,True,1,boolean_field,success,True,,rating-breakdown,True,23.3,90.2,11.2,87.4,pass,False,False,,
2029648,Christian Kofane,14065215,rating-breakdown,passes,passes,,,,Bayer 04 Leverkusen,54.0,,22,94.9,22.1,89.3,True,True,1,boolean_field,success,True,,rating-breakdown,True,22,94.9,22.1,89.3,pass,False,False,,
2029648,Christian Kofane,14065215,rating-breakdown,passes,passes,,,,Bayer 04 Leverkusen,54.0,,52.3,11.5,52.7,18.2,True,True,1,boolean_field,success,True,,rating-breakdown,True,52.3,11.5,52.7,18.2,pass,False,False,,
2029648,Christian Kofane,14065215,rating-breakdown,passes,passes,,,,Bayer 04 Leverkusen,54.0,,50.1,50,46.8,41.2,True,True,1,boolean_field,success,True,,rating-breakdown,True,50.1,50,46.8,41.2,pass,False,False,,
2029648,Christian Kofane,14065215,rating-breakdown,ball-carries,ball-carries,,,,Bayer 04 Leverkusen,54.0,,82.4,57.1,79,56,,,,unresolvable,,,,rating-breakdown,True,82.4,57.1,79,56,ball-carry,False,,,
2029648,Christian Kofane,14065215,rating-breakdown,defensive,defensive,,,,Bayer 04 Leverkusen,54.0,,63,93.2,,,True,True,1,boolean_field,success,,True,rating-breakdown,True,63,93.2,,,ball-recovery,False,False,,
2029648,Christian Kofane,14065221,rating-breakdown,passes,passes,,,,Bayer 04 Leverkusen,18.0,,94,17.1,86.3,8.2,True,True,1,boolean_field,success,True,,rating-breakdown,True,94,17.1,86.3,8.2,pass,True,False,,
2029648,Christian Kofane,14065221,rating-breakdown,passes,passes,,,,Bayer 04 Leverkusen,18.0,,85.5,5.1,73.4,3.9,True,True,1,boolean_field,success,True,,rating-breakdown,True,85.5,5.1,73.4,3.9,pass,True,False,,
2029648,Christian Kofane,14065221,rating-breakdown,passes,passes,,,,Bayer 04 Leverkusen,18.0,,74.2,21.3,81.3,7,True,True,1,boolean_field,success,True,,rating-breakdown,True,74.2,21.3,81.3,7,pass,True,False,,
2029648,Christian Kofane,14065221,rating-breakdown,passes,passes,,,,Bayer 04 Leverkusen,18.0,,50.1,49.9,31,41.2,True,True,1,boolean_field,success,True,,rating-breakdown,True,50.1,49.9,31,41.2,pass,True,False,,
2029648,Christian Kofane,14065221,rating-breakdown,defensive,defensive,,,,Bayer 04 Leverkusen,18.0,,74.2,21.3,,,True,True,1,boolean_field,success,,True,rating-breakdown,True,74.2,21.3,,,ball-recovery,True,False,,
2029648,Christian Kofane,14065248,rating-breakdown,passes,passes,,,,Bayer 04 Leverkusen,78.0,,75.4,53.4,91.2,61.9,True,True,1,boolean_field,success,True,,rating-breakdown,True,75.4,53.4,91.2,61.9,pass,False,True,True,
2029648,Christian Kofane,14065248,rating-breakdown,passes,passes,,,,Bayer 04 Leverkusen,78.0,,38.5,87,36.6,88.1,,,,unresolvable,,,,rating-breakdown,True,38.5,87,36.6,88.1,pass,False,False,,
2029648,Christian Kofane,14065248,rating-breakdown,passes,passes,,,,Bayer 04 Leverkusen,78.0,,56.7,29.5,63.6,9.7,True,True,1,boolean_field,success,True,,rating-breakdown,True,56.7,29.5,63.6,9.7,pass,False,False,,
2029648,Christian Kofane,14065248,rating-breakdown,passes,passes,,,,Bayer 04 Leverkusen,78.0,,84.9,61.2,81.6,54.5,True,True,1,boolean_field,success,True,,rating-breakdown,True,84.9,61.2,81.6,54.5,pass,False,True,,
2029648,Christian Kofane,14065248,rating-breakdown,passes,passes,,,,Bayer 04 Leverkusen,78.0,,85.9,94.1,76.6,86.5,True,True,1,boolean_field,success,True,,rating-breakdown,True,85.9,94.1,76.6,86.5,pass,False,False,,
2029648,Christian Kofane,14065248,rating-breakdown,passes,passes,,,,Bayer 04 Leverkusen,78.0,,42.1,61.8,34.5,56.8,True,True,1,boolean_field,success,True,,rating-breakdown,True,42.1,61.8,34.5,56.8,pass,False,False,,
2029648,Christian Kofane,14065248,rating-breakdown,passes,passes,,,,Bayer 04 Leverkusen,78.0,,26.1,62.6,25.3,44.1,True,True,1,boolean_field,success,True,,rating-breakdown,True,26.1,62.6,25.3,44.1,pass,False,False,,
2029648,Christian Kofane,14065248,rating-breakdown,passes,passes,,,,Bayer 04 Leverkusen,78.0,,90.7,68.2,88.5,74.6,True,True,1,boolean_field,success,True,,rating-breakdown,True,90.7,68.2,88.5,74.6,pass,False,False,,
2029648,Christian Kofane,14065248,rating-breakdown,passes,passes,,,,Bayer 04 Leverkusen,78.0,,78.8,17.9,77.8,8.3,True,True,1,boolean_field,success,True,,rating-breakdown,True,78.8,17.9,77.8,8.3,pass,False,False,,
2029648,Christian Kofane,14065248,rating-breakdown,passes,passes,,,,Bayer 04 Leverkusen,78.0,,68.8,45,67.3,36.2,True,True,1,boolean_field,success,True,,rating-breakdown,True,68.8,45,67.3,36.2,pass,False,False,,
2029648,Christian Kofane,14065248,rating-breakdown,passes,passes,,,,Bayer 04 Leverkusen,78.0,,91.9,54,95.9,50.9,,,,unresolvable,,,,rating-breakdown,True,91.9,54,95.9,50.9,pass,False,False,,
2029648,Christian Kofane,14065248,rating-breakdown,ball-carries,ball-carries,,,,Bayer 04 Leverkusen,78.0,,65.1,48.2,76.5,53.5,,,,unresolvable,,,,rating-breakdown,True,65.1,48.2,76.5,53.5,ball-carry,False,,,
2029648,Christian Kofane,14065248,rating-breakdown,ball-carries,ball-carries,,,,Bayer 04 Leverkusen,78.0,,58,31.8,62.8,38,,,,unresolvable,,,,rating-breakdown,True,58,31.8,62.8,38,ball-carry,False,,,
2029648,Christian Kofane,14065248,rating-breakdown,ball-carries,ball-carries,,,,Bayer 04 Leverkusen,78.0,,66.7,85.2,85.9,94.1,,,,unresolvable,,,,rating-breakdown,True,66.7,85.2,85.9,94.1,ball-carry,False,,,
2029648,Christian Kofane,14065248,rating-breakdown,ball-carries,ball-carries,,,,Bayer 04 Leverkusen,78.0,,71.7,29.7,78.8,17.9,,,,unresolvable,,,,rating-breakdown,True,71.7,29.7,78.8,17.9,ball-carry,False,,,
2029648,Christian Kofane,14065248,rating-breakdown,ball-carries,ball-carries,,,,Bayer 04 Leverkusen,78.0,,69.6,49.4,68.8,45,,,,unresolvable,,,,rating-breakdown,True,69.6,49.4,68.8,45,ball-carry,False,,,
2029648,Christian Kofane,14065248,rating-breakdown,dribbles,dribbles,,,,Bayer 04 Leverkusen,78.0,,59,30.6,,,True,True,1,boolean_field,success,,True,rating-breakdown,True,59,30.6,,,dribble,False,False,,
2029648,Christian Kofane,14065248,rating-breakdown,defensive,defensive,,,,Bayer 04 Leverkusen,78.0,,65.1,48.2,,,True,True,1,boolean_field,success,,True,rating-breakdown,True,65.1,48.2,,,ball-recovery,False,False,,
2029648,Christian Kofane,14065248,rating-breakdown,defensive,defensive,,,,Bayer 04 Leverkusen,78.0,,25,62.4,,,True,True,1,boolean_field,success,,True,rating-breakdown,True,25,62.4,,,ball-recovery,False,False,,
