player_id,player_name,event_id,endpoint,category,action_type,match_date,home_team,away_team,team,minutes_played_matchlog,minute,x,y,end_x,end_y,outcome,_endpoint,endpoint_available,playerCoordinates_x,playerCoordinates_y,passEndCoordinates_x,passEndCoordinates_y,eventActionType,isHome,keypass,isAssist,isLongBall
1128844,Emersonn,14065731,rating-breakdown,passes,passes,,,,Toulouse,34.0,,68.3,70,60.1,65.7,True,rating-breakdown,True,68.3,70,60.1,65.7,pass,False,False,,
1128844,Emersonn,14065731,rating-breakdown,dribbles,dribbles,,,,Toulouse,34.0,,73.6,34.9,,,True,rating-breakdown,True,73.6,34.9,,,dribble,False,False,,
1128844,Emersonn,14065731,rating-breakdown,dribbles,dribbles,,,,Toulouse,34.0,,85.5,35.6,,,,rating-breakdown,True,85.5,35.6,,,dribble,False,False,,
1128844,Emersonn,14065731,rating-breakdown,dribbles,dribbles,,,,Toulouse,34.0,,93.2,24.1,,,,rating-breakdown,True,93.2,24.1,,,dribble,False,False,,
1128844,Emersonn,14065736,rating-breakdown,passes,passes,,,,Toulouse,45.0,,47,44,35.9,51.7,True,rating-breakdown,True,47,44,35.9,51.7,pass,True,False,,
1128844,Emersonn,14065736,rating-breakdown,passes,passes,,,,Toulouse,45.0,,70.2,97.6,86.1,91.5,True,rating-breakdown,True,70.2,97.6,86.1,91.5,pass,True,False,,
1128844,Emersonn,14065736,rating-breakdown,passes,passes,,,,Toulouse,45.0,,89.5,24.3,81.5,29.5,True,rating-breakdown,True,89.5,24.3,81.5,29.5,pass,True,True,,
1128844,Emersonn,14065736,rating-breakdown,passes,passes,,,,Toulouse,45.0,,69.5,51,64.6,48.3,True,rating-breakdown,True,69.5,51,64.6,48.3,pass,True,False,,
1128844,Emersonn,14065736,rating-breakdown,passes,passes,,,,Toulouse,45.0,,71.4,45,71.8,46.6,,rating-breakdown,True,71.4,45,71.8,46.6,pass,True,False,,
1128844,Emersonn,14065736,rating-breakdown,passes,passes,,,,Toulouse,45.0,,57.3,31.6,54.9,25,True,rating-breakdown,True,57.3,31.6,54.9,25,pass,True,False,,
1128844,Emersonn,14065736,rating-breakdown,passes,passes,,,,Toulouse,45.0,,49.6,49.9,35,52,True,rating-breakdown,True,49.6,49.9,35,52,pass,True,False,,
1128844,Emersonn,14065736,rating-breakdown,passes,passes,,,,Toulouse,45.0,,63,36.3,70.7,25.5,,rating-breakdown,True,63,36.3,70.7,25.5,pass,True,False,,
1128844,Emersonn,14065736,rating-breakdown,ball-carries,ball-carries,,,,Toulouse,45.0,,84.5,31.5,89.5,24.3,,rating-breakdown,True,84.5,31.5,89.5,24.3,ball-carry,True,,,
1128844,Emersonn,14065736,rating-breakdown,ball-carries,ball-carries,,,,Toulouse,45.0,,73.7,54.7,73,46.7,,rating-breakdown,True,73.7,54.7,73,46.7,ball-carry,True,,,
1128844,Emersonn,14065736,rating-breakdown,ball-carries,ball-carries,,,,Toulouse,45.0,,51.8,59.1,62.6,62.7,,rating-breakdown,True,51.8,59.1,62.6,62.7,ball-carry,True,,,
1128844,Emersonn,14065736,rating-breakdown,ball-carries,ball-carries,,,,Toulouse,45.0,,63.4,35.8,71.4,45,,rating-breakdown,True,63.4,35.8,71.4,45,ball-carry,True,,,
1128844,Emersonn,14065736,rating-breakdown,ball-carries,ball-carries,,,,Toulouse,45.0,,37.9,22.9,37,27.8,,rating-breakdown,True,37.9,22.9,37,27.8,ball-carry,True,,,
1128844,Emersonn,14065736,rating-breakdown,dribbles,dribbles,,,,Toulouse,45.0,,73,46.7,,,True,rating-breakdown,True,73,46.7,,,dribble,True,False,,
1128844,Emersonn,14065736,rating-breakdown,dribbles,dribbles,,,,Toulouse,45.0,,62.6,62.7,,,,rating-breakdown,True,62.6,62.7,,,dribble,True,False,,
1128844,Emersonn,14065736,rating-breakdown,defensive,defensive,,,,Toulouse,45.0,,42.2,64.9,,,True,rating-breakdown,True,42.2,64.9,,,interception,True,False,,
1128844,Emersonn,14065736,rating-breakdown,defensive,defensive,,,,Toulouse,45.0,,63.4,35.8,,,True,rating-breakdown,True,63.4,35.8,,,ball-recovery,True,False,,
1128844,Emersonn,14065736,rating-breakdown,defensive,defensive,,,,Toulouse,45.0,,18.5,64.2,62.2,100,True,rating-breakdown,True,18.5,64.2,62.2,100,clearance,True,False,,
1128844,Emersonn,14167878,rating-breakdown,passes,passes,,,,Toulouse,19.0,,66.3,82.1,57,74.2,True,rating-breakdown,True,66.3,82.1,57,74.2,pass,False,False,,
1128844,Emersonn,14167878,rating-breakdown,passes,passes,,,,Toulouse,19.0,,50.9,8.9,48.2,16.8,,rating-breakdown,True,50.9,8.9,48.2,16.8,pass,False,False,,
1128844,Emersonn,14167878,rating-breakdown,passes,passes,,,,Toulouse,19.0,,56,27,66.4,19.2,True,rating-breakdown,True,56,27,66.4,19.2,pass,False,False,,
1128844,Emersonn,14167899,rating-breakdown,passes,passes,,,,Toulouse,76.0,,71,44.6,73.1,39.2,True,rating-breakdown,True,71,44.6,73.1,39.2,pass,True,True,True,
1128844,Emersonn,14167899,rating-breakdown,passes,passes,,,,Toulouse,76.0,,71.3,33.4,90.5,24,True,rating-breakdown,True,71.3,33.4,90.5,24,pass,True,False,,
1128844,Emersonn,14167899,rating-breakdown,passes,passes,,,,Toulouse,76.0,,65.1,50.9,67.3,39.2,True,rating-breakdown,True,65.1,50.9,67.3,39.2,pass,True,False,,
1128844,Emersonn,14167899,rating-breakdown,passes,passes,,,,Toulouse,76.0,,37,95.4,14.6,94.7,True,rating-breakdown,True,37,95.4,14.6,94.7,pass,True,False,,
1128844,Emersonn,14167899,rating-breakdown,passes,passes,,,,Toulouse,76.0,,67.7,12.2,63.6,3.4,True,rating-breakdown,True,67.7,12.2,63.6,3.4,pass,True,False,,
1128844,Emersonn,14167899,rating-breakdown,passes,passes,,,,Toulouse,76.0,,72.6,80,84.8,82.9,True,rating-breakdown,True,72.6,80,84.8,82.9,pass,True,False,,
1128844,Emersonn,14167899,rating-breakdown,passes,passes,,,,Toulouse,76.0,,75.3,52.4,82.4,43.4,,rating-breakdown,True,75.3,52.4,82.4,43.4,pass,True,False,,
1128844,Emersonn,14167899,rating-breakdown,passes,passes,,,,Toulouse,76.0,,44.8,90.9,39.5,82.4,True,rating-breakdown,True,44.8,90.9,39.5,82.4,pass,True,False,,
1128844,Emersonn,14167899,rating-breakdown,passes,passes,,,,Toulouse,76.0,,96.9,25.5,92.9,17.3,True,rating-breakdown,True,96.9,25.5,92.9,17.3,pass,True,False,,
1128844,Emersonn,14167899,rating-breakdown,passes,passes,,,,Toulouse,76.0,,74.7,92.3,71.5,96,True,rating-breakdown,True,74.7,92.3,71.5,96,pass,True,False,,
1128844,Emersonn,14167899,rating-breakdown,passes,passes,,,,Toulouse,76.0,,73.5,31.9,84.6,10.3,True,rating-breakdown,True,73.5,31.9,84.6,10.3,pass,True,False,,
1128844,Emersonn,14167899,rating-breakdown,dribbles,dribbles,,,,Toulouse,76.0,,79.6,93.2,,,,rating-breakdown,True,79.6,93.2,,,dribble,True,False,,
1128844,Emersonn,14167899,rating-breakdown,dribbles,dribbles,,,,Toulouse,76.0,,81.2,27.4,,,True,rating-breakdown,True,81.2,27.4,,,dribble,True,False,,
1128844,Emersonn,14167899,rating-breakdown,defensive,defensive,,,,Toulouse,76.0,,12.4,60.5,11.8,64,True,rating-breakdown,True,12.4,60.5,11.8,64,clearance,True,False,,
1128844,Emersonn,14167915,rating-breakdown,passes,passes,,,,Toulouse,90.0,,62.6,38.4,63.6,46.6,True,rating-breakdown,True,62.6,38.4,63.6,46.6,pass,False,False,,
1128844,Emersonn,14167915,rating-breakdown,passes,passes,,,,Toulouse,90.0,,53.6,16.2,43.8,27.9,True,rating-breakdown,True,53.6,16.2,43.8,27.9,pass,False,False,,
1128844,Emersonn,14167915,rating-breakdown,passes,passes,,,,Toulouse,90.0,,63.8,35,49.7,12.1,,rating-breakdown,True,63.8,35,49.7,12.1,pass,False,False,,
1128844,Emersonn,14167915,rating-breakdown,passes,passes,,,,Toulouse,90.0,,69.2,30.4,70,61.5,,rating-breakdown,True,69.2,30.4,70,61.5,pass,False,False,,
1128844,Emersonn,14167915,rating-breakdown,passes,passes,,,,Toulouse,90.0,,75.6,14.2,85.2,18.7,,rating-breakdown,True,75.6,14.2,85.2,18.7,pass,False,False,,
1128844,Emersonn,14167915,rating-breakdown,passes,passes,,,,Toulouse,90.0,,64.8,39.9,64.7,43.4,,rating-breakdown,True,64.8,39.9,64.7,43.4,pass,False,False,,
1128844,Emersonn,14167915,rating-breakdown,passes,passes,,,,Toulouse,90.0,,90.9,20.2,91,25.8,,rating-breakdown,True,90.9,20.2,91,25.8,cross,False,False,,
1128844,Emersonn,14167915,rating-breakdown,passes,passes,,,,Toulouse,90.0,,89.5,14.8,70.5,27.7,True,rating-breakdown,True,89.5,14.8,70.5,27.7,pass,False,False,,
1128844,Emersonn,14167915,rating-breakdown,passes,passes,,,,Toulouse,90.0,,53.5,64,54.6,51.3,True,rating-breakdown,True,53.5,64,54.6,51.3,pass,False,False,,
1128844,Emersonn,14167915,rating-breakdown,passes,passes,,,,Toulouse,90.0,,67.1,16.9,64.7,53.2,True,rating-breakdown,True,67.1,16.9,64.7,53.2,pass,False,False,,
1128844,Emersonn,14167915,rating-breakdown,passes,passes,,,,Toulouse,90.0,,70.5,65.5,68.4,63.4,,rating-breakdown,True,70.5,65.5,68.4,63.4,pass,False,False,,
1128844,Emersonn,14167915,rating-breakdown,passes,passes,,,,Toulouse,90.0,,62.5,23.8,65.8,31.6,,rating-breakdown,True,62.5,23.8,65.8,31.6,pass,False,False,,
1128844,Emersonn,14167915,rating-breakdown,passes,passes,,,,Toulouse,90.0,,73.1,84.9,70.7,95.2,True,rating-breakdown,True,73.1,84.9,70.7,95.2,pass,False,False,,
1128844,Emersonn,14167915,rating-breakdown,passes,passes,,,,Toulouse,90.0,,56.9,19.2,56.3,16.6,True,rating-breakdown,True,56.9,19.2,56.3,16.6,pass,False,False,,
1128844,Emersonn,14167915,rating-breakdown,dribbles,dribbles,,,,Toulouse,90.0,,75.4,73.9,,,,rating-breakdown,True,75.4,73.9,,,dribble,False,False,,
1128844,Emersonn,14167915,rating-breakdown,dribbles,dribbles,,,,Toulouse,90.0,,70.7,46.6,,,,rating-breakdown,True,70.7,46.6,,,dribble,False,False,,
1128844,Emersonn,14167915,rating-breakdown,dribbles,dribbles,,,,Toulouse,90.0,,77.8,34.8,,,True,rating-breakdown,True,77.8,34.8,,,dribble,False,False,,
1128844,Emersonn,14167915,rating-breakdown,dribbles,dribbles,,,,Toulouse,90.0,,72.4,13.8,,,True,rating-breakdown,True,72.4,13.8,,,dribble,False,False,,
1128844,Emersonn,14167915,rating-breakdown,defensive,defensive,,,,Toulouse,90.0,,66.8,74.2,,,,rating-breakdown,True,66.8,74.2,,,tackle,False,False,,
1128844,Emersonn,14167915,rating-breakdown,defensive,defensive,,,,Toulouse,90.0,,70,61.4,,,True,rating-breakdown,True,70,61.4,,,tackle,False,False,,
1128844,Emersonn,14167915,rating-breakdown,defensive,defensive,,,,Toulouse,90.0,,77.1,73.8,,,True,rating-breakdown,True,77.1,73.8,,,ball-recovery,False,False,,
1128844,Emersonn,14064520,rating-breakdown,passes,passes,,,,Toulouse,29.0,,96.7,27,96.8,28.2,,rating-breakdown,True,96.7,27,96.8,28.2,cross,True,False,,
1128844,Emersonn,14064520,rating-breakdown,passes,passes,,,,Toulouse,29.0,,63.8,29.1,58.7,28.8,True,rating-breakdown,True,63.8,29.1,58.7,28.8,pass,True,False,,
1128844,Emersonn,14064520,rating-breakdown,passes,passes,,,,Toulouse,29.0,,86.9,62,79.1,57.5,True,rating-breakdown,True,86.9,62,79.1,57.5,pass,True,True,,
1128844,Emersonn,14064520,rating-breakdown,passes,passes,,,,Toulouse,29.0,,86.5,76.3,72.9,48.1,True,rating-breakdown,True,86.5,76.3,72.9,48.1,pass,True,False,,
1128844,Emersonn,14064520,rating-breakdown,dribbles,dribbles,,,,Toulouse,29.0,,81.2,13.2,,,,rating-breakdown,True,81.2,13.2,,,dribble,True,False,,
1128844,Emersonn,14064423,rating-breakdown,passes,passes,,,,Toulouse,80.0,,42.2,65.6,33.9,59.9,True,rating-breakdown,True,42.2,65.6,33.9,59.9,pass,False,False,,
1128844,Emersonn,14064423,rating-breakdown,passes,passes,,,,Toulouse,80.0,,61.6,42.4,91,82.1,True,rating-breakdown,True,61.6,42.4,91,82.1,pass,False,False,,True
1128844,Emersonn,14064423,rating-breakdown,passes,passes,,,,Toulouse,80.0,,94.7,21.5,93,26.8,,rating-breakdown,True,94.7,21.5,93,26.8,pass,False,False,,
1128844,Emersonn,14064423,rating-breakdown,passes,passes,,,,Toulouse,80.0,,54.1,85.8,43.7,70.3,True,rating-breakdown,True,54.1,85.8,43.7,70.3,pass,False,False,,
1128844,Emersonn,14064423,rating-breakdown,passes,passes,,,,Toulouse,80.0,,65.9,78.3,57.5,100,,rating-breakdown,True,65.9,78.3,57.5,100,pass,False,False,,
1128844,Emersonn,14064423,rating-breakdown,passes,passes,,,,Toulouse,80.0,,67.7,84.7,70.5,71.1,True,rating-breakdown,True,67.7,84.7,70.5,71.1,pass,False,False,,
1128844,Emersonn,14064423,rating-breakdown,passes,passes,,,,Toulouse,80.0,,74.1,89.3,74.9,74,True,rating-breakdown,True,74.1,89.3,74.9,74,pass,False,False,,
1128844,Emersonn,14064423,rating-breakdown,passes,passes,,,,Toulouse,80.0,,67.8,18,63.4,23.9,True,rating-breakdown,True,67.8,18,63.4,23.9,pass,False,False,,
1128844,Emersonn,14064423,rating-breakdown,passes,passes,,,,Toulouse,80.0,,90.7,47.3,86.3,52.4,True,rating-breakdown,True,90.7,47.3,86.3,52.4,pass,False,True,,
1128844,Emersonn,14064423,rating-breakdown,passes,passes,,,,Toulouse,80.0,,63.3,24.5,63.3,3.5,True,rating-breakdown,True,63.3,24.5,63.3,3.5,pass,False,False,,
1128844,Emersonn,14064423,rating-breakdown,passes,passes,,,,Toulouse,80.0,,63.1,55.9,55.8,51.4,True,rating-breakdown,True,63.1,55.9,55.8,51.4,pass,False,False,,
1128844,Emersonn,14064423,rating-breakdown,passes,passes,,,,Toulouse,80.0,,60.5,88.2,68.8,87.9,,rating-breakdown,True,60.5,88.2,68.8,87.9,pass,False,False,,
1128844,Emersonn,14064423,rating-breakdown,passes,passes,,,,Toulouse,80.0,,85.5,94.9,90,48.6,,rating-breakdown,True,85.5,94.9,90,48.6,cross,False,False,,
1128844,Emersonn,14064423,rating-breakdown,passes,passes,,,,Toulouse,80.0,,56.6,10.4,62.5,0,,rating-breakdown,True,56.6,10.4,62.5,0,pass,False,False,,
1128844,Emersonn,14064423,rating-breakdown,passes,passes,,,,Toulouse,80.0,,45.9,18.8,46.3,5.4,True,rating-breakdown,True,45.9,18.8,46.3,5.4,pass,False,False,,
1128844,Emersonn,14064423,rating-breakdown,passes,passes,,,,Toulouse,80.0,,63.8,55.5,65.6,70.5,,rating-breakdown,True,63.8,55.5,65.6,70.5,pass,False,False,,
1128844,Emersonn,14064423,rating-breakdown,passes,passes,,,,Toulouse,80.0,,89.4,18,100,88.7,,rating-breakdown,True,89.4,18,100,88.7,cross,False,False,,True
1128844,Emersonn,14064423,rating-breakdown,dribbles,dribbles,,,,Toulouse,80.0,,67.6,73.7,,,,rating-breakdown,True,67.6,73.7,,,dribble,False,False,,
1128844,Emersonn,14064423,rating-breakdown,dribbles,dribbles,,,,Toulouse,80.0,,70.8,90.8,,,,rating-breakdown,True,70.8,90.8,,,dribble,False,False,,
1128844,Emersonn,14064423,rating-breakdown,defensive,defensive,,,,Toulouse,80.0,,81.6,15.2,,,True,rating-breakdown,True,81.6,15.2,,,tackle,False,False,,
1128844,Emersonn,14064423,rating-breakdown,defensive,defensive,,,,Toulouse,80.0,,2.5,58,0,93.7,True,rating-breakdown,True,2.5,58,0,93.7,clearance,False,False,,
1128844,Emersonn,14064423,rating-breakdown,defensive,defensive,,,,Toulouse,80.0,,73.4,88.1,,,True,rating-breakdown,True,73.4,88.1,,,ball-recovery,False,False,,
1128844,Emersonn,14064423,rating-breakdown,defensive,defensive,,,,Toulouse,80.0,,27.3,50.9,73,73.3,True,rating-breakdown,True,27.3,50.9,73,73.3,clearance,False,False,,
1128844,Emersonn,14064423,rating-breakdown,defensive,defensive,,,,Toulouse,80.0,,78.2,17.4,,,,rating-breakdown,True,78.2,17.4,,,tackle,False,False,,
1128844,Emersonn,14064423,rating-breakdown,defensive,defensive,,,,Toulouse,80.0,,65,5.4,,,,rating-breakdown,True,65,5.4,,,tackle,False,False,,
1128844,Emersonn,14064423,rating-breakdown,defensive,defensive,,,,Toulouse,80.0,,66.4,6,,,,rating-breakdown,True,66.4,6,,,tackle,False,False,,
1128844,Emersonn,14064423,rating-breakdown,defensive,defensive,,,,Toulouse,80.0,,65.2,7.2,,,True,rating-breakdown,True,65.2,7.2,,,tackle,False,False,,
1128844,Emersonn,14064423,rating-breakdown,defensive,defensive,,,,Toulouse,80.0,,71.6,6,,,True,rating-breakdown,True,71.6,6,,,ball-recovery,False,False,,
1128844,Emersonn,14064423,rating-breakdown,defensive,defensive,,,,Toulouse,80.0,,75.9,64.3,,,True,rating-breakdown,True,75.9,64.3,,,ball-recovery,False,False,,
1128844,Emersonn,14064423,rating-breakdown,defensive,defensive,,,,Toulouse,80.0,,46,30.4,,,True,rating-breakdown,True,46,30.4,,,ball-recovery,False,False,,
1128844,Emersonn,14064409,rating-breakdown,passes,passes,,,,Toulouse,90.0,,71.9,79.8,86.4,74,True,rating-breakdown,True,71.9,79.8,86.4,74,pass,True,True,,
1128844,Emersonn,14064409,rating-breakdown,passes,passes,,,,Toulouse,90.0,,36.6,83.6,34,78.8,True,rating-breakdown,True,36.6,83.6,34,78.8,pass,True,False,,
1128844,Emersonn,14064409,rating-breakdown,passes,passes,,,,Toulouse,90.0,,96.2,19.7,94.3,28.4,,rating-breakdown,True,96.2,19.7,94.3,28.4,cross,True,False,,
1128844,Emersonn,14064409,rating-breakdown,passes,passes,,,,Toulouse,90.0,,71.8,44,69.1,44.4,True,rating-breakdown,True,71.8,44,69.1,44.4,pass,True,False,,
1128844,Emersonn,14064409,rating-breakdown,passes,passes,,,,Toulouse,90.0,,71.7,34.3,77.3,49.1,,rating-breakdown,True,71.7,34.3,77.3,49.1,pass,True,False,,
1128844,Emersonn,14064409,rating-breakdown,passes,passes,,,,Toulouse,90.0,,74.2,22.4,71.3,69.3,True,rating-breakdown,True,74.2,22.4,71.3,69.3,pass,True,False,,True
1128844,Emersonn,14064409,rating-breakdown,passes,passes,,,,Toulouse,90.0,,65.6,16.3,73.4,34.9,True,rating-breakdown,True,65.6,16.3,73.4,34.9,pass,True,False,,
1128844,Emersonn,14064409,rating-breakdown,passes,passes,,,,Toulouse,90.0,,86.5,90.4,83.6,92.4,,rating-breakdown,True,86.5,90.4,83.6,92.4,pass,True,False,,
1128844,Emersonn,14064409,rating-breakdown,passes,passes,,,,Toulouse,90.0,,58.3,74,55.7,65.4,True,rating-breakdown,True,58.3,74,55.7,65.4,pass,True,False,,
1128844,Emersonn,14064409,rating-breakdown,passes,passes,,,,Toulouse,90.0,,72.7,76.2,66.7,88.4,True,rating-breakdown,True,72.7,76.2,66.7,88.4,pass,True,False,,
1128844,Emersonn,14064409,rating-breakdown,passes,passes,,,,Toulouse,90.0,,97.4,70.5,97.6,65.6,,rating-breakdown,True,97.4,70.5,97.6,65.6,pass,True,False,,
1128844,Emersonn,14064409,rating-breakdown,passes,passes,,,,Toulouse,90.0,,40.4,82.2,30.9,77.1,True,rating-breakdown,True,40.4,82.2,30.9,77.1,pass,True,False,,
1128844,Emersonn,14064409,rating-breakdown,passes,passes,,,,Toulouse,90.0,,64.4,64.8,55.4,58.2,True,rating-breakdown,True,64.4,64.8,55.4,58.2,pass,True,False,,
1128844,Emersonn,14064409,rating-breakdown,dribbles,dribbles,,,,Toulouse,90.0,,58.3,18.5,,,True,rating-breakdown,True,58.3,18.5,,,dribble,True,False,,
1128844,Emersonn,14064409,rating-breakdown,dribbles,dribbles,,,,Toulouse,90.0,,86.2,6.2,,,,rating-breakdown,True,86.2,6.2,,,dribble,True,False,,
1128844,Emersonn,14064409,rating-breakdown,dribbles,dribbles,,,,Toulouse,90.0,,62.2,66,,,True,rating-breakdown,True,62.2,66,,,dribble,True,False,,
1128844,Emersonn,14064409,rating-breakdown,defensive,defensive,,,,Toulouse,90.0,,35.2,40.7,,,True,rating-breakdown,True,35.2,40.7,,,interception,True,False,,
1128844,Emersonn,14064409,rating-breakdown,defensive,defensive,,,,Toulouse,90.0,,56.6,87.3,,,,rating-breakdown,True,56.6,87.3,,,tackle,True,False,,
1128844,Emersonn,14064409,rating-breakdown,defensive,defensive,,,,Toulouse,90.0,,49.7,30.9,,,True,rating-breakdown,True,49.7,30.9,,,interception,True,False,,
1128844,Emersonn,14064409,rating-breakdown,defensive,defensive,,,,Toulouse,90.0,,55.5,22.4,,,True,rating-breakdown,True,55.5,22.4,,,ball-recovery,True,False,,
1128844,Emersonn,14064409,rating-breakdown,defensive,defensive,,,,Toulouse,90.0,,70.1,18.4,,,True,rating-breakdown,True,70.1,18.4,,,ball-recovery,True,False,,
1128844,Emersonn,14064433,rating-breakdown,passes,passes,,,,Toulouse,85.0,,57.7,10.9,44.5,23.6,True,rating-breakdown,True,57.7,10.9,44.5,23.6,pass,False,False,,
1128844,Emersonn,14064433,rating-breakdown,passes,passes,,,,Toulouse,85.0,,58.2,28.3,70.8,15,True,rating-breakdown,True,58.2,28.3,70.8,15,pass,False,False,,
1128844,Emersonn,14064433,rating-breakdown,passes,passes,,,,Toulouse,85.0,,43.8,68.2,61.8,63.9,True,rating-breakdown,True,43.8,68.2,61.8,63.9,pass,False,False,,
1128844,Emersonn,14064433,rating-breakdown,passes,passes,,,,Toulouse,85.0,,69.8,36.7,74.7,18.3,True,rating-breakdown,True,69.8,36.7,74.7,18.3,pass,False,False,,
1128844,Emersonn,14064433,rating-breakdown,passes,passes,,,,Toulouse,85.0,,71.6,12.3,66.7,5.8,True,rating-breakdown,True,71.6,12.3,66.7,5.8,pass,False,False,,
1128844,Emersonn,14064433,rating-breakdown,passes,passes,,,,Toulouse,85.0,,60.7,32.5,55.7,29.4,True,rating-breakdown,True,60.7,32.5,55.7,29.4,pass,False,False,,
1128844,Emersonn,14064433,rating-breakdown,passes,passes,,,,Toulouse,85.0,,73.8,65.7,74,78.7,,rating-breakdown,True,73.8,65.7,74,78.7,pass,False,False,,
1128844,Emersonn,14064433,rating-breakdown,passes,passes,,,,Toulouse,85.0,,82.7,32.2,91.4,73.8,True,rating-breakdown,True,82.7,32.2,91.4,73.8,pass,False,False,,
1128844,Emersonn,14064433,rating-breakdown,passes,passes,,,,Toulouse,85.0,,58.2,25.6,68.4,28,True,rating-breakdown,True,58.2,25.6,68.4,28,pass,False,False,,
1128844,Emersonn,14064433,rating-breakdown,passes,passes,,,,Toulouse,85.0,,76.5,79,84.4,84.4,True,rating-breakdown,True,76.5,79,84.4,84.4,pass,False,False,,
1128844,Emersonn,14064433,rating-breakdown,passes,passes,,,,Toulouse,85.0,,67.6,92.6,68.4,69.7,True,rating-breakdown,True,67.6,92.6,68.4,69.7,pass,False,False,,
1128844,Emersonn,14064433,rating-breakdown,dribbles,dribbles,,,,Toulouse,85.0,,89.4,85.4,,,,rating-breakdown,True,89.4,85.4,,,dribble,False,False,,
1128844,Emersonn,14064433,rating-breakdown,defensive,defensive,,,,Toulouse,85.0,,78,71.3,,,True,rating-breakdown,True,78,71.3,,,interception,False,False,,
1128844,Emersonn,14064433,rating-breakdown,defensive,defensive,,,,Toulouse,85.0,,73,42.4,,,,rating-breakdown,True,73,42.4,,,tackle,False,False,,
1128844,Emersonn,14064433,rating-breakdown,defensive,defensive,,,,Toulouse,85.0,,36,41.2,,,True,rating-breakdown,True,36,41.2,,,tackle,False,False,,
1128844,Emersonn,14064433,rating-breakdown,defensive,defensive,,,,Toulouse,85.0,,45.5,29.8,,,True,rating-breakdown,True,45.5,29.8,,,ball-recovery,False,False,,
1128844,Emersonn,14064433,rating-breakdown,defensive,defensive,,,,Toulouse,85.0,,13.3,53.3,63.1,31.5,True,rating-breakdown,True,13.3,53.3,63.1,31.5,clearance,False,False,,
1128844,Emersonn,14064434,rating-breakdown,passes,passes,,,,Toulouse,78.0,,89.7,80.3,89.5,31.9,,rating-breakdown,True,89.7,80.3,89.5,31.9,cross,True,False,,True
1128844,Emersonn,14064434,rating-breakdown,passes,passes,,,,Toulouse,78.0,,70,27.4,74.5,9.7,True,rating-breakdown,True,70,27.4,74.5,9.7,pass,True,False,,
1128844,Emersonn,14064434,rating-breakdown,passes,passes,,,,Toulouse,78.0,,64.9,41.8,67.6,80.3,,rating-breakdown,True,64.9,41.8,67.6,80.3,pass,True,False,,
1128844,Emersonn,14064434,rating-breakdown,passes,passes,,,,Toulouse,78.0,,63.6,28.6,59.9,28.9,,rating-breakdown,True,63.6,28.6,59.9,28.9,pass,True,False,,
1128844,Emersonn,14064434,rating-breakdown,passes,passes,,,,Toulouse,78.0,,46.1,71.8,31.2,77,True,rating-breakdown,True,46.1,71.8,31.2,77,pass,True,False,,
1128844,Emersonn,14064434,rating-breakdown,passes,passes,,,,Toulouse,78.0,,88.9,86.2,82.2,93.2,True,rating-breakdown,True,88.9,86.2,82.2,93.2,pass,True,False,,
1128844,Emersonn,14064434,rating-breakdown,passes,passes,,,,Toulouse,78.0,,74.7,76.9,73,77.8,True,rating-breakdown,True,74.7,76.9,73,77.8,pass,True,False,,
1128844,Emersonn,14064434,rating-breakdown,passes,passes,,,,Toulouse,78.0,,36,29.5,36.6,31.2,,rating-breakdown,True,36,29.5,36.6,31.2,pass,True,False,,
1128844,Emersonn,14064434,rating-breakdown,passes,passes,,,,Toulouse,78.0,,67.3,82.7,62.4,85,True,rating-breakdown,True,67.3,82.7,62.4,85,pass,True,False,,
1128844,Emersonn,14064434,rating-breakdown,passes,passes,,,,Toulouse,78.0,,61.7,80,58.9,69.7,,rating-breakdown,True,61.7,80,58.9,69.7,pass,True,False,,
1128844,Emersonn,14064434,rating-breakdown,passes,passes,,,,Toulouse,78.0,,47.2,90.9,55.2,76.6,True,rating-breakdown,True,47.2,90.9,55.2,76.6,pass,True,False,,
1128844,Emersonn,14064434,rating-breakdown,passes,passes,,,,Toulouse,78.0,,60.5,62.2,56.4,76.1,True,rating-breakdown,True,60.5,62.2,56.4,76.1,pass,True,False,,
1128844,Emersonn,14064434,rating-breakdown,defensive,defensive,,,,Toulouse,78.0,,74.8,36.9,,,True,rating-breakdown,True,74.8,36.9,,,ball-recovery,True,False,,
1128844,Emersonn,14064434,rating-breakdown,defensive,defensive,,,,Toulouse,78.0,,81.2,25.4,,,True,rating-breakdown,True,81.2,25.4,,,ball-recovery,True,False,,
1128844,Emersonn,14064434,rating-breakdown,defensive,defensive,,,,Toulouse,78.0,,37.5,25,,,True,rating-breakdown,True,37.5,25,,,ball-recovery,True,False,,
1128844,Emersonn,14064434,rating-breakdown,defensive,defensive,,,,Toulouse,78.0,,52.8,42.9,,,,rating-breakdown,True,52.8,42.9,,,tackle,True,False,,
1128844,Emersonn,14064434,rating-breakdown,defensive,defensive,,,,Toulouse,78.0,,55.6,64,,,True,rating-breakdown,True,55.6,64,,,ball-recovery,True,False,,
1128844,Emersonn,14064443,rating-breakdown,passes,passes,,,,Toulouse,70.0,,87,40.9,79.3,43.8,True,rating-breakdown,True,87,40.9,79.3,43.8,pass,False,False,,
1128844,Emersonn,14064443,rating-breakdown,passes,passes,,,,Toulouse,70.0,,67.4,31.3,65,4.2,True,rating-breakdown,True,67.4,31.3,65,4.2,pass,False,False,,
1128844,Emersonn,14064443,rating-breakdown,passes,passes,,,,Toulouse,70.0,,89.9,6,78.9,8.8,True,rating-breakdown,True,89.9,6,78.9,8.8,pass,False,False,,
1128844,Emersonn,14064443,rating-breakdown,passes,passes,,,,Toulouse,70.0,,52.2,44.5,63.9,67,,rating-breakdown,True,52.2,44.5,63.9,67,pass,False,False,,
1128844,Emersonn,14064443,rating-breakdown,passes,passes,,,,Toulouse,70.0,,85.4,31.1,86.5,35.9,,rating-breakdown,True,85.4,31.1,86.5,35.9,pass,False,False,,
1128844,Emersonn,14064443,rating-breakdown,passes,passes,,,,Toulouse,70.0,,69.8,47.2,80.7,72.5,True,rating-breakdown,True,69.8,47.2,80.7,72.5,pass,False,True,True,
1128844,Emersonn,14064443,rating-breakdown,passes,passes,,,,Toulouse,70.0,,57.5,27.4,66.6,18.1,True,rating-breakdown,True,57.5,27.4,66.6,18.1,pass,False,False,,
1128844,Emersonn,14064443,rating-breakdown,passes,passes,,,,Toulouse,70.0,,21.3,64.5,25.2,83.3,True,rating-breakdown,True,21.3,64.5,25.2,83.3,pass,False,False,,
1128844,Emersonn,14064443,rating-breakdown,passes,passes,,,,Toulouse,70.0,,45.2,8.8,45.7,21,True,rating-breakdown,True,45.2,8.8,45.7,21,pass,False,False,,
1128844,Emersonn,14064443,rating-breakdown,passes,passes,,,,Toulouse,70.0,,60.1,18.3,77.4,21.1,,rating-breakdown,True,60.1,18.3,77.4,21.1,pass,False,False,,
1128844,Emersonn,14064443,rating-breakdown,dribbles,dribbles,,,,Toulouse,70.0,,96.4,72,,,,rating-breakdown,True,96.4,72,,,dribble,False,False,,
1128844,Emersonn,14064443,rating-breakdown,defensive,defensive,,,,Toulouse,70.0,,3.8,47.2,20.9,61.6,True,rating-breakdown,True,3.8,47.2,20.9,61.6,clearance,False,False,,
1128844,Emersonn,14064443,rating-breakdown,defensive,defensive,,,,Toulouse,70.0,,73.7,74.1,,,True,rating-breakdown,True,73.7,74.1,,,ball-recovery,False,False,,
1128844,Emersonn,14064443,rating-breakdown,defensive,defensive,,,,Toulouse,70.0,,2.1,47.1,16.7,50.8,True,rating-breakdown,True,2.1,47.1,16.7,50.8,clearance,False,False,,
1128844,Emersonn,14064443,rating-breakdown,defensive,defensive,,,,Toulouse,70.0,,8.1,45.3,24.8,61.1,True,rating-breakdown,True,8.1,45.3,24.8,61.1,clearance,False,False,,
1128844,Emersonn,14064443,rating-breakdown,defensive,defensive,,,,Toulouse,70.0,,21.4,63.6,,,True,rating-breakdown,True,21.4,63.6,,,ball-recovery,False,False,,
1128844,Emersonn,14064454,rating-breakdown,passes,passes,,,,Toulouse,23.0,,73.6,81.8,65.9,75.7,True,rating-breakdown,True,73.6,81.8,65.9,75.7,pass,True,False,,
1128844,Emersonn,14064454,rating-breakdown,passes,passes,,,,Toulouse,23.0,,23.8,33.6,19.7,33.3,True,rating-breakdown,True,23.8,33.6,19.7,33.3,pass,True,False,,
1128844,Emersonn,14064454,rating-breakdown,passes,passes,,,,Toulouse,23.0,,59.3,31.3,55.1,34.5,,rating-breakdown,True,59.3,31.3,55.1,34.5,pass,True,False,,
1128844,Emersonn,14064454,rating-breakdown,passes,passes,,,,Toulouse,23.0,,72.8,61.8,67.7,62.1,True,rating-breakdown,True,72.8,61.8,67.7,62.1,pass,True,False,,
1128844,Emersonn,14064454,rating-breakdown,passes,passes,,,,Toulouse,23.0,,83.5,83,74.9,79.3,,rating-breakdown,True,83.5,83,74.9,79.3,pass,True,False,,
1128844,Emersonn,14064454,rating-breakdown,passes,passes,,,,Toulouse,23.0,,58.2,85.3,55.9,86.6,True,rating-breakdown,True,58.2,85.3,55.9,86.6,pass,True,False,,
1128844,Emersonn,14064454,rating-breakdown,passes,passes,,,,Toulouse,23.0,,63,76.4,61,76.1,True,rating-breakdown,True,63,76.4,61,76.1,pass,True,False,,
1128844,Emersonn,14064476,rating-breakdown,passes,passes,,,,Toulouse,74.0,,30.6,59.1,34.8,33.7,,rating-breakdown,True,30.6,59.1,34.8,33.7,pass,True,False,,
1128844,Emersonn,14064476,rating-breakdown,passes,passes,,,,Toulouse,74.0,,55.7,50.4,57,64.9,True,rating-breakdown,True,55.7,50.4,57,64.9,pass,True,False,,
1128844,Emersonn,14064476,rating-breakdown,passes,passes,,,,Toulouse,74.0,,59.1,68.8,56.8,88.7,True,rating-breakdown,True,59.1,68.8,56.8,88.7,pass,True,False,,
1128844,Emersonn,14064476,rating-breakdown,passes,passes,,,,Toulouse,74.0,,37.8,37.9,34.6,30.3,True,rating-breakdown,True,37.8,37.9,34.6,30.3,pass,True,False,,
1128844,Emersonn,14064476,rating-breakdown,passes,passes,,,,Toulouse,74.0,,66.7,34.2,59.3,28.3,True,rating-breakdown,True,66.7,34.2,59.3,28.3,pass,True,False,,
1128844,Emersonn,14064476,rating-breakdown,passes,passes,,,,Toulouse,74.0,,61.7,19,54.3,20.7,True,rating-breakdown,True,61.7,19,54.3,20.7,pass,True,False,,
1128844,Emersonn,14064476,rating-breakdown,passes,passes,,,,Toulouse,74.0,,53.1,53.4,54.7,62.6,True,rating-breakdown,True,53.1,53.4,54.7,62.6,pass,True,False,,
1128844,Emersonn,14064476,rating-breakdown,passes,passes,,,,Toulouse,74.0,,40.2,48.8,58.8,5.9,True,rating-breakdown,True,40.2,48.8,58.8,5.9,pass,True,False,,True
1128844,Emersonn,14064476,rating-breakdown,passes,passes,,,,Toulouse,74.0,,86,54.3,84.9,59.3,True,rating-breakdown,True,86,54.3,84.9,59.3,pass,True,True,,
1128844,Emersonn,14064476,rating-breakdown,passes,passes,,,,Toulouse,74.0,,64.4,24.4,76.2,23.1,True,rating-breakdown,True,64.4,24.4,76.2,23.1,pass,True,False,,
1128844,Emersonn,14064476,rating-breakdown,passes,passes,,,,Toulouse,74.0,,62.5,26.8,59.4,26.2,True,rating-breakdown,True,62.5,26.8,59.4,26.2,pass,True,False,,
1128844,Emersonn,14064476,rating-breakdown,passes,passes,,,,Toulouse,74.0,,72.1,42.8,86.6,79,True,rating-breakdown,True,72.1,42.8,86.6,79,pass,True,False,,
1128844,Emersonn,14064476,rating-breakdown,ball-carries,ball-carries,,,,Toulouse,74.0,,95,80,97,76,,rating-breakdown,True,95,80,97,76,ball-carry,True,,,
1128844,Emersonn,14064476,rating-breakdown,ball-carries,ball-carries,,,,Toulouse,74.0,,62.3,30,61.7,19,,rating-breakdown,True,62.3,30,61.7,19,ball-carry,True,,,
1128844,Emersonn,14064476,rating-breakdown,ball-carries,ball-carries,,,,Toulouse,74.0,,65.1,31.2,69.7,38.2,,rating-breakdown,True,65.1,31.2,69.7,38.2,ball-carry,True,,,
1128844,Emersonn,14064476,rating-breakdown,defensive,defensive,,,,Toulouse,74.0,,92.2,79.4,,,True,rating-breakdown,True,92.2,79.4,,,tackle,True,False,,
1128844,Emersonn,14064476,rating-breakdown,defensive,defensive,,,,Toulouse,74.0,,95,80,,,True,rating-breakdown,True,95,80,,,ball-recovery,True,False,,
1128844,Emersonn,14064476,rating-breakdown,defensive,defensive,,,,Toulouse,74.0,,3.8,52.8,8.7,86,True,rating-breakdown,True,3.8,52.8,8.7,86,clearance,True,False,,
1128844,Emersonn,14064476,rating-breakdown,defensive,defensive,,,,Toulouse,74.0,,65.1,31.2,,,True,rating-breakdown,True,65.1,31.2,,,ball-recovery,True,False,,
1128844,Emersonn,14064476,rating-breakdown,defensive,defensive,,,,Toulouse,74.0,,69.6,37.9,,,True,rating-breakdown,True,69.6,37.9,,,tackle,True,True,,
1128844,Emersonn,14064476,rating-breakdown,defensive,defensive,,,,Toulouse,74.0,,14.6,53.9,33.8,59.3,True,rating-breakdown,True,14.6,53.9,33.8,59.3,clearance,True,False,,
1128844,Emersonn,14064489,rating-breakdown,passes,passes,,,,Toulouse,63.0,,64.3,20.1,70.5,19.8,True,rating-breakdown,True,64.3,20.1,70.5,19.8,pass,False,False,,
1128844,Emersonn,14064489,rating-breakdown,passes,passes,,,,Toulouse,63.0,,74.1,63.4,,,True,rating-breakdown,True,74.1,63.4,,,ball-touch,False,True,,
1128844,Emersonn,14064489,rating-breakdown,passes,passes,,,,Toulouse,63.0,,57.1,84.9,58.6,90.1,True,rating-breakdown,True,57.1,84.9,58.6,90.1,pass,False,False,,
1128844,Emersonn,14064489,rating-breakdown,passes,passes,,,,Toulouse,63.0,,59.1,81.1,73.6,90.4,True,rating-breakdown,True,59.1,81.1,73.6,90.4,pass,False,False,,
1128844,Emersonn,14064489,rating-breakdown,passes,passes,,,,Toulouse,63.0,,96.9,18.6,72.7,96.3,,rating-breakdown,True,96.9,18.6,72.7,96.3,cross,False,False,,True
1128844,Emersonn,14064489,rating-breakdown,passes,passes,,,,Toulouse,63.0,,77.2,54.3,77.4,57.7,True,rating-breakdown,True,77.2,54.3,77.4,57.7,pass,False,True,,
1128844,Emersonn,14064489,rating-breakdown,passes,passes,,,,Toulouse,63.0,,51.7,60.6,57.4,87.6,True,rating-breakdown,True,51.7,60.6,57.4,87.6,pass,False,False,,
1128844,Emersonn,14064489,rating-breakdown,passes,passes,,,,Toulouse,63.0,,56.1,18.7,62.9,0,,rating-breakdown,True,56.1,18.7,62.9,0,pass,False,False,,
1128844,Emersonn,14064489,rating-breakdown,passes,passes,,,,Toulouse,63.0,,37.2,80.2,44,81.4,True,rating-breakdown,True,37.2,80.2,44,81.4,pass,False,False,,
1128844,Emersonn,14064489,rating-breakdown,passes,passes,,,,Toulouse,63.0,,78.1,78.9,70.1,94.2,True,rating-breakdown,True,78.1,78.9,70.1,94.2,pass,False,False,,
1128844,Emersonn,14064489,rating-breakdown,passes,passes,,,,Toulouse,63.0,,82.4,52,77.8,31.9,True,rating-breakdown,True,82.4,52,77.8,31.9,pass,False,False,,
1128844,Emersonn,14064489,rating-breakdown,passes,passes,,,,Toulouse,63.0,,71.8,55.8,61.7,54,True,rating-breakdown,True,71.8,55.8,61.7,54,pass,False,False,,
1128844,Emersonn,14064489,rating-breakdown,passes,passes,,,,Toulouse,63.0,,66.9,41.4,61.4,25.5,True,rating-breakdown,True,66.9,41.4,61.4,25.5,pass,False,False,,
1128844,Emersonn,14064489,rating-breakdown,passes,passes,,,,Toulouse,63.0,,89.3,73.2,78.3,82.9,True,rating-breakdown,True,89.3,73.2,78.3,82.9,pass,False,False,,
1128844,Emersonn,14064489,rating-breakdown,passes,passes,,,,Toulouse,63.0,,55.1,67.8,51.5,74.2,True,rating-breakdown,True,55.1,67.8,51.5,74.2,pass,False,False,,
1128844,Emersonn,14064489,rating-breakdown,ball-carries,ball-carries,,,,Toulouse,63.0,,64.1,71.4,63.1,81.2,,rating-breakdown,True,64.1,71.4,63.1,81.2,ball-carry,False,,,
1128844,Emersonn,14064489,rating-breakdown,ball-carries,ball-carries,,,,Toulouse,63.0,,58.1,77.1,57.1,84.9,,rating-breakdown,True,58.1,77.1,57.1,84.9,ball-carry,False,,,
1128844,Emersonn,14064489,rating-breakdown,ball-carries,ball-carries,,,,Toulouse,63.0,,66.1,80.2,59.7,81.4,,rating-breakdown,True,66.1,80.2,59.7,81.4,ball-carry,False,,,
1128844,Emersonn,14064489,rating-breakdown,ball-carries,ball-carries,,,,Toulouse,63.0,,42.9,56.7,51.7,60.6,,rating-breakdown,True,42.9,56.7,51.7,60.6,ball-carry,False,,,
1128844,Emersonn,14064489,rating-breakdown,ball-carries,ball-carries,,,,Toulouse,63.0,,69.3,71.8,78.1,78.9,,rating-breakdown,True,69.3,71.8,78.1,78.9,ball-carry,False,,,
1128844,Emersonn,14064489,rating-breakdown,ball-carries,ball-carries,,,,Toulouse,63.0,,85.2,48.7,82.4,52,,rating-breakdown,True,85.2,48.7,82.4,52,ball-carry,False,,,
1128844,Emersonn,14064489,rating-breakdown,ball-carries,ball-carries,,,,Toulouse,63.0,,97.1,73.8,89.3,73.2,,rating-breakdown,True,97.1,73.8,89.3,73.2,ball-carry,False,,,
1128844,Emersonn,14064489,rating-breakdown,defensive,defensive,,,,Toulouse,63.0,,63.1,81.2,,,True,rating-breakdown,True,63.1,81.2,,,ball-recovery,False,False,,
1128844,Emersonn,14064489,rating-breakdown,defensive,defensive,,,,Toulouse,63.0,,69.3,71.8,,,True,rating-breakdown,True,69.3,71.8,,,ball-recovery,False,False,,
1128844,Emersonn,14064491,rating-breakdown,passes,passes,,,,Toulouse,62.0,,98.3,33.4,98.3,34.2,,rating-breakdown,True,98.3,33.4,98.3,34.2,pass,False,False,,
1128844,Emersonn,14064491,rating-breakdown,passes,passes,,,,Toulouse,62.0,,36.5,37.3,38.9,39.5,True,rating-breakdown,True,36.5,37.3,38.9,39.5,pass,False,False,,
1128844,Emersonn,14064491,rating-breakdown,passes,passes,,,,Toulouse,62.0,,75.9,62.4,65.7,48.1,True,rating-breakdown,True,75.9,62.4,65.7,48.1,pass,False,False,,
1128844,Emersonn,14064491,rating-breakdown,passes,passes,,,,Toulouse,62.0,,71.3,27.1,71.4,0,,rating-breakdown,True,71.3,27.1,71.4,0,pass,False,False,,
1128844,Emersonn,14064491,rating-breakdown,passes,passes,,,,Toulouse,62.0,,75.9,62.8,81.2,75,True,rating-breakdown,True,75.9,62.8,81.2,75,pass,False,False,,
1128844,Emersonn,14064491,rating-breakdown,passes,passes,,,,Toulouse,62.0,,56.7,33.9,66.8,31.3,,rating-breakdown,True,56.7,33.9,66.8,31.3,pass,False,False,,
1128844,Emersonn,14064491,rating-breakdown,passes,passes,,,,Toulouse,62.0,,50.4,49.9,41.7,46.9,True,rating-breakdown,True,50.4,49.9,41.7,46.9,pass,False,False,,
1128844,Emersonn,14064491,rating-breakdown,passes,passes,,,,Toulouse,62.0,,53.9,52.2,57.9,88.1,True,rating-breakdown,True,53.9,52.2,57.9,88.1,pass,False,False,,
1128844,Emersonn,14064491,rating-breakdown,passes,passes,,,,Toulouse,62.0,,49.9,50.4,42.8,50.9,True,rating-breakdown,True,49.9,50.4,42.8,50.9,pass,False,False,,
1128844,Emersonn,14064491,rating-breakdown,ball-carries,ball-carries,,,,Toulouse,62.0,,85.9,14.9,98.3,33.4,,rating-breakdown,True,85.9,14.9,98.3,33.4,ball-carry,False,,,
1128844,Emersonn,14064491,rating-breakdown,ball-carries,ball-carries,,,,Toulouse,62.0,,42.5,35.7,36.5,37.3,,rating-breakdown,True,42.5,35.7,36.5,37.3,ball-carry,False,,,
1128844,Emersonn,14064491,rating-breakdown,ball-carries,ball-carries,,,,Toulouse,62.0,,89.3,64.2,75.9,62.4,,rating-breakdown,True,89.3,64.2,75.9,62.4,ball-carry,False,,,
1128844,Emersonn,14064491,rating-breakdown,ball-carries,ball-carries,,,,Toulouse,62.0,,72.2,36.6,71.3,27.1,,rating-breakdown,True,72.2,36.6,71.3,27.1,ball-carry,False,,,
1128844,Emersonn,14064491,rating-breakdown,ball-carries,ball-carries,,,,Toulouse,62.0,,56.5,44.3,53.9,52.2,,rating-breakdown,True,56.5,44.3,53.9,52.2,ball-carry,False,,,
1128844,Emersonn,14064491,rating-breakdown,ball-carries,ball-carries,,,,Toulouse,62.0,,75.7,50.1,74.6,42.2,,rating-breakdown,True,75.7,50.1,74.6,42.2,ball-carry,False,,,
1128844,Emersonn,14064491,rating-breakdown,dribbles,dribbles,,,,Toulouse,62.0,,74.8,43.9,,,,rating-breakdown,True,74.8,43.9,,,dribble,False,False,,
1128844,Emersonn,14064491,rating-breakdown,defensive,defensive,,,,Toulouse,62.0,,59.1,39.7,,,True,rating-breakdown,True,59.1,39.7,,,tackle,False,False,,
1128844,Emersonn,14064491,rating-breakdown,defensive,defensive,,,,Toulouse,62.0,,78.6,72.4,,,,rating-breakdown,True,78.6,72.4,,,tackle,False,False,,
1128844,Emersonn,14167871,rating-breakdown,passes,passes,,,,Toulouse,64.0,,97.6,31,91.9,58.2,True,rating-breakdown,True,97.6,31,91.9,58.2,pass,True,True,,
1128844,Emersonn,14167871,rating-breakdown,passes,passes,,,,Toulouse,64.0,,35.7,49.9,29.3,47.2,True,rating-breakdown,True,35.7,49.9,29.3,47.2,pass,True,False,,
1128844,Emersonn,14167871,rating-breakdown,passes,passes,,,,Toulouse,64.0,,69,30.9,62.6,36.6,True,rating-breakdown,True,69,30.9,62.6,36.6,pass,True,False,,
1128844,Emersonn,14167871,rating-breakdown,passes,passes,,,,Toulouse,64.0,,76.3,50.7,76.2,41.3,True,rating-breakdown,True,76.3,50.7,76.2,41.3,pass,True,False,,
1128844,Emersonn,14167871,rating-breakdown,passes,passes,,,,Toulouse,64.0,,79.3,54.8,80.8,49.6,,rating-breakdown,True,79.3,54.8,80.8,49.6,pass,True,False,,
1128844,Emersonn,14167871,rating-breakdown,passes,passes,,,,Toulouse,64.0,,50.3,49.6,45,58.2,True,rating-breakdown,True,50.3,49.6,45,58.2,pass,True,False,,
1128844,Emersonn,14167871,rating-breakdown,passes,passes,,,,Toulouse,64.0,,71.6,32.4,67.9,41.6,True,rating-breakdown,True,71.6,32.4,67.9,41.6,pass,True,False,,
1128844,Emersonn,14167871,rating-breakdown,passes,passes,,,,Toulouse,64.0,,55.2,74.8,43.1,86.3,True,rating-breakdown,True,55.2,74.8,43.1,86.3,pass,True,False,,
1128844,Emersonn,14167871,rating-breakdown,passes,passes,,,,Toulouse,64.0,,62.1,35.8,55.6,57.3,,rating-breakdown,True,62.1,35.8,55.6,57.3,pass,True,False,,
1128844,Emersonn,14167871,rating-breakdown,passes,passes,,,,Toulouse,64.0,,55.3,69.3,58.2,71.7,True,rating-breakdown,True,55.3,69.3,58.2,71.7,pass,True,False,,
1128844,Emersonn,14167871,rating-breakdown,ball-carries,ball-carries,,,,Toulouse,64.0,,91.9,86.2,88.8,93,,rating-breakdown,True,91.9,86.2,88.8,93,ball-carry,True,,,
1128844,Emersonn,14167871,rating-breakdown,ball-carries,ball-carries,,,,Toulouse,64.0,,89.2,57,90.3,63,,rating-breakdown,True,89.2,57,90.3,63,ball-carry,True,,,
1128844,Emersonn,14167871,rating-breakdown,ball-carries,ball-carries,,,,Toulouse,64.0,,42.6,82.6,40.2,93.5,,rating-breakdown,True,42.6,82.6,40.2,93.5,ball-carry,True,,,
1128844,Emersonn,14167871,rating-breakdown,dribbles,dribbles,,,,Toulouse,64.0,,88.8,93,,,,rating-breakdown,True,88.8,93,,,dribble,True,False,,
1128844,Emersonn,14167871,rating-breakdown,defensive,defensive,,,,Toulouse,64.0,,10.8,46.5,8.3,50,True,rating-breakdown,True,10.8,46.5,8.3,50,clearance,True,False,,
1128844,Emersonn,14167871,rating-breakdown,defensive,defensive,,,,Toulouse,64.0,,88.9,6.2,,,,rating-breakdown,True,88.9,6.2,,,tackle,True,False,,
1128844,Emersonn,14167871,rating-breakdown,defensive,defensive,,,,Toulouse,64.0,,55.3,69.3,,,True,rating-breakdown,True,55.3,69.3,,,ball-recovery,True,False,,
1128844,Emersonn,14167879,rating-breakdown,passes,passes,,,,Toulouse,45.0,,68.4,87.5,66.1,95.9,True,rating-breakdown,True,68.4,87.5,66.1,95.9,pass,False,False,,
1128844,Emersonn,14167879,rating-breakdown,passes,passes,,,,Toulouse,45.0,,37.9,15.2,35.8,15.2,,rating-breakdown,True,37.9,15.2,35.8,15.2,pass,False,False,,
1128844,Emersonn,14167879,rating-breakdown,passes,passes,,,,Toulouse,45.0,,65.9,18.8,78.1,27.6,,rating-breakdown,True,65.9,18.8,78.1,27.6,pass,False,False,,
1128844,Emersonn,14167879,rating-breakdown,passes,passes,,,,Toulouse,45.0,,57.3,33.3,47.7,41.7,True,rating-breakdown,True,57.3,33.3,47.7,41.7,pass,False,False,,
1128844,Emersonn,14167879,rating-breakdown,passes,passes,,,,Toulouse,45.0,,26.9,67.7,35.3,53.8,True,rating-breakdown,True,26.9,67.7,35.3,53.8,pass,False,False,,
1128844,Emersonn,14167879,rating-breakdown,passes,passes,,,,Toulouse,45.0,,64.8,53.6,78.6,96.9,True,rating-breakdown,True,64.8,53.6,78.6,96.9,pass,False,False,,True
1128844,Emersonn,14167879,rating-breakdown,passes,passes,,,,Toulouse,45.0,,58.3,66.4,71.2,80.3,True,rating-breakdown,True,58.3,66.4,71.2,80.3,pass,False,False,,
1128844,Emersonn,14167879,rating-breakdown,passes,passes,,,,Toulouse,45.0,,40.2,15,34.5,18.4,True,rating-breakdown,True,40.2,15,34.5,18.4,pass,False,False,,
1128844,Emersonn,14167879,rating-breakdown,passes,passes,,,,Toulouse,45.0,,70.6,24.6,70.1,19.2,True,rating-breakdown,True,70.6,24.6,70.1,19.2,pass,False,False,,
1128844,Emersonn,14167879,rating-breakdown,passes,passes,,,,Toulouse,45.0,,68.5,51,70.8,77,True,rating-breakdown,True,68.5,51,70.8,77,pass,False,False,,
1128844,Emersonn,14167879,rating-breakdown,passes,passes,,,,Toulouse,45.0,,70.2,16.7,76.8,16.7,,rating-breakdown,True,70.2,16.7,76.8,16.7,pass,False,False,,
1128844,Emersonn,14167879,rating-breakdown,passes,passes,,,,Toulouse,45.0,,7.8,8.2,9,7.7,,rating-breakdown,True,7.8,8.2,9,7.7,pass,False,False,,True
1128844,Emersonn,14167879,rating-breakdown,passes,passes,,,,Toulouse,45.0,,54.7,48.7,52.7,71.2,True,rating-breakdown,True,54.7,48.7,52.7,71.2,pass,False,False,,
1128844,Emersonn,14167879,rating-breakdown,ball-carries,ball-carries,,,,Toulouse,45.0,,64,14.6,65.9,18.8,,rating-breakdown,True,64,14.6,65.9,18.8,ball-carry,False,,,
1128844,Emersonn,14167879,rating-breakdown,ball-carries,ball-carries,,,,Toulouse,45.0,,67.8,23.9,63.8,32.4,,rating-breakdown,True,67.8,23.9,63.8,32.4,ball-carry,False,,,
1128844,Emersonn,14167879,rating-breakdown,ball-carries,ball-carries,,,,Toulouse,45.0,,80.9,80.9,82.8,67.9,,rating-breakdown,True,80.9,80.9,82.8,67.9,ball-carry,False,,,
1128844,Emersonn,14167879,rating-breakdown,ball-carries,ball-carries,,,,Toulouse,45.0,,34.8,73.3,26.9,67.7,,rating-breakdown,True,34.8,73.3,26.9,67.7,ball-carry,False,,,
1128844,Emersonn,14167879,rating-breakdown,ball-carries,ball-carries,,,,Toulouse,45.0,,41.2,63.1,67.5,52.2,,rating-breakdown,True,41.2,63.1,67.5,52.2,ball-carry,False,,,
1128844,Emersonn,14167879,rating-breakdown,ball-carries,ball-carries,,,,Toulouse,45.0,,54,69.3,62.5,69.7,,rating-breakdown,True,54,69.3,62.5,69.7,ball-carry,False,,,
1128844,Emersonn,14167879,rating-breakdown,ball-carries,ball-carries,,,,Toulouse,45.0,,39,26.7,40.2,15,,rating-breakdown,True,39,26.7,40.2,15,ball-carry,False,,,
1128844,Emersonn,14167879,rating-breakdown,ball-carries,ball-carries,,,,Toulouse,45.0,,71.1,30.7,68.5,51,,rating-breakdown,True,71.1,30.7,68.5,51,ball-carry,False,,,
1128844,Emersonn,14167879,rating-breakdown,defensive,defensive,,,,Toulouse,45.0,,10.7,56.7,,,True,rating-breakdown,True,10.7,56.7,,,block,False,False,,
1128844,Emersonn,14167879,rating-breakdown,defensive,defensive,,,,Toulouse,45.0,,7.6,41.6,12.5,27.8,True,rating-breakdown,True,7.6,41.6,12.5,27.8,clearance,False,False,,
1128844,Emersonn,14167879,rating-breakdown,defensive,defensive,,,,Toulouse,45.0,,8.7,11.7,,,True,rating-breakdown,True,8.7,11.7,,,ball-recovery,False,False,,
1128844,Emersonn,14167896,rating-breakdown,passes,passes,,,,Toulouse,45.0,,57.4,9.2,46.2,8.3,True,rating-breakdown,True,57.4,9.2,46.2,8.3,pass,True,False,,
1128844,Emersonn,14167896,rating-breakdown,passes,passes,,,,Toulouse,45.0,,40.8,57.9,34.8,72.1,True,rating-breakdown,True,40.8,57.9,34.8,72.1,pass,True,False,,
1128844,Emersonn,14167896,rating-breakdown,passes,passes,,,,Toulouse,45.0,,61,34,52.9,65.5,True,rating-breakdown,True,61,34,52.9,65.5,pass,True,False,,
1128844,Emersonn,14167896,rating-breakdown,passes,passes,,,,Toulouse,45.0,,55.1,49.9,55.2,44.2,True,rating-breakdown,True,55.1,49.9,55.2,44.2,pass,True,False,,
1128844,Emersonn,14167896,rating-breakdown,passes,passes,,,,Toulouse,45.0,,54.2,68.8,46.8,60.6,,rating-breakdown,True,54.2,68.8,46.8,60.6,pass,True,False,,
1128844,Emersonn,14167896,rating-breakdown,ball-carries,ball-carries,,,,Toulouse,45.0,,46,48.4,40.8,57.9,,rating-breakdown,True,46,48.4,40.8,57.9,ball-carry,True,,,
1128844,Emersonn,14167896,rating-breakdown,ball-carries,ball-carries,,,,Toulouse,45.0,,80.9,68.3,81.6,62.2,,rating-breakdown,True,80.9,68.3,81.6,62.2,ball-carry,True,,,
1128844,Emersonn,14167896,rating-breakdown,dribbles,dribbles,,,,Toulouse,45.0,,42.7,85.4,,,,rating-breakdown,True,42.7,85.4,,,dribble,True,False,,
1128844,Emersonn,14167922,rating-breakdown,passes,passes,,,,Toulouse,26.0,,91.8,34.2,91.8,46.4,,rating-breakdown,True,91.8,34.2,91.8,46.4,pass,False,False,,
1128844,Emersonn,14167922,rating-breakdown,passes,passes,,,,Toulouse,26.0,,63.5,57.5,53.3,32.9,True,rating-breakdown,True,63.5,57.5,53.3,32.9,pass,False,False,,
1128844,Emersonn,14167922,rating-breakdown,passes,passes,,,,Toulouse,26.0,,57.4,69.9,59.9,92.4,True,rating-breakdown,True,57.4,69.9,59.9,92.4,pass,False,False,,
1128844,Emersonn,14167922,rating-breakdown,passes,passes,,,,Toulouse,26.0,,54.1,46.7,72.2,10.6,True,rating-breakdown,True,54.1,46.7,72.2,10.6,pass,False,False,,
1128844,Emersonn,14167922,rating-breakdown,passes,passes,,,,Toulouse,26.0,,90.9,62.9,90.2,60.1,True,rating-breakdown,True,90.9,62.9,90.2,60.1,pass,False,False,,
1128844,Emersonn,14167922,rating-breakdown,passes,passes,,,,Toulouse,26.0,,62.2,12,56.5,18.2,True,rating-breakdown,True,62.2,12,56.5,18.2,pass,False,False,,
1128844,Emersonn,14167922,rating-breakdown,passes,passes,,,,Toulouse,26.0,,53.8,77.3,38.9,73,True,rating-breakdown,True,53.8,77.3,38.9,73,pass,False,False,,
1128844,Emersonn,14167922,rating-breakdown,passes,passes,,,,Toulouse,26.0,,45.4,23.9,49.5,37.3,True,rating-breakdown,True,45.4,23.9,49.5,37.3,pass,False,False,,
1128844,Emersonn,14167922,rating-breakdown,passes,passes,,,,Toulouse,26.0,,84.1,46.6,,,True,rating-breakdown,True,84.1,46.6,,,ball-touch,False,True,,
1128844,Emersonn,14167922,rating-breakdown,passes,passes,,,,Toulouse,26.0,,63.2,27.3,59,31.5,True,rating-breakdown,True,63.2,27.3,59,31.5,pass,False,False,,
1128844,Emersonn,14167922,rating-breakdown,ball-carries,ball-carries,,,,Toulouse,26.0,,78.9,15.6,91.8,34.2,,rating-breakdown,True,78.9,15.6,91.8,34.2,ball-carry,False,,,
1128844,Emersonn,14167922,rating-breakdown,ball-carries,ball-carries,,,,Toulouse,26.0,,72.1,61.8,63.6,59,,rating-breakdown,True,72.1,61.8,63.6,59,ball-carry,False,,,
1128844,Emersonn,14167922,rating-breakdown,ball-carries,ball-carries,,,,Toulouse,26.0,,60.8,59.7,57.4,69.9,,rating-breakdown,True,60.8,59.7,57.4,69.9,ball-carry,False,,,
1128844,Emersonn,14167922,rating-breakdown,ball-carries,ball-carries,,,,Toulouse,26.0,,51.3,48.2,54.1,46.7,,rating-breakdown,True,51.3,48.2,54.1,46.7,ball-carry,False,,,
1128844,Emersonn,14167922,rating-breakdown,ball-carries,ball-carries,,,,Toulouse,26.0,,57.8,67.6,53.8,77.3,,rating-breakdown,True,57.8,67.6,53.8,77.3,ball-carry,False,,,
1128844,Emersonn,14167922,rating-breakdown,ball-carries,ball-carries,,,,Toulouse,26.0,,56.1,17.6,45.4,23.9,,rating-breakdown,True,56.1,17.6,45.4,23.9,ball-carry,False,,,
1128844,Emersonn,14167922,rating-breakdown,defensive,defensive,,,,Toulouse,26.0,,17.8,89.3,17.4,100,True,rating-breakdown,True,17.8,89.3,17.4,100,clearance,False,False,,
1128844,Emersonn,14167922,rating-breakdown,defensive,defensive,,,,Toulouse,26.0,,63,27.4,,,True,rating-breakdown,True,63,27.4,,,ball-recovery,False,False,,
1128844,Emersonn,14167942,rating-breakdown,passes,passes,,,,Toulouse,26.0,,31.3,74.8,40.2,100,,rating-breakdown,True,31.3,74.8,40.2,100,pass,True,False,,
1128844,Emersonn,14167942,rating-breakdown,passes,passes,,,,Toulouse,26.0,,50.2,70.3,50.6,77.9,True,rating-breakdown,True,50.2,70.3,50.6,77.9,pass,True,False,,
1128844,Emersonn,14167942,rating-breakdown,passes,passes,,,,Toulouse,26.0,,54.7,70.2,47.5,44,,rating-breakdown,True,54.7,70.2,47.5,44,pass,True,False,,
1128844,Emersonn,14167942,rating-breakdown,passes,passes,,,,Toulouse,26.0,,73.7,10.4,71.9,21.8,,rating-breakdown,True,73.7,10.4,71.9,21.8,pass,True,False,,
1128844,Emersonn,14167942,rating-breakdown,passes,passes,,,,Toulouse,26.0,,56.8,17.7,63,33.6,,rating-breakdown,True,56.8,17.7,63,33.6,pass,True,False,,
1128844,Emersonn,14167942,rating-breakdown,passes,passes,,,,Toulouse,26.0,,36.4,13.7,35.6,13.5,,rating-breakdown,True,36.4,13.7,35.6,13.5,pass,True,False,,
1128844,Emersonn,14167942,rating-breakdown,passes,passes,,,,Toulouse,26.0,,85.2,16.1,87.6,46.3,,rating-breakdown,True,85.2,16.1,87.6,46.3,cross,True,False,,
1128844,Emersonn,14167942,rating-breakdown,ball-carries,ball-carries,,,,Toulouse,26.0,,77,67.8,80.1,57.8,,rating-breakdown,True,77,67.8,80.1,57.8,ball-carry,True,,,
1128844,Emersonn,14167942,rating-breakdown,ball-carries,ball-carries,,,,Toulouse,26.0,,72.7,18.9,91.7,31.4,,rating-breakdown,True,72.7,18.9,91.7,31.4,ball-carry,True,,,
1128844,Emersonn,14167942,rating-breakdown,ball-carries,ball-carries,,,,Toulouse,26.0,,57.9,71.4,79.3,62.8,,rating-breakdown,True,57.9,71.4,79.3,62.8,ball-carry,True,,,
1128844,Emersonn,14167942,rating-breakdown,dribbles,dribbles,,,,Toulouse,26.0,,91.7,31.4,,,True,rating-breakdown,True,91.7,31.4,,,dribble,True,False,,
1128844,Emersonn,14167942,rating-breakdown,dribbles,dribbles,,,,Toulouse,26.0,,78.2,63.6,,,True,rating-breakdown,True,78.2,63.6,,,dribble,True,False,,
1128844,Emersonn,14167955,rating-breakdown,passes,passes,,,,Toulouse,83.0,,39.6,74.2,34.2,93.9,True,rating-breakdown,True,39.6,74.2,34.2,93.9,pass,False,False,,
1128844,Emersonn,14167955,rating-breakdown,passes,passes,,,,Toulouse,83.0,,34.3,63.9,31.4,69.3,True,rating-breakdown,True,34.3,63.9,31.4,69.3,pass,False,False,,
1128844,Emersonn,14167955,rating-breakdown,passes,passes,,,,Toulouse,83.0,,58.2,25.3,44.1,25.3,True,rating-breakdown,True,58.2,25.3,44.1,25.3,pass,False,False,,
1128844,Emersonn,14167955,rating-breakdown,passes,passes,,,,Toulouse,83.0,,41.8,19.5,43.6,19,,rating-breakdown,True,41.8,19.5,43.6,19,pass,False,False,,
1128844,Emersonn,14167955,rating-breakdown,passes,passes,,,,Toulouse,83.0,,45.8,52.6,55.1,25,True,rating-breakdown,True,45.8,52.6,55.1,25,pass,False,False,,
1128844,Emersonn,14167955,rating-breakdown,passes,passes,,,,Toulouse,83.0,,34.2,58.6,26.1,52.9,True,rating-breakdown,True,34.2,58.6,26.1,52.9,pass,False,False,,
1128844,Emersonn,14167955,rating-breakdown,passes,passes,,,,Toulouse,83.0,,46.2,76.6,39.9,77.5,True,rating-breakdown,True,46.2,76.6,39.9,77.5,pass,False,False,,
1128844,Emersonn,14167955,rating-breakdown,passes,passes,,,,Toulouse,83.0,,29.9,25.6,32.9,5.5,True,rating-breakdown,True,29.9,25.6,32.9,5.5,pass,False,False,,
1128844,Emersonn,14167955,rating-breakdown,passes,passes,,,,Toulouse,83.0,,46.2,62.8,40.2,97.7,True,rating-breakdown,True,46.2,62.8,40.2,97.7,pass,False,False,,
1128844,Emersonn,14167955,rating-breakdown,passes,passes,,,,Toulouse,83.0,,46.7,67.2,39,53.8,True,rating-breakdown,True,46.7,67.2,39,53.8,pass,False,False,,
1128844,Emersonn,14167955,rating-breakdown,passes,passes,,,,Toulouse,83.0,,79.8,57.1,79.7,52.3,True,rating-breakdown,True,79.8,57.1,79.7,52.3,pass,False,False,,
1128844,Emersonn,14167955,rating-breakdown,passes,passes,,,,Toulouse,83.0,,59.1,70.8,52.1,83.1,,rating-breakdown,True,59.1,70.8,52.1,83.1,pass,False,False,,
1128844,Emersonn,14167955,rating-breakdown,passes,passes,,,,Toulouse,83.0,,36.2,52.3,31.8,70.8,,rating-breakdown,True,36.2,52.3,31.8,70.8,pass,False,False,,
1128844,Emersonn,14167955,rating-breakdown,passes,passes,,,,Toulouse,83.0,,45.3,54.9,44.4,42.6,True,rating-breakdown,True,45.3,54.9,44.4,42.6,pass,False,False,,
1128844,Emersonn,14167955,rating-breakdown,passes,passes,,,,Toulouse,83.0,,62.4,24.1,63.9,25.8,,rating-breakdown,True,62.4,24.1,63.9,25.8,pass,False,False,,
1128844,Emersonn,14167955,rating-breakdown,passes,passes,,,,Toulouse,83.0,,70.2,28.9,66.5,21.7,True,rating-breakdown,True,70.2,28.9,66.5,21.7,pass,False,False,,
1128844,Emersonn,14167955,rating-breakdown,passes,passes,,,,Toulouse,83.0,,69,39.6,59,36.1,True,rating-breakdown,True,69,39.6,59,36.1,pass,False,False,,
1128844,Emersonn,14167955,rating-breakdown,passes,passes,,,,Toulouse,83.0,,85.2,7,77.5,2.3,True,rating-breakdown,True,85.2,7,77.5,2.3,pass,False,False,,
1128844,Emersonn,14167955,rating-breakdown,ball-carries,ball-carries,,,,Toulouse,83.0,,36.6,32.4,62.9,65.4,,rating-breakdown,True,36.6,32.4,62.9,65.4,ball-carry,False,,,
1128844,Emersonn,14167955,rating-breakdown,ball-carries,ball-carries,,,,Toulouse,83.0,,42,69.3,39.6,74.2,,rating-breakdown,True,42,69.3,39.6,74.2,ball-carry,False,,,
1128844,Emersonn,14167955,rating-breakdown,ball-carries,ball-carries,,,,Toulouse,83.0,,76.1,63.6,73.8,57,,rating-breakdown,True,76.1,63.6,73.8,57,ball-carry,False,,,
1128844,Emersonn,14167955,rating-breakdown,ball-carries,ball-carries,,,,Toulouse,83.0,,41.5,67.5,45.8,52.6,,rating-breakdown,True,41.5,67.5,45.8,52.6,ball-carry,False,,,
1128844,Emersonn,14167955,rating-breakdown,ball-carries,ball-carries,,,,Toulouse,83.0,,60.5,33.9,63.8,34.2,,rating-breakdown,True,60.5,33.9,63.8,34.2,ball-carry,False,,,
1128844,Emersonn,14167955,rating-breakdown,ball-carries,ball-carries,,,,Toulouse,83.0,,73.1,50.8,77.2,41.5,,rating-breakdown,True,73.1,50.8,77.2,41.5,ball-carry,False,,,
1128844,Emersonn,14167955,rating-breakdown,ball-carries,ball-carries,,,,Toulouse,83.0,,74.9,20.8,90.4,10,,rating-breakdown,True,74.9,20.8,90.4,10,ball-carry,False,,,
1128844,Emersonn,14167955,rating-breakdown,dribbles,dribbles,,,,Toulouse,83.0,,29.6,29.2,,,True,rating-breakdown,True,29.6,29.2,,,dribble,False,False,,
1128844,Emersonn,14167955,rating-breakdown,defensive,defensive,,,,Toulouse,83.0,,36.6,32.4,,,True,rating-breakdown,True,36.6,32.4,,,ball-recovery,False,False,,
1128844,Emersonn,14167955,rating-breakdown,defensive,defensive,,,,Toulouse,83.0,,56.8,62.5,,,True,rating-breakdown,True,56.8,62.5,,,interception,False,False,,
1128844,Emersonn,14167955,rating-breakdown,defensive,defensive,,,,Toulouse,83.0,,8.8,29.1,10,26.2,True,rating-breakdown,True,8.8,29.1,10,26.2,clearance,False,False,,
1128844,Emersonn,14167955,rating-breakdown,defensive,defensive,,,,Toulouse,83.0,,8.1,33.3,22.6,14.5,True,rating-breakdown,True,8.1,33.3,22.6,14.5,clearance,False,False,,
1128844,Emersonn,14167955,rating-breakdown,defensive,defensive,,,,Toulouse,83.0,,73.4,55.4,,,,rating-breakdown,True,73.4,55.4,,,tackle,False,False,,
1128844,Emersonn,14167955,rating-breakdown,defensive,defensive,,,,Toulouse,83.0,,33.9,64,,,True,rating-breakdown,True,33.9,64,,,ball-recovery,False,False,,
1128844,Emersonn,14167955,rating-breakdown,defensive,defensive,,,,Toulouse,83.0,,34.6,58.8,,,True,rating-breakdown,True,34.6,58.8,,,ball-recovery,False,False,,
1128844,Emersonn,14167955,rating-breakdown,defensive,defensive,,,,Toulouse,83.0,,42.4,1,,,,rating-breakdown,True,42.4,1,,,tackle,False,False,,
1128844,Emersonn,14167955,rating-breakdown,defensive,defensive,,,,Toulouse,83.0,,46,70.3,,,True,rating-breakdown,True,46,70.3,,,ball-recovery,False,False,,
1128844,Emersonn,14167963,rating-breakdown,passes,passes,,,,Toulouse,71.0,,61.1,86.4,62.3,77,True,rating-breakdown,True,61.1,86.4,62.3,77,pass,True,False,,
1128844,Emersonn,14167963,rating-breakdown,passes,passes,,,,Toulouse,71.0,,91.3,77.9,83.9,75.2,True,rating-breakdown,True,91.3,77.9,83.9,75.2,pass,True,True,,
1128844,Emersonn,14167963,rating-breakdown,passes,passes,,,,Toulouse,71.0,,70.3,77.4,63.8,74.2,,rating-breakdown,True,70.3,77.4,63.8,74.2,pass,True,False,,
1128844,Emersonn,14167963,rating-breakdown,passes,passes,,,,Toulouse,71.0,,67,65.3,60.9,60.9,True,rating-breakdown,True,67,65.3,60.9,60.9,pass,True,False,,
1128844,Emersonn,14167963,rating-breakdown,passes,passes,,,,Toulouse,71.0,,55.6,86,59.6,100,,rating-breakdown,True,55.6,86,59.6,100,pass,True,False,,
1128844,Emersonn,14167963,rating-breakdown,passes,passes,,,,Toulouse,71.0,,69.6,46.1,72.6,58.5,True,rating-breakdown,True,69.6,46.1,72.6,58.5,pass,True,False,,
1128844,Emersonn,14167963,rating-breakdown,passes,passes,,,,Toulouse,71.0,,78.9,29.8,75.3,13.4,True,rating-breakdown,True,78.9,29.8,75.3,13.4,pass,True,False,,
1128844,Emersonn,14167963,rating-breakdown,passes,passes,,,,Toulouse,71.0,,67.3,49.4,78.2,84.6,True,rating-breakdown,True,67.3,49.4,78.2,84.6,pass,True,True,,
1128844,Emersonn,14167963,rating-breakdown,passes,passes,,,,Toulouse,71.0,,94.7,74.9,93.6,68.1,,rating-breakdown,True,94.7,74.9,93.6,68.1,cross,True,False,,
1128844,Emersonn,14167963,rating-breakdown,passes,passes,,,,Toulouse,71.0,,42.8,7.7,39.7,7.1,,rating-breakdown,True,42.8,7.7,39.7,7.1,pass,True,False,,
1128844,Emersonn,14167963,rating-breakdown,ball-carries,ball-carries,,,,Toulouse,71.0,,61.5,33.2,67.3,49.4,,rating-breakdown,True,61.5,33.2,67.3,49.4,ball-carry,True,,,
1128844,Emersonn,14167963,rating-breakdown,ball-carries,ball-carries,,,,Toulouse,71.0,,55.1,34.3,54.7,29.6,,rating-breakdown,True,55.1,34.3,54.7,29.6,ball-carry,True,,,
1128844,Emersonn,14167963,rating-breakdown,ball-carries,ball-carries,,,,Toulouse,71.0,,45,16.7,42.8,7.7,,rating-breakdown,True,45,16.7,42.8,7.7,ball-carry,True,,,
1128844,Emersonn,14167963,rating-breakdown,ball-carries,ball-carries,,,,Toulouse,71.0,,56.1,7.1,59.2,18.9,,rating-breakdown,True,56.1,7.1,59.2,18.9,ball-carry,True,,,
1128844,Emersonn,14167963,rating-breakdown,dribbles,dribbles,,,,Toulouse,71.0,,49,65.4,,,,rating-breakdown,True,49,65.4,,,dribble,True,False,,
1128844,Emersonn,14167963,rating-breakdown,dribbles,dribbles,,,,Toulouse,71.0,,81.4,36,,,,rating-breakdown,True,81.4,36,,,dribble,True,False,,
1128844,Emersonn,14167963,rating-breakdown,dribbles,dribbles,,,,Toulouse,71.0,,59.2,18.8,,,,rating-breakdown,True,59.2,18.8,,,dribble,True,False,,
1128844,Emersonn,14167963,rating-breakdown,defensive,defensive,,,,Toulouse,71.0,,48.2,65.2,,,True,rating-breakdown,True,48.2,65.2,,,tackle,True,False,,
1128844,Emersonn,14167963,rating-breakdown,defensive,defensive,,,,Toulouse,71.0,,7.7,45.1,27.6,24.8,True,rating-breakdown,True,7.7,45.1,27.6,24.8,clearance,True,False,,
1128844,Emersonn,14167963,rating-breakdown,defensive,defensive,,,,Toulouse,71.0,,38.8,28.1,,,True,rating-breakdown,True,38.8,28.1,,,interception,True,False,,
1128844,Emersonn,14167969,rating-breakdown,passes,passes,,,,Toulouse,64.0,,42.6,21.9,31.5,9.6,True,rating-breakdown,True,42.6,21.9,31.5,9.6,pass,False,False,,
1128844,Emersonn,14167969,rating-breakdown,passes,passes,,,,Toulouse,64.0,,44.9,92.4,60.4,100,,rating-breakdown,True,44.9,92.4,60.4,100,pass,False,False,,
1128844,Emersonn,14167969,rating-breakdown,passes,passes,,,,Toulouse,64.0,,59.7,76.8,55.8,75.1,True,rating-breakdown,True,59.7,76.8,55.8,75.1,pass,False,False,,
1128844,Emersonn,14167969,rating-breakdown,passes,passes,,,,Toulouse,64.0,,72.8,71.5,66.1,62.1,True,rating-breakdown,True,72.8,71.5,66.1,62.1,pass,False,False,,
1128844,Emersonn,14167969,rating-breakdown,passes,passes,,,,Toulouse,64.0,,54.8,22.3,51.2,11.8,True,rating-breakdown,True,54.8,22.3,51.2,11.8,pass,False,False,,
1128844,Emersonn,14167969,rating-breakdown,passes,passes,,,,Toulouse,64.0,,48.1,72.7,43.6,84.3,True,rating-breakdown,True,48.1,72.7,43.6,84.3,pass,False,False,,
1128844,Emersonn,14167969,rating-breakdown,passes,passes,,,,Toulouse,64.0,,70.2,75.9,84.1,34.8,,rating-breakdown,True,70.2,75.9,84.1,34.8,pass,False,False,,
1128844,Emersonn,14167969,rating-breakdown,passes,passes,,,,Toulouse,64.0,,45.7,78.7,58,57.4,,rating-breakdown,True,45.7,78.7,58,57.4,pass,False,False,,
1128844,Emersonn,14167969,rating-breakdown,passes,passes,,,,Toulouse,64.0,,16.4,85.9,9.1,80.5,True,rating-breakdown,True,16.4,85.9,9.1,80.5,pass,False,False,,
1128844,Emersonn,14167969,rating-breakdown,ball-carries,ball-carries,,,,Toulouse,64.0,,47,20.4,42.6,21.9,,rating-breakdown,True,47,20.4,42.6,21.9,ball-carry,False,,,
1128844,Emersonn,14167969,rating-breakdown,ball-carries,ball-carries,,,,Toulouse,64.0,,86.4,57,87,63.4,,rating-breakdown,True,86.4,57,87,63.4,ball-carry,False,,,
1128844,Emersonn,14167969,rating-breakdown,ball-carries,ball-carries,,,,Toulouse,64.0,,53.7,18.7,62,30.4,,rating-breakdown,True,53.7,18.7,62,30.4,ball-carry,False,,,
1128844,Emersonn,14167969,rating-breakdown,ball-carries,ball-carries,,,,Toulouse,64.0,,14.1,71.1,28.6,72.4,,rating-breakdown,True,14.1,71.1,28.6,72.4,ball-carry,False,,,
1128844,Emersonn,14167969,rating-breakdown,dribbles,dribbles,,,,Toulouse,64.0,,87,63.4,,,,rating-breakdown,True,87,63.4,,,dribble,False,False,,
1128844,Emersonn,14167969,rating-breakdown,dribbles,dribbles,,,,Toulouse,64.0,,62.8,31.6,,,,rating-breakdown,True,62.8,31.6,,,dribble,False,False,,
1128844,Emersonn,14167969,rating-breakdown,dribbles,dribbles,,,,Toulouse,64.0,,29,72.8,,,,rating-breakdown,True,29,72.8,,,dribble,False,False,,
1128844,Emersonn,14167969,rating-breakdown,dribbles,dribbles,,,,Toulouse,64.0,,71.2,47.5,,,,rating-breakdown,True,71.2,47.5,,,dribble,False,False,,
1128844,Emersonn,14167969,rating-breakdown,dribbles,dribbles,,,,Toulouse,64.0,,19.7,90.9,,,,rating-breakdown,True,19.7,90.9,,,dribble,False,False,,
1128844,Emersonn,14167969,rating-breakdown,defensive,defensive,,,,Toulouse,64.0,,47,20.4,,,True,rating-breakdown,True,47,20.4,,,ball-recovery,False,False,,
1128844,Emersonn,14167969,rating-breakdown,defensive,defensive,,,,Toulouse,64.0,,14.1,71.1,,,True,rating-breakdown,True,14.1,71.1,,,ball-recovery,False,False,,
1128844,Emersonn,14167969,rating-breakdown,defensive,defensive,,,,Toulouse,64.0,,16.4,88.3,,,True,rating-breakdown,True,16.4,88.3,,,ball-recovery,False,False,,
1128844,Emersonn,14167981,rating-breakdown,passes,passes,,,,Toulouse,16.0,,95.8,78.7,86,89.3,True,rating-breakdown,True,95.8,78.7,86,89.3,pass,True,False,,
1128844,Emersonn,14167981,rating-breakdown,passes,passes,,,,Toulouse,16.0,,62.1,17.1,65.2,11,True,rating-breakdown,True,62.1,17.1,65.2,11,pass,True,False,,
1128844,Emersonn,14167981,rating-breakdown,passes,passes,,,,Toulouse,16.0,,78.9,52.4,81.3,39.2,True,rating-breakdown,True,78.9,52.4,81.3,39.2,pass,True,False,,
1128844,Emersonn,14167981,rating-breakdown,passes,passes,,,,Toulouse,16.0,,44.9,47.1,58.1,28.5,True,rating-breakdown,True,44.9,47.1,58.1,28.5,pass,True,False,,
1128844,Emersonn,14167981,rating-breakdown,ball-carries,ball-carries,,,,Toulouse,16.0,,78.7,15.4,83.5,11.6,,rating-breakdown,True,78.7,15.4,83.5,11.6,ball-carry,True,,,
1128844,Emersonn,14167981,rating-breakdown,dribbles,dribbles,,,,Toulouse,16.0,,85.5,14.3,,,,rating-breakdown,True,85.5,14.3,,,dribble,True,False,,
1128844,Emersonn,14167988,rating-breakdown,passes,passes,,,,Toulouse,27.0,,64.3,24.7,67.4,17.9,True,rating-breakdown,True,64.3,24.7,67.4,17.9,pass,False,False,,
1128844,Emersonn,14167988,rating-breakdown,passes,passes,,,,Toulouse,27.0,,61.2,64.4,55.6,66.5,True,rating-breakdown,True,61.2,64.4,55.6,66.5,pass,False,True,,
1128844,Emersonn,14167988,rating-breakdown,passes,passes,,,,Toulouse,27.0,,54.5,65.6,51.9,50.6,True,rating-breakdown,True,54.5,65.6,51.9,50.6,pass,False,False,,
1128844,Emersonn,14167988,rating-breakdown,ball-carries,ball-carries,,,,Toulouse,27.0,,52.9,71.4,54.5,65.6,,rating-breakdown,True,52.9,71.4,54.5,65.6,ball-carry,False,,,
1128844,Emersonn,14167988,rating-breakdown,defensive,defensive,,,,Toulouse,27.0,,78.5,70.5,,,True,rating-breakdown,True,78.5,70.5,,,ball-recovery,False,False,,
1128844,Emersonn,14167988,rating-breakdown,defensive,defensive,,,,Toulouse,27.0,,4,60.8,24.3,100,True,rating-breakdown,True,4,60.8,24.3,100,clearance,False,False,,
1128844,Emersonn,14064515,rating-breakdown,passes,passes,,,,Toulouse,29.0,,75.6,24,73.9,23,True,rating-breakdown,True,75.6,24,73.9,23,pass,True,False,,
1128844,Emersonn,14064515,rating-breakdown,passes,passes,,,,Toulouse,29.0,,72.7,49.6,85,50,True,rating-breakdown,True,72.7,49.6,85,50,pass,True,True,,
1128844,Emersonn,14064515,rating-breakdown,passes,passes,,,,Toulouse,29.0,,74.9,65.5,78.4,45.2,True,rating-breakdown,True,74.9,65.5,78.4,45.2,pass,True,False,,
1128844,Emersonn,14064515,rating-breakdown,passes,passes,,,,Toulouse,29.0,,50.4,49.9,27.2,53.2,True,rating-breakdown,True,50.4,49.9,27.2,53.2,pass,True,False,,
1128844,Emersonn,14064515,rating-breakdown,passes,passes,,,,Toulouse,29.0,,71.4,56.8,72.7,66.7,True,rating-breakdown,True,71.4,56.8,72.7,66.7,pass,True,True,,
1128844,Emersonn,14064515,rating-breakdown,passes,passes,,,,Toulouse,29.0,,34.6,69.4,35.8,74.4,,rating-breakdown,True,34.6,69.4,35.8,74.4,pass,True,False,,
1128844,Emersonn,14064515,rating-breakdown,passes,passes,,,,Toulouse,29.0,,30.1,73,37.7,90.5,True,rating-breakdown,True,30.1,73,37.7,90.5,pass,True,False,,
1128844,Emersonn,14064515,rating-breakdown,passes,passes,,,,Toulouse,29.0,,84.5,71.6,78.4,48.7,,rating-breakdown,True,84.5,71.6,78.4,48.7,pass,True,False,,
1128844,Emersonn,14064515,rating-breakdown,ball-carries,ball-carries,,,,Toulouse,29.0,,69.7,47,72.7,49.6,,rating-breakdown,True,69.7,47,72.7,49.6,ball-carry,True,,,
1128844,Emersonn,14064515,rating-breakdown,ball-carries,ball-carries,,,,Toulouse,29.0,,34.9,49.5,71.7,61.4,,rating-breakdown,True,34.9,49.5,71.7,61.4,ball-carry,True,,,
1128844,Emersonn,14064515,rating-breakdown,ball-carries,ball-carries,,,,Toulouse,29.0,,30.6,58.1,59.2,28.5,,rating-breakdown,True,30.6,58.1,59.2,28.5,ball-carry,True,,,
1128844,Emersonn,14064515,rating-breakdown,ball-carries,ball-carries,,,,Toulouse,29.0,,33.3,56,34.6,69.4,,rating-breakdown,True,33.3,56,34.6,69.4,ball-carry,True,,,
1128844,Emersonn,14064515,rating-breakdown,ball-carries,ball-carries,,,,Toulouse,29.0,,72.5,76.7,80.1,73.6,,rating-breakdown,True,72.5,76.7,80.1,73.6,ball-carry,True,,,
1128844,Emersonn,14064515,rating-breakdown,ball-carries,ball-carries,,,,Toulouse,29.0,,68.1,9.1,63.5,14.3,,rating-breakdown,True,68.1,9.1,63.5,14.3,ball-carry,True,,,
1128844,Emersonn,14064515,rating-breakdown,dribbles,dribbles,,,,Toulouse,29.0,,58.5,28.8,,,,rating-breakdown,True,58.5,28.8,,,dribble,True,False,,
1128844,Emersonn,14064515,rating-breakdown,defensive,defensive,,,,Toulouse,29.0,,7.6,46.6,12.3,86.8,True,rating-breakdown,True,7.6,46.6,12.3,86.8,clearance,True,False,,
1128844,Emersonn,14064515,rating-breakdown,defensive,defensive,,,,Toulouse,29.0,,30.6,58.1,,,True,rating-breakdown,True,30.6,58.1,,,ball-recovery,True,False,,
1128844,Emersonn,14167933,rating-breakdown,passes,passes,,,,Toulouse,90.0,,64.4,57.6,66.7,56.5,True,rating-breakdown,True,64.4,57.6,66.7,56.5,pass,True,False,,
1128844,Emersonn,14167933,rating-breakdown,passes,passes,,,,Toulouse,90.0,,28.3,6,38,13.7,,rating-breakdown,True,28.3,6,38,13.7,pass,True,False,,
1128844,Emersonn,14167933,rating-breakdown,passes,passes,,,,Toulouse,90.0,,37.7,91,32.5,87.5,True,rating-breakdown,True,37.7,91,32.5,87.5,pass,True,False,,
1128844,Emersonn,14167933,rating-breakdown,passes,passes,,,,Toulouse,90.0,,56.8,43.2,55.1,37,,rating-breakdown,True,56.8,43.2,55.1,37,pass,True,False,,
1128844,Emersonn,14167933,rating-breakdown,passes,passes,,,,Toulouse,90.0,,55.4,66.4,48.7,86.5,True,rating-breakdown,True,55.4,66.4,48.7,86.5,pass,True,False,,
1128844,Emersonn,14167933,rating-breakdown,passes,passes,,,,Toulouse,90.0,,81.4,84.6,77.8,92,True,rating-breakdown,True,81.4,84.6,77.8,92,pass,True,False,,
1128844,Emersonn,14167933,rating-breakdown,passes,passes,,,,Toulouse,90.0,,78.1,61.2,86.2,52.8,,rating-breakdown,True,78.1,61.2,86.2,52.8,pass,True,False,,
1128844,Emersonn,14167933,rating-breakdown,passes,passes,,,,Toulouse,90.0,,44.9,77,54.6,92.6,True,rating-breakdown,True,44.9,77,54.6,92.6,pass,True,False,,
1128844,Emersonn,14167933,rating-breakdown,passes,passes,,,,Toulouse,90.0,,71.5,61.4,78.4,75.2,True,rating-breakdown,True,71.5,61.4,78.4,75.2,pass,True,True,,
1128844,Emersonn,14167933,rating-breakdown,passes,passes,,,,Toulouse,90.0,,76.8,33.6,87.6,16.8,True,rating-breakdown,True,76.8,33.6,87.6,16.8,pass,True,False,,
1128844,Emersonn,14167933,rating-breakdown,passes,passes,,,,Toulouse,90.0,,73.4,73.2,80.6,92,True,rating-breakdown,True,73.4,73.2,80.6,92,pass,True,False,,
1128844,Emersonn,14167933,rating-breakdown,passes,passes,,,,Toulouse,90.0,,46,21.5,67.7,21.3,True,rating-breakdown,True,46,21.5,67.7,21.3,pass,True,False,,
1128844,Emersonn,14167933,rating-breakdown,passes,passes,,,,Toulouse,90.0,,54.6,46.2,60.4,26.2,True,rating-breakdown,True,54.6,46.2,60.4,26.2,pass,True,False,,
1128844,Emersonn,14167933,rating-breakdown,defensive,defensive,,,,Toulouse,90.0,,31.1,10.4,,,True,rating-breakdown,True,31.1,10.4,,,ball-recovery,True,False,,
1128844,Emersonn,14167933,rating-breakdown,defensive,defensive,,,,Toulouse,90.0,,64.2,51.4,,,True,rating-breakdown,True,64.2,51.4,,,ball-recovery,True,False,,
1128844,Emersonn,14167933,rating-breakdown,defensive,defensive,,,,Toulouse,90.0,,46.7,92.8,,,True,rating-breakdown,True,46.7,92.8,,,interception,True,False,,
1128844,Emersonn,14167933,rating-breakdown,defensive,defensive,,,,Toulouse,90.0,,5.8,43.2,26.4,40.3,True,rating-breakdown,True,5.8,43.2,26.4,40.3,clearance,True,False,,
1128844,Emersonn,14167933,rating-breakdown,defensive,defensive,,,,Toulouse,90.0,,30.9,36.4,,,True,rating-breakdown,True,30.9,36.4,,,ball-recovery,True,False,,
1128844,Emersonn,14167933,rating-breakdown,defensive,defensive,,,,Toulouse,90.0,,32.5,71.6,,,True,rating-breakdown,True,32.5,71.6,,,tackle,True,False,,
