player_id,player_name,event_id,endpoint,category,action_type,match_date,home_team,away_team,team,minutes_played_matchlog,minute,x,y,end_x,end_y,success,successful,success_flag,success_source,outcome,accurate,won,is_assist,is_key_pass,pass_subtype,_endpoint,endpoint_available,playerCoordinates_x,playerCoordinates_y,passEndCoordinates_x,passEndCoordinates_y,eventActionType,isHome,keypass,_raw_action,isLongBall
547410,Martin Ødegaard,16363633,rating-breakdown,passes,passes,,,,Arsenal,76.0,,49,13.2,44.1,39.9,True,True,1,boolean_field,success,True,,False,False,pass,rating-breakdown,True,49,13.2,44.1,39.9,pass,True,False,"{""playerCoordinates"": {""x"": 49, ""y"": 13.2}, ""passEndCoordinates"": {""x"": 44.1, ""y"": 39.9}, ""eventActionType"": ""pass"", ""isHome"": true, ""outcome"": true, ""keypass"": false}",
547410,Martin Ødegaard,16363633,rating-breakdown,passes,passes,,,,Arsenal,76.0,,31.1,71.1,23.9,61.6,True,True,1,boolean_field,success,True,,False,False,pass,rating-breakdown,True,31.1,71.1,23.9,61.6,pass,True,False,"{""playerCoordinates"": {""x"": 31.1, ""y"": 71.1}, ""passEndCoordinates"": {""x"": 23.9, ""y"": 61.6}, ""eventActionType"": ""pass"", ""isHome"": true, ""outcome"": true, ""keypass"": false}",
547410,Martin Ødegaard,16363633,rating-breakdown,passes,passes,,,,Arsenal,76.0,,36.6,57.4,33.9,72.9,True,True,1,boolean_field,success,True,,False,False,pass,rating-breakdown,True,36.6,57.4,33.9,72.9,pass,True,False,"{""playerCoordinates"": {""x"": 36.6, ""y"": 57.4}, ""passEndCoordinates"": {""x"": 33.9, ""y"": 72.9}, ""eventActionType"": ""pass"", ""isHome"": true, ""outcome"": true, ""keypass"": false}",
547410,Martin Ødegaard,16363633,rating-breakdown,passes,passes,,,,Arsenal,76.0,,61.3,69.1,73.8,94.6,True,True,1,boolean_field,success,True,,False,True,key_pass,rating-breakdown,True,61.3,69.1,73.8,94.6,pass,True,True,"{""playerCoordinates"": {""x"": 61.3, ""y"": 69.1}, ""passEndCoordinates"": {""x"": 73.8, ""y"": 94.6}, ""eventActionType"": ""pass"", ""isHome"": true, ""outcome"": true, ""keypass"": true}",
547410,Martin Ødegaard,16363633,rating-breakdown,passes,passes,,,,Arsenal,76.0,,73.7,22.3,69.8,42.7,True,True,1,boolean_field,success,True,,False,False,pass,rating-breakdown,True,73.7,22.3,69.8,42.7,pass,True,False,"{""playerCoordinates"": {""x"": 73.7, ""y"": 22.3}, ""passEndCoordinates"": {""x"": 69.8, ""y"": 42.7}, ""eventActionType"": ""pass"", ""isHome"": true, ""outcome"": true, ""keypass"": false}",
547410,Martin Ødegaard,16363633,rating-breakdown,passes,passes,,,,Arsenal,76.0,,67.6,19.8,84.3,12.1,True,True,1,boolean_field,success,True,,False,False,pass,rating-breakdown,True,67.6,19.8,84.3,12.1,pass,True,False,"{""playerCoordinates"": {""x"": 67.6, ""y"": 19.8}, ""passEndCoordinates"": {""x"": 84.3, ""y"": 12.1}, ""eventActionType"": ""pass"", ""isHome"": true, ""outcome"": true, ""keypass"": false}",
547410,Martin Ødegaard,16363633,rating-breakdown,passes,passes,,,,Arsenal,76.0,,71.2,30.3,94.7,35.7,,,,unresolvable,,,,False,False,pass,rating-breakdown,True,71.2,30.3,94.7,35.7,pass,True,False,"{""playerCoordinates"": {""x"": 71.2, ""y"": 30.3}, ""passEndCoordinates"": {""x"": 94.7, ""y"": 35.7}, ""eventActionType"": ""pass"", ""isHome"": true, ""keypass"": false}",
547410,Martin Ødegaard,16363633,rating-breakdown,passes,passes,,,,Arsenal,76.0,,88,38.7,78.9,47.5,True,True,1,boolean_field,success,True,,False,False,pass,rating-breakdown,True,88,38.7,78.9,47.5,pass,True,False,"{""playerCoordinates"": {""x"": 88, ""y"": 38.7}, ""passEndCoordinates"": {""x"": 78.9, ""y"": 47.5}, ""eventActionType"": ""pass"", ""isHome"": true, ""outcome"": true, ""keypass"": false}",
547410,Martin Ødegaard,16363633,rating-breakdown,passes,passes,,,,Arsenal,76.0,,62.7,56.2,69.1,43.2,True,True,1,boolean_field,success,True,,False,False,pass,rating-breakdown,True,62.7,56.2,69.1,43.2,pass,True,False,"{""playerCoordinates"": {""x"": 62.7, ""y"": 56.2}, ""passEndCoordinates"": {""x"": 69.1, ""y"": 43.2}, ""eventActionType"": ""pass"", ""isHome"": true, ""outcome"": true, ""keypass"": false}",
547410,Martin Ødegaard,16363633,rating-breakdown,passes,passes,,,,Arsenal,76.0,,39.6,31.9,29.2,32.5,True,True,1,boolean_field,success,True,,False,False,pass,rating-breakdown,True,39.6,31.9,29.2,32.5,pass,True,False,"{""playerCoordinates"": {""x"": 39.6, ""y"": 31.9}, ""passEndCoordinates"": {""x"": 29.2, ""y"": 32.5}, ""eventActionType"": ""pass"", ""isHome"": true, ""outcome"": true, ""keypass"": false}",
547410,Martin Ødegaard,16363633,rating-breakdown,passes,passes,,,,Arsenal,76.0,,60.4,33.9,71.4,24.6,,,,unresolvable,,,,False,False,pass,rating-breakdown,True,60.4,33.9,71.4,24.6,pass,True,False,"{""playerCoordinates"": {""x"": 60.4, ""y"": 33.9}, ""passEndCoordinates"": {""x"": 71.4, ""y"": 24.6}, ""eventActionType"": ""pass"", ""isHome"": true, ""keypass"": false}",
547410,Martin Ødegaard,16363633,rating-breakdown,passes,passes,,,,Arsenal,76.0,,69.6,71.5,81.2,95.1,True,True,1,boolean_field,success,True,,False,False,pass,rating-breakdown,True,69.6,71.5,81.2,95.1,pass,True,False,"{""playerCoordinates"": {""x"": 69.6, ""y"": 71.5}, ""passEndCoordinates"": {""x"": 81.2, ""y"": 95.1}, ""eventActionType"": ""pass"", ""isHome"": true, ""outcome"": true, ""keypass"": false}",
547410,Martin Ødegaard,16363633,rating-breakdown,passes,passes,,,,Arsenal,76.0,,43.2,43,44.2,50.5,True,True,1,boolean_field,success,True,,False,False,pass,rating-breakdown,True,43.2,43,44.2,50.5,pass,True,False,"{""playerCoordinates"": {""x"": 43.2, ""y"": 43}, ""passEndCoordinates"": {""x"": 44.2, ""y"": 50.5}, ""eventActionType"": ""pass"", ""isHome"": true, ""outcome"": true, ""keypass"": false}",
547410,Martin Ødegaard,16363633,rating-breakdown,passes,passes,,,,Arsenal,76.0,,75.6,46.8,78.4,31.5,True,True,1,boolean_field,success,True,,False,False,pass,rating-breakdown,True,75.6,46.8,78.4,31.5,pass,True,False,"{""playerCoordinates"": {""x"": 75.6, ""y"": 46.8}, ""passEndCoordinates"": {""x"": 78.4, ""y"": 31.5}, ""eventActionType"": ""pass"", ""isHome"": true, ""outcome"": true, ""keypass"": false}",
547410,Martin Ødegaard,16363633,rating-breakdown,passes,passes,,,,Arsenal,76.0,,75.8,18,69.2,16.6,True,True,1,boolean_field,success,True,,False,False,pass,rating-breakdown,True,75.8,18,69.2,16.6,pass,True,False,"{""playerCoordinates"": {""x"": 75.8, ""y"": 18}, ""passEndCoordinates"": {""x"": 69.2, ""y"": 16.6}, ""eventActionType"": ""pass"", ""isHome"": true, ""outcome"": true, ""keypass"": false}",
547410,Martin Ødegaard,16363633,rating-breakdown,passes,passes,,,,Arsenal,76.0,,80,19.3,84.4,12,True,True,1,boolean_field,success,True,,False,False,pass,rating-breakdown,True,80,19.3,84.4,12,pass,True,False,"{""playerCoordinates"": {""x"": 80, ""y"": 19.3}, ""passEndCoordinates"": {""x"": 84.4, ""y"": 12}, ""eventActionType"": ""pass"", ""isHome"": true, ""outcome"": true, ""keypass"": false}",
547410,Martin Ødegaard,16363633,rating-breakdown,passes,passes,,,,Arsenal,76.0,,73.9,16.8,83.9,7.5,True,True,1,boolean_field,success,True,,False,False,pass,rating-breakdown,True,73.9,16.8,83.9,7.5,pass,True,False,"{""playerCoordinates"": {""x"": 73.9, ""y"": 16.8}, ""passEndCoordinates"": {""x"": 83.9, ""y"": 7.5}, ""eventActionType"": ""pass"", ""isHome"": true, ""outcome"": true, ""keypass"": false}",
547410,Martin Ødegaard,16363633,rating-breakdown,passes,passes,,,,Arsenal,76.0,,68.5,24.1,60.6,57,True,True,1,boolean_field,success,True,,False,False,pass,rating-breakdown,True,68.5,24.1,60.6,57,pass,True,False,"{""playerCoordinates"": {""x"": 68.5, ""y"": 24.1}, ""passEndCoordinates"": {""x"": 60.6, ""y"": 57}, ""eventActionType"": ""pass"", ""isHome"": true, ""outcome"": true, ""keypass"": false}",
547410,Martin Ødegaard,16363633,rating-breakdown,passes,passes,,,,Arsenal,76.0,,59.7,7,51.2,17.4,True,True,1,boolean_field,success,True,,False,False,pass,rating-breakdown,True,59.7,7,51.2,17.4,pass,True,False,"{""playerCoordinates"": {""x"": 59.7, ""y"": 7}, ""passEndCoordinates"": {""x"": 51.2, ""y"": 17.4}, ""eventActionType"": ""pass"", ""isHome"": true, ""outcome"": true, ""keypass"": false}",
547410,Martin Ødegaard,16363633,rating-breakdown,passes,passes,,,,Arsenal,76.0,,55.5,9.3,44.7,52.9,True,True,1,boolean_field,success,True,,False,False,pass,rating-breakdown,True,55.5,9.3,44.7,52.9,pass,True,False,"{""playerCoordinates"": {""x"": 55.5, ""y"": 9.3}, ""passEndCoordinates"": {""x"": 44.7, ""y"": 52.9}, ""eventActionType"": ""pass"", ""isHome"": true, ""outcome"": true, ""keypass"": false}",
547410,Martin Ødegaard,16363633,rating-breakdown,passes,passes,,,,Arsenal,76.0,,84,30.6,90.5,33.3,True,True,1,boolean_field,success,True,,False,True,key_pass,rating-breakdown,True,84,30.6,90.5,33.3,pass,True,True,"{""playerCoordinates"": {""x"": 84, ""y"": 30.6}, ""passEndCoordinates"": {""x"": 90.5, ""y"": 33.3}, ""eventActionType"": ""pass"", ""isHome"": true, ""outcome"": true, ""keypass"": true}",
547410,Martin Ødegaard,16363633,rating-breakdown,passes,passes,,,,Arsenal,76.0,,66.4,79.6,66.3,55.9,True,True,1,boolean_field,success,True,,False,False,pass,rating-breakdown,True,66.4,79.6,66.3,55.9,pass,True,False,"{""playerCoordinates"": {""x"": 66.4, ""y"": 79.6}, ""passEndCoordinates"": {""x"": 66.3, ""y"": 55.9}, ""eventActionType"": ""pass"", ""isHome"": true, ""outcome"": true, ""keypass"": false}",
547410,Martin Ødegaard,16363633,rating-breakdown,passes,passes,,,,Arsenal,76.0,,81.9,23.5,93.3,60,,,,unresolvable,,,,False,False,pass,rating-breakdown,True,81.9,23.5,93.3,60,cross,True,False,"{""playerCoordinates"": {""x"": 81.9, ""y"": 23.5}, ""passEndCoordinates"": {""x"": 93.3, ""y"": 60}, ""eventActionType"": ""cross"", ""isHome"": true, ""keypass"": false}",
547410,Martin Ødegaard,16363633,rating-breakdown,passes,passes,,,,Arsenal,76.0,,66.3,24.7,58.4,29.8,True,True,1,boolean_field,success,True,,False,False,pass,rating-breakdown,True,66.3,24.7,58.4,29.8,pass,True,False,"{""playerCoordinates"": {""x"": 66.3, ""y"": 24.7}, ""passEndCoordinates"": {""x"": 58.4, ""y"": 29.8}, ""eventActionType"": ""pass"", ""isHome"": true, ""outcome"": true, ""keypass"": false}",
547410,Martin Ødegaard,16363633,rating-breakdown,passes,passes,,,,Arsenal,76.0,,95.8,25.9,93.4,49.5,,,,unresolvable,,,,False,False,pass,rating-breakdown,True,95.8,25.9,93.4,49.5,cross,True,False,"{""playerCoordinates"": {""x"": 95.8, ""y"": 25.9}, ""passEndCoordinates"": {""x"": 93.4, ""y"": 49.5}, ""eventActionType"": ""cross"", ""isHome"": true, ""keypass"": false}",
547410,Martin Ødegaard,16363633,rating-breakdown,passes,passes,,,,Arsenal,76.0,,86.2,17.7,95.1,16.2,True,True,1,boolean_field,success,True,,False,False,pass,rating-breakdown,True,86.2,17.7,95.1,16.2,pass,True,False,"{""playerCoordinates"": {""x"": 86.2, ""y"": 17.7}, ""passEndCoordinates"": {""x"": 95.1, ""y"": 16.2}, ""eventActionType"": ""pass"", ""isHome"": true, ""outcome"": true, ""keypass"": false}",
547410,Martin Ødegaard,16363633,rating-breakdown,passes,passes,,,,Arsenal,76.0,,83.7,15,93.4,16,True,True,1,boolean_field,success,True,,False,False,pass,rating-breakdown,True,83.7,15,93.4,16,pass,True,False,"{""playerCoordinates"": {""x"": 83.7, ""y"": 15}, ""passEndCoordinates"": {""x"": 93.4, ""y"": 16}, ""eventActionType"": ""pass"", ""isHome"": true, ""outcome"": true, ""keypass"": false}",
547410,Martin Ødegaard,16363633,rating-breakdown,passes,passes,,,,Arsenal,76.0,,53.6,49.8,57.4,72,True,True,1,boolean_field,success,True,,False,False,pass,rating-breakdown,True,53.6,49.8,57.4,72,pass,True,False,"{""playerCoordinates"": {""x"": 53.6, ""y"": 49.8}, ""passEndCoordinates"": {""x"": 57.4, ""y"": 72}, ""eventActionType"": ""pass"", ""isHome"": true, ""outcome"": true, ""keypass"": false}",
547410,Martin Ødegaard,16363633,rating-breakdown,passes,passes,,,,Arsenal,76.0,,75.6,27.9,83.5,12.4,True,True,1,boolean_field,success,True,,False,False,pass,rating-breakdown,True,75.6,27.9,83.5,12.4,pass,True,False,"{""playerCoordinates"": {""x"": 75.6, ""y"": 27.9}, ""passEndCoordinates"": {""x"": 83.5, ""y"": 12.4}, ""eventActionType"": ""pass"", ""isHome"": true, ""outcome"": true, ""keypass"": false}",
547410,Martin Ødegaard,16363633,rating-breakdown,passes,passes,,,,Arsenal,76.0,,64.8,93.9,65.2,71.8,True,True,1,boolean_field,success,True,,False,False,pass,rating-breakdown,True,64.8,93.9,65.2,71.8,pass,True,False,"{""playerCoordinates"": {""x"": 64.8, ""y"": 93.9}, ""passEndCoordinates"": {""x"": 65.2, ""y"": 71.8}, ""eventActionType"": ""pass"", ""isHome"": true, ""outcome"": true, ""keypass"": false}",
547410,Martin Ødegaard,16363633,rating-breakdown,passes,passes,,,,Arsenal,76.0,,68.7,33.9,74.4,7.5,True,True,1,boolean_field,success,True,,False,False,pass,rating-breakdown,True,68.7,33.9,74.4,7.5,pass,True,False,"{""playerCoordinates"": {""x"": 68.7, ""y"": 33.9}, ""passEndCoordinates"": {""x"": 74.4, ""y"": 7.5}, ""eventActionType"": ""pass"", ""isHome"": true, ""outcome"": true, ""keypass"": false}",
547410,Martin Ødegaard,16363633,rating-breakdown,passes,passes,,,,Arsenal,76.0,,80,11.1,83.6,26.2,True,True,1,boolean_field,success,True,,False,False,pass,rating-breakdown,True,80,11.1,83.6,26.2,pass,True,False,"{""playerCoordinates"": {""x"": 80, ""y"": 11.1}, ""passEndCoordinates"": {""x"": 83.6, ""y"": 26.2}, ""eventActionType"": ""pass"", ""isHome"": true, ""outcome"": true, ""keypass"": false}",
547410,Martin Ødegaard,16363633,rating-breakdown,passes,passes,,,,Arsenal,76.0,,55,19.5,47.7,65.6,True,True,1,boolean_field,success,True,,False,False,pass,rating-breakdown,True,55,19.5,47.7,65.6,pass,True,False,"{""playerCoordinates"": {""x"": 55, ""y"": 19.5}, ""passEndCoordinates"": {""x"": 47.7, ""y"": 65.6}, ""eventActionType"": ""pass"", ""isHome"": true, ""outcome"": true, ""keypass"": false, ""isLongBall"": true}",True
547410,Martin Ødegaard,16363633,rating-breakdown,passes,passes,,,,Arsenal,76.0,,53.1,48.3,58.8,27.7,True,True,1,boolean_field,success,True,,False,False,pass,rating-breakdown,True,53.1,48.3,58.8,27.7,pass,True,False,"{""playerCoordinates"": {""x"": 53.1, ""y"": 48.3}, ""passEndCoordinates"": {""x"": 58.8, ""y"": 27.7}, ""eventActionType"": ""pass"", ""isHome"": true, ""outcome"": true, ""keypass"": false}",
547410,Martin Ødegaard,16363633,rating-breakdown,passes,passes,,,,Arsenal,76.0,,74.6,21.3,88.1,17.8,,,,unresolvable,,,,False,False,pass,rating-breakdown,True,74.6,21.3,88.1,17.8,pass,True,False,"{""playerCoordinates"": {""x"": 74.6, ""y"": 21.3}, ""passEndCoordinates"": {""x"": 88.1, ""y"": 17.8}, ""eventActionType"": ""pass"", ""isHome"": true, ""keypass"": false}",
547410,Martin Ødegaard,16363633,rating-breakdown,passes,passes,,,,Arsenal,76.0,,34.9,26.8,30.8,38.8,True,True,1,boolean_field,success,True,,False,False,pass,rating-breakdown,True,34.9,26.8,30.8,38.8,pass,True,False,"{""playerCoordinates"": {""x"": 34.9, ""y"": 26.8}, ""passEndCoordinates"": {""x"": 30.8, ""y"": 38.8}, ""eventActionType"": ""pass"", ""isHome"": true, ""outcome"": true, ""keypass"": false}",
547410,Martin Ødegaard,16363633,rating-breakdown,passes,passes,,,,Arsenal,76.0,,72.3,14.1,78.9,11.2,True,True,1,boolean_field,success,True,,False,False,pass,rating-breakdown,True,72.3,14.1,78.9,11.2,pass,True,False,"{""playerCoordinates"": {""x"": 72.3, ""y"": 14.1}, ""passEndCoordinates"": {""x"": 78.9, ""y"": 11.2}, ""eventActionType"": ""pass"", ""isHome"": true, ""outcome"": true, ""keypass"": false}",
547410,Martin Ødegaard,16363633,rating-breakdown,passes,passes,,,,Arsenal,76.0,,76,20.7,75,30.4,True,True,1,boolean_field,success,True,,False,False,pass,rating-breakdown,True,76,20.7,75,30.4,pass,True,False,"{""playerCoordinates"": {""x"": 76, ""y"": 20.7}, ""passEndCoordinates"": {""x"": 75, ""y"": 30.4}, ""eventActionType"": ""pass"", ""isHome"": true, ""outcome"": true, ""keypass"": false}",
547410,Martin Ødegaard,16363633,rating-breakdown,passes,passes,,,,Arsenal,76.0,,69.9,29.3,85.3,12.3,True,True,1,boolean_field,success,True,,False,False,pass,rating-breakdown,True,69.9,29.3,85.3,12.3,pass,True,False,"{""playerCoordinates"": {""x"": 69.9, ""y"": 29.3}, ""passEndCoordinates"": {""x"": 85.3, ""y"": 12.3}, ""eventActionType"": ""pass"", ""isHome"": true, ""outcome"": true, ""keypass"": false}",
547410,Martin Ødegaard,16363633,rating-breakdown,passes,passes,,,,Arsenal,76.0,,74.9,18.2,94.6,26.2,True,True,1,boolean_field,success,True,,False,False,pass,rating-breakdown,True,74.9,18.2,94.6,26.2,pass,True,False,"{""playerCoordinates"": {""x"": 74.9, ""y"": 18.2}, ""passEndCoordinates"": {""x"": 94.6, ""y"": 26.2}, ""eventActionType"": ""pass"", ""isHome"": true, ""outcome"": true, ""keypass"": false}",
547410,Martin Ødegaard,16363633,rating-breakdown,passes,passes,,,,Arsenal,76.0,,57.5,33.6,59.1,42,True,True,1,boolean_field,success,True,,False,False,pass,rating-breakdown,True,57.5,33.6,59.1,42,pass,True,False,"{""playerCoordinates"": {""x"": 57.5, ""y"": 33.6}, ""passEndCoordinates"": {""x"": 59.1, ""y"": 42}, ""eventActionType"": ""pass"", ""isHome"": true, ""outcome"": true, ""keypass"": false}",
547410,Martin Ødegaard,16363633,rating-breakdown,passes,passes,,,,Arsenal,76.0,,61,31.6,66.2,16.8,True,True,1,boolean_field,success,True,,False,False,pass,rating-breakdown,True,61,31.6,66.2,16.8,pass,True,False,"{""playerCoordinates"": {""x"": 61, ""y"": 31.6}, ""passEndCoordinates"": {""x"": 66.2, ""y"": 16.8}, ""eventActionType"": ""pass"", ""isHome"": true, ""outcome"": true, ""keypass"": false}",
547410,Martin Ødegaard,16363633,rating-breakdown,passes,passes,,,,Arsenal,76.0,,69.1,32.1,75.5,82.2,True,True,1,boolean_field,success,True,,False,False,pass,rating-breakdown,True,69.1,32.1,75.5,82.2,pass,True,False,"{""playerCoordinates"": {""x"": 69.1, ""y"": 32.1}, ""passEndCoordinates"": {""x"": 75.5, ""y"": 82.2}, ""eventActionType"": ""pass"", ""isHome"": true, ""outcome"": true, ""keypass"": false, ""isLongBall"": true}",True
547410,Martin Ødegaard,16363633,rating-breakdown,passes,passes,,,,Arsenal,76.0,,85.5,60.3,,,True,True,1,boolean_field,success,True,,False,True,key_pass,rating-breakdown,True,85.5,60.3,,,ball-touch,True,True,"{""playerCoordinates"": {""x"": 85.5, ""y"": 60.3}, ""eventActionType"": ""ball-touch"", ""isHome"": true, ""outcome"": true, ""keypass"": true}",
547410,Martin Ødegaard,16363633,rating-breakdown,passes,passes,,,,Arsenal,76.0,,38.4,23.4,35.8,63.6,True,True,1,boolean_field,success,True,,False,False,pass,rating-breakdown,True,38.4,23.4,35.8,63.6,pass,True,False,"{""playerCoordinates"": {""x"": 38.4, ""y"": 23.4}, ""passEndCoordinates"": {""x"": 35.8, ""y"": 63.6}, ""eventActionType"": ""pass"", ""isHome"": true, ""outcome"": true, ""keypass"": false}",
547410,Martin Ødegaard,16363633,rating-breakdown,passes,passes,,,,Arsenal,76.0,,49.6,28.6,58.2,17.2,True,True,1,boolean_field,success,True,,False,False,pass,rating-breakdown,True,49.6,28.6,58.2,17.2,pass,True,False,"{""playerCoordinates"": {""x"": 49.6, ""y"": 28.6}, ""passEndCoordinates"": {""x"": 58.2, ""y"": 17.2}, ""eventActionType"": ""pass"", ""isHome"": true, ""outcome"": true, ""keypass"": false}",
547410,Martin Ødegaard,16363633,rating-breakdown,passes,passes,,,,Arsenal,76.0,,67.3,31.3,87.9,33.1,,,,unresolvable,,,,False,False,pass,rating-breakdown,True,67.3,31.3,87.9,33.1,pass,True,False,"{""playerCoordinates"": {""x"": 67.3, ""y"": 31.3}, ""passEndCoordinates"": {""x"": 87.9, ""y"": 33.1}, ""eventActionType"": ""pass"", ""isHome"": true, ""keypass"": false}",
547410,Martin Ødegaard,16363633,rating-breakdown,passes,passes,,,,Arsenal,76.0,,66.7,30.1,64.1,20.1,True,True,1,boolean_field,success,True,,False,False,pass,rating-breakdown,True,66.7,30.1,64.1,20.1,pass,True,False,"{""playerCoordinates"": {""x"": 66.7, ""y"": 30.1}, ""passEndCoordinates"": {""x"": 64.1, ""y"": 20.1}, ""eventActionType"": ""pass"", ""isHome"": true, ""outcome"": true, ""keypass"": false}",
547410,Martin Ødegaard,16363633,rating-breakdown,passes,passes,,,,Arsenal,76.0,,65.2,30.3,61.2,20.8,True,True,1,boolean_field,success,True,,False,False,pass,rating-breakdown,True,65.2,30.3,61.2,20.8,pass,True,False,"{""playerCoordinates"": {""x"": 65.2, ""y"": 30.3}, ""passEndCoordinates"": {""x"": 61.2, ""y"": 20.8}, ""eventActionType"": ""pass"", ""isHome"": true, ""outcome"": true, ""keypass"": false}",
547410,Martin Ødegaard,16363633,rating-breakdown,passes,passes,,,,Arsenal,76.0,,46.9,27,38.8,36.9,True,True,1,boolean_field,success,True,,False,False,pass,rating-breakdown,True,46.9,27,38.8,36.9,pass,True,False,"{""playerCoordinates"": {""x"": 46.9, ""y"": 27}, ""passEndCoordinates"": {""x"": 38.8, ""y"": 36.9}, ""eventActionType"": ""pass"", ""isHome"": true, ""outcome"": true, ""keypass"": false}",
547410,Martin Ødegaard,16363633,rating-breakdown,passes,passes,,,,Arsenal,76.0,,43.7,33,37.6,35.8,True,True,1,boolean_field,success,True,,False,False,pass,rating-breakdown,True,43.7,33,37.6,35.8,pass,True,False,"{""playerCoordinates"": {""x"": 43.7, ""y"": 33}, ""passEndCoordinates"": {""x"": 37.6, ""y"": 35.8}, ""eventActionType"": ""pass"", ""isHome"": true, ""outcome"": true, ""keypass"": false}",
547410,Martin Ødegaard,16363633,rating-breakdown,passes,passes,,,,Arsenal,76.0,,52.5,57.6,68.2,95.2,True,True,1,boolean_field,success,True,,False,False,pass,rating-breakdown,True,52.5,57.6,68.2,95.2,pass,True,False,"{""playerCoordinates"": {""x"": 52.5, ""y"": 57.6}, ""passEndCoordinates"": {""x"": 68.2, ""y"": 95.2}, ""eventActionType"": ""pass"", ""isHome"": true, ""outcome"": true, ""keypass"": false}",
547410,Martin Ødegaard,16363633,rating-breakdown,passes,passes,,,,Arsenal,76.0,,65.7,31.8,66,60.1,True,True,1,boolean_field,success,True,,False,False,pass,rating-breakdown,True,65.7,31.8,66,60.1,pass,True,False,"{""playerCoordinates"": {""x"": 65.7, ""y"": 31.8}, ""passEndCoordinates"": {""x"": 66, ""y"": 60.1}, ""eventActionType"": ""pass"", ""isHome"": true, ""outcome"": true, ""keypass"": false}",
547410,Martin Ødegaard,16363633,rating-breakdown,passes,passes,,,,Arsenal,76.0,,68.6,12.9,77,3.7,True,True,1,boolean_field,success,True,,False,False,pass,rating-breakdown,True,68.6,12.9,77,3.7,pass,True,False,"{""playerCoordinates"": {""x"": 68.6, ""y"": 12.9}, ""passEndCoordinates"": {""x"": 77, ""y"": 3.7}, ""eventActionType"": ""pass"", ""isHome"": true, ""outcome"": true, ""keypass"": false}",
547410,Martin Ødegaard,16363633,rating-breakdown,passes,passes,,,,Arsenal,76.0,,60.9,6.3,60.3,23.1,True,True,1,boolean_field,success,True,,False,False,pass,rating-breakdown,True,60.9,6.3,60.3,23.1,pass,True,False,"{""playerCoordinates"": {""x"": 60.9, ""y"": 6.3}, ""passEndCoordinates"": {""x"": 60.3, ""y"": 23.1}, ""eventActionType"": ""pass"", ""isHome"": true, ""outcome"": true, ""keypass"": false}",
547410,Martin Ødegaard,16363633,rating-breakdown,passes,passes,,,,Arsenal,76.0,,63,7.9,45.8,13.5,True,True,1,boolean_field,success,True,,False,False,pass,rating-breakdown,True,63,7.9,45.8,13.5,pass,True,False,"{""playerCoordinates"": {""x"": 63, ""y"": 7.9}, ""passEndCoordinates"": {""x"": 45.8, ""y"": 13.5}, ""eventActionType"": ""pass"", ""isHome"": true, ""outcome"": true, ""keypass"": false}",
547410,Martin Ødegaard,16363633,rating-breakdown,passes,passes,,,,Arsenal,76.0,,34,19.5,40.2,31,True,True,1,boolean_field,success,True,,False,False,pass,rating-breakdown,True,34,19.5,40.2,31,pass,True,False,"{""playerCoordinates"": {""x"": 34, ""y"": 19.5}, ""passEndCoordinates"": {""x"": 40.2, ""y"": 31}, ""eventActionType"": ""pass"", ""isHome"": true, ""outcome"": true, ""keypass"": false}",
547410,Martin Ødegaard,16363633,rating-breakdown,passes,passes,,,,Arsenal,76.0,,32.6,29.5,28.4,47.8,True,True,1,boolean_field,success,True,,False,False,pass,rating-breakdown,True,32.6,29.5,28.4,47.8,pass,True,False,"{""playerCoordinates"": {""x"": 32.6, ""y"": 29.5}, ""passEndCoordinates"": {""x"": 28.4, ""y"": 47.8}, ""eventActionType"": ""pass"", ""isHome"": true, ""outcome"": true, ""keypass"": false}",
547410,Martin Ødegaard,16363633,rating-breakdown,passes,passes,,,,Arsenal,76.0,,73.2,30.7,70.7,59.5,True,True,1,boolean_field,success,True,,False,False,pass,rating-breakdown,True,73.2,30.7,70.7,59.5,pass,True,False,"{""playerCoordinates"": {""x"": 73.2, ""y"": 30.7}, ""passEndCoordinates"": {""x"": 70.7, ""y"": 59.5}, ""eventActionType"": ""pass"", ""isHome"": true, ""outcome"": true, ""keypass"": false}",
547410,Martin Ødegaard,16363633,rating-breakdown,ball-carries,ball-carries,,,,Arsenal,76.0,,53.3,8.7,49,13.2,,,,unresolvable,,,,False,False,,rating-breakdown,True,53.3,8.7,49,13.2,ball-carry,True,,"{""playerCoordinates"": {""x"": 53.3, ""y"": 8.7}, ""passEndCoordinates"": {""x"": 49, ""y"": 13.2}, ""eventActionType"": ""ball-carry"", ""isHome"": true}",
547410,Martin Ødegaard,16363633,rating-breakdown,ball-carries,ball-carries,,,,Arsenal,76.0,,31,48.4,36.6,57.4,,,,unresolvable,,,,False,False,,rating-breakdown,True,31,48.4,36.6,57.4,ball-carry,True,,"{""playerCoordinates"": {""x"": 31, ""y"": 48.4}, ""passEndCoordinates"": {""x"": 36.6, ""y"": 57.4}, ""eventActionType"": ""ball-carry"", ""isHome"": true}",
547410,Martin Ødegaard,16363633,rating-breakdown,ball-carries,ball-carries,,,,Arsenal,76.0,,37,27.7,61.3,69.1,,,,unresolvable,,,,False,False,,rating-breakdown,True,37,27.7,61.3,69.1,ball-carry,True,,"{""playerCoordinates"": {""x"": 37, ""y"": 27.7}, ""passEndCoordinates"": {""x"": 61.3, ""y"": 69.1}, ""eventActionType"": ""ball-carry"", ""isHome"": true}",
547410,Martin Ødegaard,16363633,rating-breakdown,ball-carries,ball-carries,,,,Arsenal,76.0,,79.6,13.5,73.7,22.3,,,,unresolvable,,,,False,False,,rating-breakdown,True,79.6,13.5,73.7,22.3,ball-carry,True,,"{""playerCoordinates"": {""x"": 79.6, ""y"": 13.5}, ""passEndCoordinates"": {""x"": 73.7, ""y"": 22.3}, ""eventActionType"": ""ball-carry"", ""isHome"": true}",
547410,Martin Ødegaard,16363633,rating-breakdown,ball-carries,ball-carries,,,,Arsenal,76.0,,57.5,10.2,67.6,19.8,,,,unresolvable,,,,False,False,,rating-breakdown,True,57.5,10.2,67.6,19.8,ball-carry,True,,"{""playerCoordinates"": {""x"": 57.5, ""y"": 10.2}, ""passEndCoordinates"": {""x"": 67.6, ""y"": 19.8}, ""eventActionType"": ""ball-carry"", ""isHome"": true}",
547410,Martin Ødegaard,16363633,rating-breakdown,ball-carries,ball-carries,,,,Arsenal,76.0,,67.5,29.7,71.2,30.3,,,,unresolvable,,,,False,False,,rating-breakdown,True,67.5,29.7,71.2,30.3,ball-carry,True,,"{""playerCoordinates"": {""x"": 67.5, ""y"": 29.7}, ""passEndCoordinates"": {""x"": 71.2, ""y"": 30.3}, ""eventActionType"": ""ball-carry"", ""isHome"": true}",
547410,Martin Ødegaard,16363633,rating-breakdown,ball-carries,ball-carries,,,,Arsenal,76.0,,59.4,58.2,62.7,56.2,,,,unresolvable,,,,False,False,,rating-breakdown,True,59.4,58.2,62.7,56.2,ball-carry,True,,"{""playerCoordinates"": {""x"": 59.4, ""y"": 58.2}, ""passEndCoordinates"": {""x"": 62.7, ""y"": 56.2}, ""eventActionType"": ""ball-carry"", ""isHome"": true}",
547410,Martin Ødegaard,16363633,rating-breakdown,ball-carries,ball-carries,,,,Arsenal,76.0,,59.4,39.4,60.4,33.9,,,,unresolvable,,,,False,False,,rating-breakdown,True,59.4,39.4,60.4,33.9,ball-carry,True,,"{""playerCoordinates"": {""x"": 59.4, ""y"": 39.4}, ""passEndCoordinates"": {""x"": 60.4, ""y"": 33.9}, ""eventActionType"": ""ball-carry"", ""isHome"": true}",
547410,Martin Ødegaard,16363633,rating-breakdown,ball-carries,ball-carries,,,,Arsenal,76.0,,46,50.5,53.2,45.6,,,,unresolvable,,,,False,False,,rating-breakdown,True,46,50.5,53.2,45.6,ball-carry,True,,"{""playerCoordinates"": {""x"": 46, ""y"": 50.5}, ""passEndCoordinates"": {""x"": 53.2, ""y"": 45.6}, ""eventActionType"": ""ball-carry"", ""isHome"": true}",
547410,Martin Ødegaard,16363633,rating-breakdown,ball-carries,ball-carries,,,,Arsenal,76.0,,77.6,28.9,75.6,46.8,,,,unresolvable,,,,False,False,,rating-breakdown,True,77.6,28.9,75.6,46.8,ball-carry,True,,"{""playerCoordinates"": {""x"": 77.6, ""y"": 28.9}, ""passEndCoordinates"": {""x"": 75.6, ""y"": 46.8}, ""eventActionType"": ""ball-carry"", ""isHome"": true}",
547410,Martin Ødegaard,16363633,rating-breakdown,ball-carries,ball-carries,,,,Arsenal,76.0,,75.4,22.8,75.8,18,,,,unresolvable,,,,False,False,,rating-breakdown,True,75.4,22.8,75.8,18,ball-carry,True,,"{""playerCoordinates"": {""x"": 75.4, ""y"": 22.8}, ""passEndCoordinates"": {""x"": 75.8, ""y"": 18}, ""eventActionType"": ""ball-carry"", ""isHome"": true}",
547410,Martin Ødegaard,16363633,rating-breakdown,ball-carries,ball-carries,,,,Arsenal,76.0,,73.1,12.9,68.5,24.1,,,,unresolvable,,,,False,False,,rating-breakdown,True,73.1,12.9,68.5,24.1,ball-carry,True,,"{""playerCoordinates"": {""x"": 73.1, ""y"": 12.9}, ""passEndCoordinates"": {""x"": 68.5, ""y"": 24.1}, ""eventActionType"": ""ball-carry"", ""isHome"": true}",
547410,Martin Ødegaard,16363633,rating-breakdown,ball-carries,ball-carries,,,,Arsenal,76.0,,58.7,3.4,55.5,9.3,,,,unresolvable,,,,False,False,,rating-breakdown,True,58.7,3.4,55.5,9.3,ball-carry,True,,"{""playerCoordinates"": {""x"": 58.7, ""y"": 3.4}, ""passEndCoordinates"": {""x"": 55.5, ""y"": 9.3}, ""eventActionType"": ""ball-carry"", ""isHome"": true}",
547410,Martin Ødegaard,16363633,rating-breakdown,ball-carries,ball-carries,,,,Arsenal,76.0,,81.8,25.6,79.8,29.4,,,,unresolvable,,,,False,False,,rating-breakdown,True,81.8,25.6,79.8,29.4,ball-carry,True,,"{""playerCoordinates"": {""x"": 81.8, ""y"": 25.6}, ""passEndCoordinates"": {""x"": 79.8, ""y"": 29.4}, ""eventActionType"": ""ball-carry"", ""isHome"": true}",
547410,Martin Ødegaard,16363633,rating-breakdown,ball-carries,ball-carries,,,,Arsenal,76.0,,75,33,75.6,27.9,,,,unresolvable,,,,False,False,,rating-breakdown,True,75,33,75.6,27.9,ball-carry,True,,"{""playerCoordinates"": {""x"": 75, ""y"": 33}, ""passEndCoordinates"": {""x"": 75.6, ""y"": 27.9}, ""eventActionType"": ""ball-carry"", ""isHome"": true}",
547410,Martin Ødegaard,16363633,rating-breakdown,ball-carries,ball-carries,,,,Arsenal,76.0,,55.7,15.9,54.6,20.1,,,,unresolvable,,,,False,False,,rating-breakdown,True,55.7,15.9,54.6,20.1,ball-carry,True,,"{""playerCoordinates"": {""x"": 55.7, ""y"": 15.9}, ""passEndCoordinates"": {""x"": 54.6, ""y"": 20.1}, ""eventActionType"": ""ball-carry"", ""isHome"": true}",
547410,Martin Ødegaard,16363633,rating-breakdown,ball-carries,ball-carries,,,,Arsenal,76.0,,48.9,51.9,53.1,48.3,,,,unresolvable,,,,False,False,,rating-breakdown,True,48.9,51.9,53.1,48.3,ball-carry,True,,"{""playerCoordinates"": {""x"": 48.9, ""y"": 51.9}, ""passEndCoordinates"": {""x"": 53.1, ""y"": 48.3}, ""eventActionType"": ""ball-carry"", ""isHome"": true}",
547410,Martin Ødegaard,16363633,rating-breakdown,ball-carries,ball-carries,,,,Arsenal,76.0,,28.5,21.1,34.9,26.8,,,,unresolvable,,,,False,False,,rating-breakdown,True,28.5,21.1,34.9,26.8,ball-carry,True,,"{""playerCoordinates"": {""x"": 28.5, ""y"": 21.1}, ""passEndCoordinates"": {""x"": 34.9, ""y"": 26.8}, ""eventActionType"": ""ball-carry"", ""isHome"": true}",
547410,Martin Ødegaard,16363633,rating-breakdown,ball-carries,ball-carries,,,,Arsenal,76.0,,52.6,38.4,57.5,33.6,,,,unresolvable,,,,False,False,,rating-breakdown,True,52.6,38.4,57.5,33.6,ball-carry,True,,"{""playerCoordinates"": {""x"": 52.6, ""y"": 38.4}, ""passEndCoordinates"": {""x"": 57.5, ""y"": 33.6}, ""eventActionType"": ""ball-carry"", ""isHome"": true}",
547410,Martin Ødegaard,16363633,rating-breakdown,ball-carries,ball-carries,,,,Arsenal,76.0,,65.2,26.1,69.1,32.1,,,,unresolvable,,,,False,False,,rating-breakdown,True,65.2,26.1,69.1,32.1,ball-carry,True,,"{""playerCoordinates"": {""x"": 65.2, ""y"": 26.1}, ""passEndCoordinates"": {""x"": 69.1, ""y"": 32.1}, ""eventActionType"": ""ball-carry"", ""isHome"": true}",
547410,Martin Ødegaard,16363633,rating-breakdown,ball-carries,ball-carries,,,,Arsenal,76.0,,44.2,18.1,49.6,28.6,,,,unresolvable,,,,False,False,,rating-breakdown,True,44.2,18.1,49.6,28.6,ball-carry,True,,"{""playerCoordinates"": {""x"": 44.2, ""y"": 18.1}, ""passEndCoordinates"": {""x"": 49.6, ""y"": 28.6}, ""eventActionType"": ""ball-carry"", ""isHome"": true}",
547410,Martin Ødegaard,16363633,rating-breakdown,ball-carries,ball-carries,,,,Arsenal,76.0,,38.8,44.5,52.5,57.6,,,,unresolvable,,,,False,False,,rating-breakdown,True,38.8,44.5,52.5,57.6,ball-carry,True,,"{""playerCoordinates"": {""x"": 38.8, ""y"": 44.5}, ""passEndCoordinates"": {""x"": 52.5, ""y"": 57.6}, ""eventActionType"": ""ball-carry"", ""isHome"": true}",
547410,Martin Ødegaard,16363633,rating-breakdown,ball-carries,ball-carries,,,,Arsenal,76.0,,60.8,26.7,65.7,31.8,,,,unresolvable,,,,False,False,,rating-breakdown,True,60.8,26.7,65.7,31.8,ball-carry,True,,"{""playerCoordinates"": {""x"": 60.8, ""y"": 26.7}, ""passEndCoordinates"": {""x"": 65.7, ""y"": 31.8}, ""eventActionType"": ""ball-carry"", ""isHome"": true}",
547410,Martin Ødegaard,16363633,rating-breakdown,ball-carries,ball-carries,,,,Arsenal,76.0,,62,9.1,68.6,12.9,,,,unresolvable,,,,False,False,,rating-breakdown,True,62,9.1,68.6,12.9,ball-carry,True,,"{""playerCoordinates"": {""x"": 62, ""y"": 9.1}, ""passEndCoordinates"": {""x"": 68.6, ""y"": 12.9}, ""eventActionType"": ""ball-carry"", ""isHome"": true}",
547410,Martin Ødegaard,16363633,rating-breakdown,ball-carries,ball-carries,,,,Arsenal,76.0,,57.4,5.5,60.9,6.3,,,,unresolvable,,,,False,False,,rating-breakdown,True,57.4,5.5,60.9,6.3,ball-carry,True,,"{""playerCoordinates"": {""x"": 57.4, ""y"": 5.5}, ""passEndCoordinates"": {""x"": 60.9, ""y"": 6.3}, ""eventActionType"": ""ball-carry"", ""isHome"": true}",
547410,Martin Ødegaard,16363633,rating-breakdown,ball-carries,ball-carries,,,,Arsenal,76.0,,69.1,14.4,73.2,30.7,,,,unresolvable,,,,False,False,,rating-breakdown,True,69.1,14.4,73.2,30.7,ball-carry,True,,"{""playerCoordinates"": {""x"": 69.1, ""y"": 14.4}, ""passEndCoordinates"": {""x"": 73.2, ""y"": 30.7}, ""eventActionType"": ""ball-carry"", ""isHome"": true}",
547410,Martin Ødegaard,16363633,rating-breakdown,defensive,defensive,,,,Arsenal,76.0,,25.2,78.2,,,,,,unresolvable,,,,False,False,,rating-breakdown,True,25.2,78.2,,,tackle,True,False,"{""playerCoordinates"": {""x"": 25.2, ""y"": 78.2}, ""eventActionType"": ""tackle"", ""isHome"": true, ""keypass"": false}",
547410,Martin Ødegaard,16363633,rating-breakdown,defensive,defensive,,,,Arsenal,76.0,,39.6,31.9,,,True,True,1,boolean_field,success,,True,False,False,,rating-breakdown,True,39.6,31.9,,,ball-recovery,True,False,"{""playerCoordinates"": {""x"": 39.6, ""y"": 31.9}, ""eventActionType"": ""ball-recovery"", ""isHome"": true, ""outcome"": true, ""keypass"": false}",
547410,Martin Ødegaard,16363633,rating-breakdown,defensive,defensive,,,,Arsenal,76.0,,14,42.9,22.7,50.7,True,True,1,boolean_field,success,,True,False,False,,rating-breakdown,True,14,42.9,22.7,50.7,clearance,True,False,"{""playerCoordinates"": {""x"": 14, ""y"": 42.9}, ""passEndCoordinates"": {""x"": 22.7, ""y"": 50.7}, ""eventActionType"": ""clearance"", ""isHome"": true, ""outcome"": true, ""keypass"": false}",
547410,Martin Ødegaard,16363633,rating-breakdown,defensive,defensive,,,,Arsenal,76.0,,87,36,,,True,True,1,boolean_field,success,,True,False,False,,rating-breakdown,True,87,36,,,tackle,True,False,"{""playerCoordinates"": {""x"": 87, ""y"": 36}, ""eventActionType"": ""tackle"", ""isHome"": true, ""outcome"": true, ""keypass"": false}",
547410,Martin Ødegaard,16363633,rating-breakdown,defensive,defensive,,,,Arsenal,76.0,,75.4,8.2,,,True,True,1,boolean_field,success,,True,False,False,,rating-breakdown,True,75.4,8.2,,,tackle,True,False,"{""playerCoordinates"": {""x"": 75.4, ""y"": 8.2}, ""eventActionType"": ""tackle"", ""isHome"": true, ""outcome"": true, ""keypass"": false}",
547410,Martin Ødegaard,16363633,rating-breakdown,defensive,defensive,,,,Arsenal,76.0,,80,11.1,,,True,True,1,boolean_field,success,,True,False,False,,rating-breakdown,True,80,11.1,,,ball-recovery,True,False,"{""playerCoordinates"": {""x"": 80, ""y"": 11.1}, ""eventActionType"": ""ball-recovery"", ""isHome"": true, ""outcome"": true, ""keypass"": false}",
547410,Martin Ødegaard,16363633,rating-breakdown,defensive,defensive,,,,Arsenal,76.0,,57,6,,,True,True,1,boolean_field,success,,True,False,False,,rating-breakdown,True,57,6,,,ball-recovery,True,False,"{""playerCoordinates"": {""x"": 57, ""y"": 6}, ""eventActionType"": ""ball-recovery"", ""isHome"": true, ""outcome"": true, ""keypass"": false}",
547410,Martin Ødegaard,16363633,rating-breakdown,defensive,defensive,,,,Arsenal,76.0,,57.4,5.5,,,True,True,1,boolean_field,success,,True,False,False,,rating-breakdown,True,57.4,5.5,,,ball-recovery,True,False,"{""playerCoordinates"": {""x"": 57.4, ""y"": 5.5}, ""eventActionType"": ""ball-recovery"", ""isHome"": true, ""outcome"": true, ""keypass"": false}",
547410,Martin Ødegaard,16363245,rating-breakdown,passes,passes,,,,Arsenal,71.0,,55.4,46.6,61.6,4.7,True,True,1,boolean_field,success,True,,False,False,pass,rating-breakdown,True,55.4,46.6,61.6,4.7,pass,False,False,"{""playerCoordinates"": {""x"": 55.4, ""y"": 46.6}, ""passEndCoordinates"": {""x"": 61.6, ""y"": 4.7}, ""eventActionType"": ""pass"", ""isHome"": false, ""outcome"": true, ""keypass"": false}",
547410,Martin Ødegaard,16363245,rating-breakdown,passes,passes,,,,Arsenal,71.0,,60.3,6.2,55.3,5.8,True,True,1,boolean_field,success,True,,False,False,pass,rating-breakdown,True,60.3,6.2,55.3,5.8,pass,False,False,"{""playerCoordinates"": {""x"": 60.3, ""y"": 6.2}, ""passEndCoordinates"": {""x"": 55.3, ""y"": 5.8}, ""eventActionType"": ""pass"", ""isHome"": false, ""outcome"": true, ""keypass"": false}",
547410,Martin Ødegaard,16363245,rating-breakdown,passes,passes,,,,Arsenal,71.0,,75.9,18.6,94.8,23,,,,unresolvable,,,,False,False,pass,rating-breakdown,True,75.9,18.6,94.8,23,pass,False,False,"{""playerCoordinates"": {""x"": 75.9, ""y"": 18.6}, ""passEndCoordinates"": {""x"": 94.8, ""y"": 23}, ""eventActionType"": ""pass"", ""isHome"": false, ""keypass"": false}",
547410,Martin Ødegaard,16363245,rating-breakdown,passes,passes,,,,Arsenal,71.0,,60.4,37.4,60.7,48,True,True,1,boolean_field,success,True,,False,False,pass,rating-breakdown,True,60.4,37.4,60.7,48,pass,False,False,"{""playerCoordinates"": {""x"": 60.4, ""y"": 37.4}, ""passEndCoordinates"": {""x"": 60.7, ""y"": 48}, ""eventActionType"": ""pass"", ""isHome"": false, ""outcome"": true, ""keypass"": false}",
547410,Martin Ødegaard,16363245,rating-breakdown,passes,passes,,,,Arsenal,71.0,,81.4,13.4,75.9,15.2,True,True,1,boolean_field,success,True,,False,False,pass,rating-breakdown,True,81.4,13.4,75.9,15.2,pass,False,False,"{""playerCoordinates"": {""x"": 81.4, ""y"": 13.4}, ""passEndCoordinates"": {""x"": 75.9, ""y"": 15.2}, ""eventActionType"": ""pass"", ""isHome"": false, ""outcome"": true, ""keypass"": false}",
547410,Martin Ødegaard,16363245,rating-breakdown,passes,passes,,,,Arsenal,71.0,,70.8,30.3,61.8,34.2,True,True,1,boolean_field,success,True,,False,False,pass,rating-breakdown,True,70.8,30.3,61.8,34.2,pass,False,False,"{""playerCoordinates"": {""x"": 70.8, ""y"": 30.3}, ""passEndCoordinates"": {""x"": 61.8, ""y"": 34.2}, ""eventActionType"": ""pass"", ""isHome"": false, ""outcome"": true, ""keypass"": false}",
547410,Martin Ødegaard,16363245,rating-breakdown,passes,passes,,,,Arsenal,71.0,,69.7,28,100,21.4,,,,unresolvable,,,,False,False,pass,rating-breakdown,True,69.7,28,100,21.4,pass,False,False,"{""playerCoordinates"": {""x"": 69.7, ""y"": 28}, ""passEndCoordinates"": {""x"": 100, ""y"": 21.4}, ""eventActionType"": ""pass"", ""isHome"": false, ""keypass"": false, ""isLongBall"": true}",True
547410,Martin Ødegaard,16363245,rating-breakdown,passes,passes,,,,Arsenal,71.0,,53.1,65.4,39,64.4,True,True,1,boolean_field,success,True,,False,False,pass,rating-breakdown,True,53.1,65.4,39,64.4,pass,False,False,"{""playerCoordinates"": {""x"": 53.1, ""y"": 65.4}, ""passEndCoordinates"": {""x"": 39, ""y"": 64.4}, ""eventActionType"": ""pass"", ""isHome"": false, ""outcome"": true, ""keypass"": false}",
547410,Martin Ødegaard,16363245,rating-breakdown,passes,passes,,,,Arsenal,71.0,,87.8,27.3,90.3,28.3,True,True,1,boolean_field,success,True,,False,False,pass,rating-breakdown,True,87.8,27.3,90.3,28.3,pass,False,False,"{""playerCoordinates"": {""x"": 87.8, ""y"": 27.3}, ""passEndCoordinates"": {""x"": 90.3, ""y"": 28.3}, ""eventActionType"": ""pass"", ""isHome"": false, ""outcome"": true, ""keypass"": false}",
547410,Martin Ødegaard,16363245,rating-breakdown,passes,passes,,,,Arsenal,71.0,,47.7,23.5,66.5,4.1,True,True,1,boolean_field,success,True,,False,False,pass,rating-breakdown,True,47.7,23.5,66.5,4.1,pass,False,False,"{""playerCoordinates"": {""x"": 47.7, ""y"": 23.5}, ""passEndCoordinates"": {""x"": 66.5, ""y"": 4.1}, ""eventActionType"": ""pass"", ""isHome"": false, ""outcome"": true, ""keypass"": false}",
547410,Martin Ødegaard,16363245,rating-breakdown,passes,passes,,,,Arsenal,71.0,,61.3,32.6,61.6,64.4,True,True,1,boolean_field,success,True,,False,False,pass,rating-breakdown,True,61.3,32.6,61.6,64.4,pass,False,False,"{""playerCoordinates"": {""x"": 61.3, ""y"": 32.6}, ""passEndCoordinates"": {""x"": 61.6, ""y"": 64.4}, ""eventActionType"": ""pass"", ""isHome"": false, ""outcome"": true, ""keypass"": false}",
547410,Martin Ødegaard,16363245,rating-breakdown,passes,passes,,,,Arsenal,71.0,,46.1,51.4,44,41,True,True,1,boolean_field,success,True,,False,False,pass,rating-breakdown,True,46.1,51.4,44,41,pass,False,False,"{""playerCoordinates"": {""x"": 46.1, ""y"": 51.4}, ""passEndCoordinates"": {""x"": 44, ""y"": 41}, ""eventActionType"": ""pass"", ""isHome"": false, ""outcome"": true, ""keypass"": false}",
547410,Martin Ødegaard,16363245,rating-breakdown,passes,passes,,,,Arsenal,71.0,,57,19.1,51.6,63.3,True,True,1,boolean_field,success,True,,False,False,pass,rating-breakdown,True,57,19.1,51.6,63.3,pass,False,False,"{""playerCoordinates"": {""x"": 57, ""y"": 19.1}, ""passEndCoordinates"": {""x"": 51.6, ""y"": 63.3}, ""eventActionType"": ""pass"", ""isHome"": false, ""outcome"": true, ""keypass"": false}",
547410,Martin Ødegaard,16363245,rating-breakdown,passes,passes,,,,Arsenal,71.0,,57.7,11.8,68.1,2.2,True,True,1,boolean_field,success,True,,False,False,pass,rating-breakdown,True,57.7,11.8,68.1,2.2,pass,False,False,"{""playerCoordinates"": {""x"": 57.7, ""y"": 11.8}, ""passEndCoordinates"": {""x"": 68.1, ""y"": 2.2}, ""eventActionType"": ""pass"", ""isHome"": false, ""outcome"": true, ""keypass"": false}",
547410,Martin Ødegaard,16363245,rating-breakdown,passes,passes,,,,Arsenal,71.0,,55.7,17.7,56.6,48.4,True,True,1,boolean_field,success,True,,False,False,pass,rating-breakdown,True,55.7,17.7,56.6,48.4,pass,False,False,"{""playerCoordinates"": {""x"": 55.7, ""y"": 17.7}, ""passEndCoordinates"": {""x"": 56.6, ""y"": 48.4}, ""eventActionType"": ""pass"", ""isHome"": false, ""outcome"": true, ""keypass"": false}",
547410,Martin Ødegaard,16363245,rating-breakdown,passes,passes,,,,Arsenal,71.0,,59,12.4,53.7,5,True,True,1,boolean_field,success,True,,False,False,pass,rating-breakdown,True,59,12.4,53.7,5,pass,False,False,"{""playerCoordinates"": {""x"": 59, ""y"": 12.4}, ""passEndCoordinates"": {""x"": 53.7, ""y"": 5}, ""eventActionType"": ""pass"", ""isHome"": false, ""outcome"": true, ""keypass"": false}",
547410,Martin Ødegaard,16363245,rating-breakdown,passes,passes,,,,Arsenal,71.0,,38.7,12.1,53.5,3.1,True,True,1,boolean_field,success,True,,False,False,pass,rating-breakdown,True,38.7,12.1,53.5,3.1,pass,False,False,"{""playerCoordinates"": {""x"": 38.7, ""y"": 12.1}, ""passEndCoordinates"": {""x"": 53.5, ""y"": 3.1}, ""eventActionType"": ""pass"", ""isHome"": false, ""outcome"": true, ""keypass"": false}",
547410,Martin Ødegaard,16363245,rating-breakdown,passes,passes,,,,Arsenal,71.0,,37.4,20.8,35.4,73.4,True,True,1,boolean_field,success,True,,False,False,pass,rating-breakdown,True,37.4,20.8,35.4,73.4,pass,False,False,"{""playerCoordinates"": {""x"": 37.4, ""y"": 20.8}, ""passEndCoordinates"": {""x"": 35.4, ""y"": 73.4}, ""eventActionType"": ""pass"", ""isHome"": false, ""outcome"": true, ""keypass"": false, ""isLongBall"": true}",True
547410,Martin Ødegaard,16363245,rating-breakdown,passes,passes,,,,Arsenal,71.0,,64.1,19.4,75.9,0,,,,unresolvable,,,,False,False,pass,rating-breakdown,True,64.1,19.4,75.9,0,pass,False,False,"{""playerCoordinates"": {""x"": 64.1, ""y"": 19.4}, ""passEndCoordinates"": {""x"": 75.9, ""y"": 0}, ""eventActionType"": ""pass"", ""isHome"": false, ""keypass"": false}",
547410,Martin Ødegaard,16363245,rating-breakdown,passes,passes,,,,Arsenal,71.0,,59.5,21.9,72,36.8,True,True,1,boolean_field,success,True,,False,False,pass,rating-breakdown,True,59.5,21.9,72,36.8,pass,False,False,"{""playerCoordinates"": {""x"": 59.5, ""y"": 21.9}, ""passEndCoordinates"": {""x"": 72, ""y"": 36.8}, ""eventActionType"": ""pass"", ""isHome"": false, ""outcome"": true, ""keypass"": false}",
547410,Martin Ødegaard,16363245,rating-breakdown,passes,passes,,,,Arsenal,71.0,,70.9,63.5,94.6,32.5,True,True,1,boolean_field,success,True,,False,False,pass,rating-breakdown,True,70.9,63.5,94.6,32.5,pass,False,False,"{""playerCoordinates"": {""x"": 70.9, ""y"": 63.5}, ""passEndCoordinates"": {""x"": 94.6, ""y"": 32.5}, ""eventActionType"": ""pass"", ""isHome"": false, ""outcome"": true, ""keypass"": false, ""isLongBall"": true}",True
547410,Martin Ødegaard,16363245,rating-breakdown,passes,passes,,,,Arsenal,71.0,,65.1,24.1,58.3,21.3,True,True,1,boolean_field,success,True,,False,False,pass,rating-breakdown,True,65.1,24.1,58.3,21.3,pass,False,False,"{""playerCoordinates"": {""x"": 65.1, ""y"": 24.1}, ""passEndCoordinates"": {""x"": 58.3, ""y"": 21.3}, ""eventActionType"": ""pass"", ""isHome"": false, ""outcome"": true, ""keypass"": false}",
547410,Martin Ødegaard,16363245,rating-breakdown,passes,passes,,,,Arsenal,71.0,,46.5,27.8,38.3,41.8,True,True,1,boolean_field,success,True,,False,False,pass,rating-breakdown,True,46.5,27.8,38.3,41.8,pass,False,False,"{""playerCoordinates"": {""x"": 46.5, ""y"": 27.8}, ""passEndCoordinates"": {""x"": 38.3, ""y"": 41.8}, ""eventActionType"": ""pass"", ""isHome"": false, ""outcome"": true, ""keypass"": false}",
547410,Martin Ødegaard,16363245,rating-breakdown,passes,passes,,,,Arsenal,71.0,,80.3,7.5,86,1.3,True,True,1,boolean_field,success,True,,False,False,pass,rating-breakdown,True,80.3,7.5,86,1.3,pass,False,False,"{""playerCoordinates"": {""x"": 80.3, ""y"": 7.5}, ""passEndCoordinates"": {""x"": 86, ""y"": 1.3}, ""eventActionType"": ""pass"", ""isHome"": false, ""outcome"": true, ""keypass"": false}",
547410,Martin Ødegaard,16363245,rating-breakdown,passes,passes,,,,Arsenal,71.0,,68.8,89.4,60.7,76.5,True,True,1,boolean_field,success,True,,False,False,pass,rating-breakdown,True,68.8,89.4,60.7,76.5,pass,False,False,"{""playerCoordinates"": {""x"": 68.8, ""y"": 89.4}, ""passEndCoordinates"": {""x"": 60.7, ""y"": 76.5}, ""eventActionType"": ""pass"", ""isHome"": false, ""outcome"": true, ""keypass"": false}",
547410,Martin Ødegaard,16363245,rating-breakdown,passes,passes,,,,Arsenal,71.0,,69.4,82.9,89.2,58.8,,,,unresolvable,,,,False,False,pass,rating-breakdown,True,69.4,82.9,89.2,58.8,cross,False,False,"{""playerCoordinates"": {""x"": 69.4, ""y"": 82.9}, ""passEndCoordinates"": {""x"": 89.2, ""y"": 58.8}, ""eventActionType"": ""cross"", ""isHome"": false, ""keypass"": false}",
547410,Martin Ødegaard,16363245,rating-breakdown,passes,passes,,,,Arsenal,71.0,,14.6,15.2,5.2,29.4,True,True,1,boolean_field,success,True,,False,False,pass,rating-breakdown,True,14.6,15.2,5.2,29.4,pass,False,False,"{""playerCoordinates"": {""x"": 14.6, ""y"": 15.2}, ""passEndCoordinates"": {""x"": 5.2, ""y"": 29.4}, ""eventActionType"": ""pass"", ""isHome"": false, ""outcome"": true, ""keypass"": false}",
547410,Martin Ødegaard,16363245,rating-breakdown,passes,passes,,,,Arsenal,71.0,,55.3,66.5,58.6,81.4,True,True,1,boolean_field,success,True,,False,False,pass,rating-breakdown,True,55.3,66.5,58.6,81.4,pass,False,False,"{""playerCoordinates"": {""x"": 55.3, ""y"": 66.5}, ""passEndCoordinates"": {""x"": 58.6, ""y"": 81.4}, ""eventActionType"": ""pass"", ""isHome"": false, ""outcome"": true, ""keypass"": false}",
547410,Martin Ødegaard,16363245,rating-breakdown,passes,passes,,,,Arsenal,71.0,,62.5,71.7,61.5,86.8,True,True,1,boolean_field,success,True,,False,False,pass,rating-breakdown,True,62.5,71.7,61.5,86.8,pass,False,False,"{""playerCoordinates"": {""x"": 62.5, ""y"": 71.7}, ""passEndCoordinates"": {""x"": 61.5, ""y"": 86.8}, ""eventActionType"": ""pass"", ""isHome"": false, ""outcome"": true, ""keypass"": false}",
547410,Martin Ødegaard,16363245,rating-breakdown,passes,passes,,,,Arsenal,71.0,,33.8,43.9,37.9,74.7,True,True,1,boolean_field,success,True,,False,False,pass,rating-breakdown,True,33.8,43.9,37.9,74.7,pass,False,False,"{""playerCoordinates"": {""x"": 33.8, ""y"": 43.9}, ""passEndCoordinates"": {""x"": 37.9, ""y"": 74.7}, ""eventActionType"": ""pass"", ""isHome"": false, ""outcome"": true, ""keypass"": false}",
547410,Martin Ødegaard,16363245,rating-breakdown,passes,passes,,,,Arsenal,71.0,,82.5,10.4,79.6,7.6,True,True,1,boolean_field,success,True,,False,False,pass,rating-breakdown,True,82.5,10.4,79.6,7.6,pass,False,False,"{""playerCoordinates"": {""x"": 82.5, ""y"": 10.4}, ""passEndCoordinates"": {""x"": 79.6, ""y"": 7.6}, ""eventActionType"": ""pass"", ""isHome"": false, ""outcome"": true, ""keypass"": false}",
547410,Martin Ødegaard,16363245,rating-breakdown,passes,passes,,,,Arsenal,71.0,,76.1,14.8,87.6,75.6,True,True,1,boolean_field,success,True,,False,False,pass,rating-breakdown,True,76.1,14.8,87.6,75.6,pass,False,False,"{""playerCoordinates"": {""x"": 76.1, ""y"": 14.8}, ""passEndCoordinates"": {""x"": 87.6, ""y"": 75.6}, ""eventActionType"": ""pass"", ""isHome"": false, ""outcome"": true, ""keypass"": false, ""isLongBall"": true}",True
547410,Martin Ødegaard,16363245,rating-breakdown,passes,passes,,,,Arsenal,71.0,,74,76.7,70.8,64.3,True,True,1,boolean_field,success,True,,False,False,pass,rating-breakdown,True,74,76.7,70.8,64.3,pass,False,False,"{""playerCoordinates"": {""x"": 74, ""y"": 76.7}, ""passEndCoordinates"": {""x"": 70.8, ""y"": 64.3}, ""eventActionType"": ""pass"", ""isHome"": false, ""outcome"": true, ""keypass"": false}",
547410,Martin Ødegaard,16363245,rating-breakdown,passes,passes,,,,Arsenal,71.0,,55.1,19.7,64.7,2.2,True,True,1,boolean_field,success,True,,False,False,pass,rating-breakdown,True,55.1,19.7,64.7,2.2,pass,False,False,"{""playerCoordinates"": {""x"": 55.1, ""y"": 19.7}, ""passEndCoordinates"": {""x"": 64.7, ""y"": 2.2}, ""eventActionType"": ""pass"", ""isHome"": false, ""outcome"": true, ""keypass"": false}",
547410,Martin Ødegaard,16363245,rating-breakdown,passes,passes,,,,Arsenal,71.0,,60.9,49.8,66.9,70.8,True,True,1,boolean_field,success,True,,False,False,pass,rating-breakdown,True,60.9,49.8,66.9,70.8,pass,False,False,"{""playerCoordinates"": {""x"": 60.9, ""y"": 49.8}, ""passEndCoordinates"": {""x"": 66.9, ""y"": 70.8}, ""eventActionType"": ""pass"", ""isHome"": false, ""outcome"": true, ""keypass"": false}",
547410,Martin Ødegaard,16363245,rating-breakdown,passes,passes,,,,Arsenal,71.0,,65.5,67.7,72.4,95.2,True,True,1,boolean_field,success,True,,False,False,pass,rating-breakdown,True,65.5,67.7,72.4,95.2,pass,False,False,"{""playerCoordinates"": {""x"": 65.5, ""y"": 67.7}, ""passEndCoordinates"": {""x"": 72.4, ""y"": 95.2}, ""eventActionType"": ""pass"", ""isHome"": false, ""outcome"": true, ""keypass"": false}",
547410,Martin Ødegaard,16363245,rating-breakdown,passes,passes,,,,Arsenal,71.0,,64.4,9.3,57.3,3.7,True,True,1,boolean_field,success,True,,False,False,pass,rating-breakdown,True,64.4,9.3,57.3,3.7,pass,False,False,"{""playerCoordinates"": {""x"": 64.4, ""y"": 9.3}, ""passEndCoordinates"": {""x"": 57.3, ""y"": 3.7}, ""eventActionType"": ""pass"", ""isHome"": false, ""outcome"": true, ""keypass"": false}",
547410,Martin Ødegaard,16363245,rating-breakdown,passes,passes,,,,Arsenal,71.0,,39.9,50.9,37.4,29.4,True,True,1,boolean_field,success,True,,False,False,pass,rating-breakdown,True,39.9,50.9,37.4,29.4,pass,False,False,"{""playerCoordinates"": {""x"": 39.9, ""y"": 50.9}, ""passEndCoordinates"": {""x"": 37.4, ""y"": 29.4}, ""eventActionType"": ""pass"", ""isHome"": false, ""outcome"": true, ""keypass"": false}",
547410,Martin Ødegaard,16363245,rating-breakdown,passes,passes,,,,Arsenal,71.0,,45.6,21,40.1,11.2,True,True,1,boolean_field,success,True,,False,False,pass,rating-breakdown,True,45.6,21,40.1,11.2,pass,False,False,"{""playerCoordinates"": {""x"": 45.6, ""y"": 21}, ""passEndCoordinates"": {""x"": 40.1, ""y"": 11.2}, ""eventActionType"": ""pass"", ""isHome"": false, ""outcome"": true, ""keypass"": false}",
547410,Martin Ødegaard,16363245,rating-breakdown,passes,passes,,,,Arsenal,71.0,,54.4,31.8,45.3,40.1,True,True,1,boolean_field,success,True,,False,False,pass,rating-breakdown,True,54.4,31.8,45.3,40.1,pass,False,False,"{""playerCoordinates"": {""x"": 54.4, ""y"": 31.8}, ""passEndCoordinates"": {""x"": 45.3, ""y"": 40.1}, ""eventActionType"": ""pass"", ""isHome"": false, ""outcome"": true, ""keypass"": false}",
547410,Martin Ødegaard,16363245,rating-breakdown,passes,passes,,,,Arsenal,71.0,,70.3,21.4,77.8,9.6,True,True,1,boolean_field,success,True,,False,False,pass,rating-breakdown,True,70.3,21.4,77.8,9.6,pass,False,False,"{""playerCoordinates"": {""x"": 70.3, ""y"": 21.4}, ""passEndCoordinates"": {""x"": 77.8, ""y"": 9.6}, ""eventActionType"": ""pass"", ""isHome"": false, ""outcome"": true, ""keypass"": false}",
547410,Martin Ødegaard,16363245,rating-breakdown,passes,passes,,,,Arsenal,71.0,,68.7,17.2,53.8,24.4,True,True,1,boolean_field,success,True,,False,False,pass,rating-breakdown,True,68.7,17.2,53.8,24.4,pass,False,False,"{""playerCoordinates"": {""x"": 68.7, ""y"": 17.2}, ""passEndCoordinates"": {""x"": 53.8, ""y"": 24.4}, ""eventActionType"": ""pass"", ""isHome"": false, ""outcome"": true, ""keypass"": false}",
547410,Martin Ødegaard,16363245,rating-breakdown,passes,passes,,,,Arsenal,71.0,,54.9,14.6,57.8,26.9,True,True,1,boolean_field,success,True,,False,False,pass,rating-breakdown,True,54.9,14.6,57.8,26.9,pass,False,False,"{""playerCoordinates"": {""x"": 54.9, ""y"": 14.6}, ""passEndCoordinates"": {""x"": 57.8, ""y"": 26.9}, ""eventActionType"": ""pass"", ""isHome"": false, ""outcome"": true, ""keypass"": false}",
547410,Martin Ødegaard,16363245,rating-breakdown,passes,passes,,,,Arsenal,71.0,,74.3,8.4,74.4,1.6,True,True,1,boolean_field,success,True,,False,False,pass,rating-breakdown,True,74.3,8.4,74.4,1.6,pass,False,False,"{""playerCoordinates"": {""x"": 74.3, ""y"": 8.4}, ""passEndCoordinates"": {""x"": 74.4, ""y"": 1.6}, ""eventActionType"": ""pass"", ""isHome"": false, ""outcome"": true, ""keypass"": false}",
547410,Martin Ødegaard,16363245,rating-breakdown,passes,passes,,,,Arsenal,71.0,,91.4,13.7,91.7,34,True,True,1,boolean_field,success,True,,False,False,pass,rating-breakdown,True,91.4,13.7,91.7,34,pass,False,False,"{""playerCoordinates"": {""x"": 91.4, ""y"": 13.7}, ""passEndCoordinates"": {""x"": 91.7, ""y"": 34}, ""eventActionType"": ""pass"", ""isHome"": false, ""outcome"": true, ""keypass"": false}",
547410,Martin Ødegaard,16363245,rating-breakdown,ball-carries,ball-carries,,,,Arsenal,71.0,,64,13.1,60.3,6.2,,,,unresolvable,,,,False,False,,rating-breakdown,True,64,13.1,60.3,6.2,ball-carry,False,,"{""playerCoordinates"": {""x"": 64, ""y"": 13.1}, ""passEndCoordinates"": {""x"": 60.3, ""y"": 6.2}, ""eventActionType"": ""ball-carry"", ""isHome"": false}",
547410,Martin Ødegaard,16363245,rating-breakdown,ball-carries,ball-carries,,,,Arsenal,71.0,,68.6,15.9,81.4,13.4,,,,unresolvable,,,,False,False,,rating-breakdown,True,68.6,15.9,81.4,13.4,ball-carry,False,,"{""playerCoordinates"": {""x"": 68.6, ""y"": 15.9}, ""passEndCoordinates"": {""x"": 81.4, ""y"": 13.4}, ""eventActionType"": ""ball-carry"", ""isHome"": false}",
547410,Martin Ødegaard,16363245,rating-breakdown,ball-carries,ball-carries,,,,Arsenal,71.0,,67.2,30.3,69.7,28,,,,unresolvable,,,,False,False,,rating-breakdown,True,67.2,30.3,69.7,28,ball-carry,False,,"{""playerCoordinates"": {""x"": 67.2, ""y"": 30.3}, ""passEndCoordinates"": {""x"": 69.7, ""y"": 28}, ""eventActionType"": ""ball-carry"", ""isHome"": false}",
547410,Martin Ødegaard,16363245,rating-breakdown,ball-carries,ball-carries,,,,Arsenal,71.0,,63,16,61.3,32.6,,,,unresolvable,,,,False,False,,rating-breakdown,True,63,16,61.3,32.6,ball-carry,False,,"{""playerCoordinates"": {""x"": 63, ""y"": 16}, ""passEndCoordinates"": {""x"": 61.3, ""y"": 32.6}, ""eventActionType"": ""ball-carry"", ""isHome"": false}",
547410,Martin Ødegaard,16363245,rating-breakdown,ball-carries,ball-carries,,,,Arsenal,71.0,,63,14.6,57,19.1,,,,unresolvable,,,,False,False,,rating-breakdown,True,63,14.6,57,19.1,ball-carry,False,,"{""playerCoordinates"": {""x"": 63, ""y"": 14.6}, ""passEndCoordinates"": {""x"": 57, ""y"": 19.1}, ""eventActionType"": ""ball-carry"", ""isHome"": false}",
547410,Martin Ødegaard,16363245,rating-breakdown,ball-carries,ball-carries,,,,Arsenal,71.0,,59.6,7.9,55.7,17.7,,,,unresolvable,,,,False,False,,rating-breakdown,True,59.6,7.9,55.7,17.7,ball-carry,False,,"{""playerCoordinates"": {""x"": 59.6, ""y"": 7.9}, ""passEndCoordinates"": {""x"": 55.7, ""y"": 17.7}, ""eventActionType"": ""ball-carry"", ""isHome"": false}",
547410,Martin Ødegaard,16363245,rating-breakdown,ball-carries,ball-carries,,,,Arsenal,71.0,,30.1,22.7,38.7,12.1,,,,unresolvable,,,,False,False,,rating-breakdown,True,30.1,22.7,38.7,12.1,ball-carry,False,,"{""playerCoordinates"": {""x"": 30.1, ""y"": 22.7}, ""passEndCoordinates"": {""x"": 38.7, ""y"": 12.1}, ""eventActionType"": ""ball-carry"", ""isHome"": false}",
547410,Martin Ødegaard,16363245,rating-breakdown,ball-carries,ball-carries,,,,Arsenal,71.0,,42.4,11.3,37.4,20.8,,,,unresolvable,,,,False,False,,rating-breakdown,True,42.4,11.3,37.4,20.8,ball-carry,False,,"{""playerCoordinates"": {""x"": 42.4, ""y"": 11.3}, ""passEndCoordinates"": {""x"": 37.4, ""y"": 20.8}, ""eventActionType"": ""ball-carry"", ""isHome"": false}",
547410,Martin Ødegaard,16363245,rating-breakdown,ball-carries,ball-carries,,,,Arsenal,71.0,,44.5,30.4,64.1,19.4,,,,unresolvable,,,,False,False,,rating-breakdown,True,44.5,30.4,64.1,19.4,ball-carry,False,,"{""playerCoordinates"": {""x"": 44.5, ""y"": 30.4}, ""passEndCoordinates"": {""x"": 64.1, ""y"": 19.4}, ""eventActionType"": ""ball-carry"", ""isHome"": false}",
547410,Martin Ødegaard,16363245,rating-breakdown,ball-carries,ball-carries,,,,Arsenal,71.0,,68.5,15.1,65.1,24.1,,,,unresolvable,,,,False,False,,rating-breakdown,True,68.5,15.1,65.1,24.1,ball-carry,False,,"{""playerCoordinates"": {""x"": 68.5, ""y"": 15.1}, ""passEndCoordinates"": {""x"": 65.1, ""y"": 24.1}, ""eventActionType"": ""ball-carry"", ""isHome"": false}",
547410,Martin Ødegaard,16363245,rating-breakdown,ball-carries,ball-carries,,,,Arsenal,71.0,,43.2,13.2,46.5,27.8,,,,unresolvable,,,,False,False,,rating-breakdown,True,43.2,13.2,46.5,27.8,ball-carry,False,,"{""playerCoordinates"": {""x"": 43.2, ""y"": 13.2}, ""passEndCoordinates"": {""x"": 46.5, ""y"": 27.8}, ""eventActionType"": ""ball-carry"", ""isHome"": false}",
547410,Martin Ødegaard,16363245,rating-breakdown,ball-carries,ball-carries,,,,Arsenal,71.0,,83.2,10.1,80.3,7.5,,,,unresolvable,,,,False,False,,rating-breakdown,True,83.2,10.1,80.3,7.5,ball-carry,False,,"{""playerCoordinates"": {""x"": 83.2, ""y"": 10.1}, ""passEndCoordinates"": {""x"": 80.3, ""y"": 7.5}, ""eventActionType"": ""ball-carry"", ""isHome"": false}",
547410,Martin Ødegaard,16363245,rating-breakdown,ball-carries,ball-carries,,,,Arsenal,71.0,,65.2,84.3,69.4,82.9,,,,unresolvable,,,,False,False,,rating-breakdown,True,65.2,84.3,69.4,82.9,ball-carry,False,,"{""playerCoordinates"": {""x"": 65.2, ""y"": 84.3}, ""passEndCoordinates"": {""x"": 69.4, ""y"": 82.9}, ""eventActionType"": ""ball-carry"", ""isHome"": false}",
547410,Martin Ødegaard,16363245,rating-breakdown,ball-carries,ball-carries,,,,Arsenal,71.0,,21.3,15.2,14.6,15.2,,,,unresolvable,,,,False,False,,rating-breakdown,True,21.3,15.2,14.6,15.2,ball-carry,False,,"{""playerCoordinates"": {""x"": 21.3, ""y"": 15.2}, ""passEndCoordinates"": {""x"": 14.6, ""y"": 15.2}, ""eventActionType"": ""ball-carry"", ""isHome"": false}",
547410,Martin Ødegaard,16363245,rating-breakdown,ball-carries,ball-carries,,,,Arsenal,71.0,,38.4,22.8,33.8,43.9,,,,unresolvable,,,,False,False,,rating-breakdown,True,38.4,22.8,33.8,43.9,ball-carry,False,,"{""playerCoordinates"": {""x"": 38.4, ""y"": 22.8}, ""passEndCoordinates"": {""x"": 33.8, ""y"": 43.9}, ""eventActionType"": ""ball-carry"", ""isHome"": false}",
547410,Martin Ødegaard,16363245,rating-breakdown,ball-carries,ball-carries,,,,Arsenal,71.0,,80,13.7,82.5,10.4,,,,unresolvable,,,,False,False,,rating-breakdown,True,80,13.7,82.5,10.4,ball-carry,False,,"{""playerCoordinates"": {""x"": 80, ""y"": 13.7}, ""passEndCoordinates"": {""x"": 82.5, ""y"": 10.4}, ""eventActionType"": ""ball-carry"", ""isHome"": false}",
547410,Martin Ødegaard,16363245,rating-breakdown,ball-carries,ball-carries,,,,Arsenal,71.0,,79.2,4.2,76.1,14.8,,,,unresolvable,,,,False,False,,rating-breakdown,True,79.2,4.2,76.1,14.8,ball-carry,False,,"{""playerCoordinates"": {""x"": 79.2, ""y"": 4.2}, ""passEndCoordinates"": {""x"": 76.1, ""y"": 14.8}, ""eventActionType"": ""ball-carry"", ""isHome"": false}",
547410,Martin Ødegaard,16363245,rating-breakdown,ball-carries,ball-carries,,,,Arsenal,71.0,,75,81,74,76.7,,,,unresolvable,,,,False,False,,rating-breakdown,True,75,81,74,76.7,ball-carry,False,,"{""playerCoordinates"": {""x"": 75, ""y"": 81}, ""passEndCoordinates"": {""x"": 74, ""y"": 76.7}, ""eventActionType"": ""ball-carry"", ""isHome"": false}",
547410,Martin Ødegaard,16363245,rating-breakdown,ball-carries,ball-carries,,,,Arsenal,71.0,,53.4,25.6,55.1,19.7,,,,unresolvable,,,,False,False,,rating-breakdown,True,53.4,25.6,55.1,19.7,ball-carry,False,,"{""playerCoordinates"": {""x"": 53.4, ""y"": 25.6}, ""passEndCoordinates"": {""x"": 55.1, ""y"": 19.7}, ""eventActionType"": ""ball-carry"", ""isHome"": false}",
547410,Martin Ødegaard,16363245,rating-breakdown,ball-carries,ball-carries,,,,Arsenal,71.0,,64.2,16.2,60.9,49.8,,,,unresolvable,,,,False,False,,rating-breakdown,True,64.2,16.2,60.9,49.8,ball-carry,False,,"{""playerCoordinates"": {""x"": 64.2, ""y"": 16.2}, ""passEndCoordinates"": {""x"": 60.9, ""y"": 49.8}, ""eventActionType"": ""ball-carry"", ""isHome"": false}",
547410,Martin Ødegaard,16363245,rating-breakdown,ball-carries,ball-carries,,,,Arsenal,71.0,,60.4,14.5,64.4,9.3,,,,unresolvable,,,,False,False,,rating-breakdown,True,60.4,14.5,64.4,9.3,ball-carry,False,,"{""playerCoordinates"": {""x"": 60.4, ""y"": 14.5}, ""passEndCoordinates"": {""x"": 64.4, ""y"": 9.3}, ""eventActionType"": ""ball-carry"", ""isHome"": false}",
547410,Martin Ødegaard,16363245,rating-breakdown,ball-carries,ball-carries,,,,Arsenal,71.0,,30.7,66.9,41.3,68.6,,,,unresolvable,,,,False,False,,rating-breakdown,True,30.7,66.9,41.3,68.6,ball-carry,False,,"{""playerCoordinates"": {""x"": 30.7, ""y"": 66.9}, ""passEndCoordinates"": {""x"": 41.3, ""y"": 68.6}, ""eventActionType"": ""ball-carry"", ""isHome"": false}",
547410,Martin Ødegaard,16363245,rating-breakdown,ball-carries,ball-carries,,,,Arsenal,71.0,,43.1,17.6,70.3,21.4,,,,unresolvable,,,,False,False,,rating-breakdown,True,43.1,17.6,70.3,21.4,ball-carry,False,,"{""playerCoordinates"": {""x"": 43.1, ""y"": 17.6}, ""passEndCoordinates"": {""x"": 70.3, ""y"": 21.4}, ""eventActionType"": ""ball-carry"", ""isHome"": false}",
547410,Martin Ødegaard,16363245,rating-breakdown,dribbles,dribbles,,,,Arsenal,71.0,,31.9,61.5,,,,,,unresolvable,,,,False,False,,rating-breakdown,True,31.9,61.5,,,dribble,False,False,"{""playerCoordinates"": {""x"": 31.9, ""y"": 61.5}, ""eventActionType"": ""dribble"", ""isHome"": false, ""keypass"": false}",
547410,Martin Ødegaard,16363245,rating-breakdown,dribbles,dribbles,,,,Arsenal,71.0,,24.8,39.4,,,,,,unresolvable,,,,False,False,,rating-breakdown,True,24.8,39.4,,,dribble,False,False,"{""playerCoordinates"": {""x"": 24.8, ""y"": 39.4}, ""eventActionType"": ""dribble"", ""isHome"": false, ""keypass"": false}",
547410,Martin Ødegaard,16363245,rating-breakdown,defensive,defensive,,,,Arsenal,71.0,,64.8,6.6,,,True,True,1,boolean_field,success,,True,False,False,,rating-breakdown,True,64.8,6.6,,,tackle,False,False,"{""playerCoordinates"": {""x"": 64.8, ""y"": 6.6}, ""eventActionType"": ""tackle"", ""isHome"": false, ""outcome"": true, ""keypass"": false}",
547410,Martin Ødegaard,16363245,rating-breakdown,defensive,defensive,,,,Arsenal,71.0,,21.5,59.5,20.5,32.6,True,True,1,boolean_field,success,,True,False,False,,rating-breakdown,True,21.5,59.5,20.5,32.6,clearance,False,False,"{""playerCoordinates"": {""x"": 21.5, ""y"": 59.5}, ""passEndCoordinates"": {""x"": 20.5, ""y"": 32.6}, ""eventActionType"": ""clearance"", ""isHome"": false, ""outcome"": true, ""keypass"": false}",
547410,Martin Ødegaard,16363245,rating-breakdown,defensive,defensive,,,,Arsenal,71.0,,25.9,16.6,,,,,,unresolvable,,,,False,False,,rating-breakdown,True,25.9,16.6,,,tackle,False,False,"{""playerCoordinates"": {""x"": 25.9, ""y"": 16.6}, ""eventActionType"": ""tackle"", ""isHome"": false, ""keypass"": false}",
547410,Martin Ødegaard,16363245,rating-breakdown,defensive,defensive,,,,Arsenal,71.0,,21.3,15.2,,,True,True,1,boolean_field,success,,True,False,False,,rating-breakdown,True,21.3,15.2,,,ball-recovery,False,False,"{""playerCoordinates"": {""x"": 21.3, ""y"": 15.2}, ""eventActionType"": ""ball-recovery"", ""isHome"": false, ""outcome"": true, ""keypass"": false}",
547410,Martin Ødegaard,16363245,rating-breakdown,defensive,defensive,,,,Arsenal,71.0,,19.6,35.4,36.2,59.8,True,True,1,boolean_field,success,,True,False,False,,rating-breakdown,True,19.6,35.4,36.2,59.8,clearance,False,False,"{""playerCoordinates"": {""x"": 19.6, ""y"": 35.4}, ""passEndCoordinates"": {""x"": 36.2, ""y"": 59.8}, ""eventActionType"": ""clearance"", ""isHome"": false, ""outcome"": true, ""keypass"": false}",
547410,Martin Ødegaard,16363257,rating-breakdown,passes,passes,,,,Arsenal,77.0,,40.4,12.4,38.2,7.7,True,True,1,boolean_field,success,True,,False,False,pass,rating-breakdown,True,40.4,12.4,38.2,7.7,pass,True,False,"{""playerCoordinates"": {""x"": 40.4, ""y"": 12.4}, ""passEndCoordinates"": {""x"": 38.2, ""y"": 7.7}, ""eventActionType"": ""pass"", ""isHome"": true, ""outcome"": true, ""keypass"": false}",
547410,Martin Ødegaard,16363257,rating-breakdown,passes,passes,,,,Arsenal,77.0,,48.7,52.8,40.5,76.3,True,True,1,boolean_field,success,True,,False,False,pass,rating-breakdown,True,48.7,52.8,40.5,76.3,pass,True,False,"{""playerCoordinates"": {""x"": 48.7, ""y"": 52.8}, ""passEndCoordinates"": {""x"": 40.5, ""y"": 76.3}, ""eventActionType"": ""pass"", ""isHome"": true, ""outcome"": true, ""keypass"": false}",
547410,Martin Ødegaard,16363257,rating-breakdown,passes,passes,,,,Arsenal,77.0,,85.6,8.3,93.7,42.1,True,True,1,boolean_field,success,True,,False,True,key_pass,rating-breakdown,True,85.6,8.3,93.7,42.1,pass,True,True,"{""playerCoordinates"": {""x"": 85.6, ""y"": 8.3}, ""passEndCoordinates"": {""x"": 93.7, ""y"": 42.1}, ""eventActionType"": ""pass"", ""isHome"": true, ""outcome"": true, ""keypass"": true}",
547410,Martin Ødegaard,16363257,rating-breakdown,passes,passes,,,,Arsenal,77.0,,43.1,30,60,22.7,,,,unresolvable,,,,False,False,pass,rating-breakdown,True,43.1,30,60,22.7,pass,True,False,"{""playerCoordinates"": {""x"": 43.1, ""y"": 30}, ""passEndCoordinates"": {""x"": 60, ""y"": 22.7}, ""eventActionType"": ""pass"", ""isHome"": true, ""keypass"": false}",
547410,Martin Ødegaard,16363257,rating-breakdown,passes,passes,,,,Arsenal,77.0,,77.7,23.5,92.3,20.7,True,True,1,boolean_field,success,True,,False,False,pass,rating-breakdown,True,77.7,23.5,92.3,20.7,pass,True,False,"{""playerCoordinates"": {""x"": 77.7, ""y"": 23.5}, ""passEndCoordinates"": {""x"": 92.3, ""y"": 20.7}, ""eventActionType"": ""pass"", ""isHome"": true, ""outcome"": true, ""keypass"": false}",
547410,Martin Ødegaard,16363257,rating-breakdown,passes,passes,,,,Arsenal,77.0,,72.5,23.2,78,29.7,True,True,1,boolean_field,success,True,,False,False,pass,rating-breakdown,True,72.5,23.2,78,29.7,pass,True,False,"{""playerCoordinates"": {""x"": 72.5, ""y"": 23.2}, ""passEndCoordinates"": {""x"": 78, ""y"": 29.7}, ""eventActionType"": ""pass"", ""isHome"": true, ""outcome"": true, ""keypass"": false}",
547410,Martin Ødegaard,16363257,rating-breakdown,passes,passes,,,,Arsenal,77.0,,43.2,59.2,72.5,38.8,,,,unresolvable,,,,False,False,pass,rating-breakdown,True,43.2,59.2,72.5,38.8,pass,True,False,"{""playerCoordinates"": {""x"": 43.2, ""y"": 59.2}, ""passEndCoordinates"": {""x"": 72.5, ""y"": 38.8}, ""eventActionType"": ""pass"", ""isHome"": true, ""keypass"": false, ""isLongBall"": true}",True
547410,Martin Ødegaard,16363257,rating-breakdown,passes,passes,,,,Arsenal,77.0,,45.4,31.7,40,17.3,True,True,1,boolean_field,success,True,,False,False,pass,rating-breakdown,True,45.4,31.7,40,17.3,pass,True,False,"{""playerCoordinates"": {""x"": 45.4, ""y"": 31.7}, ""passEndCoordinates"": {""x"": 40, ""y"": 17.3}, ""eventActionType"": ""pass"", ""isHome"": true, ""outcome"": true, ""keypass"": false}",
547410,Martin Ødegaard,16363257,rating-breakdown,passes,passes,,,,Arsenal,77.0,,44.7,50.7,61.6,74.1,True,True,1,boolean_field,success,True,,False,False,pass,rating-breakdown,True,44.7,50.7,61.6,74.1,pass,True,False,"{""playerCoordinates"": {""x"": 44.7, ""y"": 50.7}, ""passEndCoordinates"": {""x"": 61.6, ""y"": 74.1}, ""eventActionType"": ""pass"", ""isHome"": true, ""outcome"": true, ""keypass"": false}",
547410,Martin Ødegaard,16363257,rating-breakdown,passes,passes,,,,Arsenal,77.0,,80.6,31,95.8,56.2,True,True,1,boolean_field,success,True,,False,True,key_pass,rating-breakdown,True,80.6,31,95.8,56.2,pass,True,True,"{""playerCoordinates"": {""x"": 80.6, ""y"": 31}, ""passEndCoordinates"": {""x"": 95.8, ""y"": 56.2}, ""eventActionType"": ""pass"", ""isHome"": true, ""outcome"": true, ""keypass"": true}",
547410,Martin Ødegaard,16363257,rating-breakdown,passes,passes,,,,Arsenal,77.0,,63.7,26.2,74.7,6,True,True,1,boolean_field,success,True,,False,False,pass,rating-breakdown,True,63.7,26.2,74.7,6,pass,True,False,"{""playerCoordinates"": {""x"": 63.7, ""y"": 26.2}, ""passEndCoordinates"": {""x"": 74.7, ""y"": 6}, ""eventActionType"": ""pass"", ""isHome"": true, ""outcome"": true, ""keypass"": false}",
547410,Martin Ødegaard,16363257,rating-breakdown,passes,passes,,,,Arsenal,77.0,,68.6,14.7,54.4,49.2,True,True,1,boolean_field,success,True,,False,False,pass,rating-breakdown,True,68.6,14.7,54.4,49.2,pass,True,False,"{""playerCoordinates"": {""x"": 68.6, ""y"": 14.7}, ""passEndCoordinates"": {""x"": 54.4, ""y"": 49.2}, ""eventActionType"": ""pass"", ""isHome"": true, ""outcome"": true, ""keypass"": false}",
547410,Martin Ødegaard,16363257,rating-breakdown,passes,passes,,,,Arsenal,77.0,,59.5,42.3,72.8,42.3,,,,unresolvable,,,,False,False,pass,rating-breakdown,True,59.5,42.3,72.8,42.3,pass,True,False,"{""playerCoordinates"": {""x"": 59.5, ""y"": 42.3}, ""passEndCoordinates"": {""x"": 72.8, ""y"": 42.3}, ""eventActionType"": ""pass"", ""isHome"": true, ""keypass"": false}",
547410,Martin Ødegaard,16363257,rating-breakdown,passes,passes,,,,Arsenal,77.0,,81.3,29.7,96.3,31.5,True,True,1,boolean_field,success,True,,False,True,key_pass,rating-breakdown,True,81.3,29.7,96.3,31.5,pass,True,True,"{""playerCoordinates"": {""x"": 81.3, ""y"": 29.7}, ""passEndCoordinates"": {""x"": 96.3, ""y"": 31.5}, ""eventActionType"": ""pass"", ""isHome"": true, ""outcome"": true, ""keypass"": true}",
547410,Martin Ødegaard,16363257,rating-breakdown,passes,passes,,,,Arsenal,77.0,,84.6,11.6,82.9,4.5,True,True,1,boolean_field,success,True,,False,False,pass,rating-breakdown,True,84.6,11.6,82.9,4.5,pass,True,False,"{""playerCoordinates"": {""x"": 84.6, ""y"": 11.6}, ""passEndCoordinates"": {""x"": 82.9, ""y"": 4.5}, ""eventActionType"": ""pass"", ""isHome"": true, ""outcome"": true, ""keypass"": false}",
547410,Martin Ødegaard,16363257,rating-breakdown,passes,passes,,,,Arsenal,77.0,,85.3,7.2,63.8,13.6,True,True,1,boolean_field,success,True,,False,False,pass,rating-breakdown,True,85.3,7.2,63.8,13.6,pass,True,False,"{""playerCoordinates"": {""x"": 85.3, ""y"": 7.2}, ""passEndCoordinates"": {""x"": 63.8, ""y"": 13.6}, ""eventActionType"": ""pass"", ""isHome"": true, ""outcome"": true, ""keypass"": false}",
547410,Martin Ødegaard,16363257,rating-breakdown,passes,passes,,,,Arsenal,77.0,,70.8,31.8,67.4,44.5,True,True,1,boolean_field,success,True,,False,False,pass,rating-breakdown,True,70.8,31.8,67.4,44.5,pass,True,False,"{""playerCoordinates"": {""x"": 70.8, ""y"": 31.8}, ""passEndCoordinates"": {""x"": 67.4, ""y"": 44.5}, ""eventActionType"": ""pass"", ""isHome"": true, ""outcome"": true, ""keypass"": false}",
547410,Martin Ødegaard,16363257,rating-breakdown,passes,passes,,,,Arsenal,77.0,,81.8,18.8,80.3,28.5,True,True,1,boolean_field,success,True,,False,False,pass,rating-breakdown,True,81.8,18.8,80.3,28.5,pass,True,False,"{""playerCoordinates"": {""x"": 81.8, ""y"": 18.8}, ""passEndCoordinates"": {""x"": 80.3, ""y"": 28.5}, ""eventActionType"": ""pass"", ""isHome"": true, ""outcome"": true, ""keypass"": false}",
547410,Martin Ødegaard,16363257,rating-breakdown,passes,passes,,,,Arsenal,77.0,,65.6,20.6,87.1,8.3,True,True,1,boolean_field,success,True,,False,False,pass,rating-breakdown,True,65.6,20.6,87.1,8.3,pass,True,False,"{""playerCoordinates"": {""x"": 65.6, ""y"": 20.6}, ""passEndCoordinates"": {""x"": 87.1, ""y"": 8.3}, ""eventActionType"": ""pass"", ""isHome"": true, ""outcome"": true, ""keypass"": false}",
547410,Martin Ødegaard,16363257,rating-breakdown,passes,passes,,,,Arsenal,77.0,,62,18.5,59,52.3,True,True,1,boolean_field,success,True,,False,False,pass,rating-breakdown,True,62,18.5,59,52.3,pass,True,False,"{""playerCoordinates"": {""x"": 62, ""y"": 18.5}, ""passEndCoordinates"": {""x"": 59, ""y"": 52.3}, ""eventActionType"": ""pass"", ""isHome"": true, ""outcome"": true, ""keypass"": false}",
547410,Martin Ødegaard,16363257,rating-breakdown,passes,passes,,,,Arsenal,77.0,,72.4,88.9,88.5,58.6,,,,unresolvable,,,,False,False,pass,rating-breakdown,True,72.4,88.9,88.5,58.6,cross,True,False,"{""playerCoordinates"": {""x"": 72.4, ""y"": 88.9}, ""passEndCoordinates"": {""x"": 88.5, ""y"": 58.6}, ""eventActionType"": ""cross"", ""isHome"": true, ""keypass"": false}",
547410,Martin Ødegaard,16363257,rating-breakdown,passes,passes,,,,Arsenal,77.0,,87,26.8,84.5,9.2,True,True,1,boolean_field,success,True,,False,False,pass,rating-breakdown,True,87,26.8,84.5,9.2,pass,True,False,"{""playerCoordinates"": {""x"": 87, ""y"": 26.8}, ""passEndCoordinates"": {""x"": 84.5, ""y"": 9.2}, ""eventActionType"": ""pass"", ""isHome"": true, ""outcome"": true, ""keypass"": false}",
547410,Martin Ødegaard,16363257,rating-breakdown,passes,passes,,,,Arsenal,77.0,,77.2,64.9,90.7,68,True,True,1,boolean_field,success,True,,False,False,pass,rating-breakdown,True,77.2,64.9,90.7,68,pass,True,False,"{""playerCoordinates"": {""x"": 77.2, ""y"": 64.9}, ""passEndCoordinates"": {""x"": 90.7, ""y"": 68}, ""eventActionType"": ""pass"", ""isHome"": true, ""outcome"": true, ""keypass"": false}",
547410,Martin Ødegaard,16363257,rating-breakdown,passes,passes,,,,Arsenal,77.0,,31.2,28.2,28.7,39.2,,,,unresolvable,,,,False,False,pass,rating-breakdown,True,31.2,28.2,28.7,39.2,pass,True,False,"{""playerCoordinates"": {""x"": 31.2, ""y"": 28.2}, ""passEndCoordinates"": {""x"": 28.7, ""y"": 39.2}, ""eventActionType"": ""pass"", ""isHome"": true, ""keypass"": false}",
547410,Martin Ødegaard,16363257,rating-breakdown,passes,passes,,,,Arsenal,77.0,,74.8,68.3,75.3,39.2,True,True,1,boolean_field,success,True,,False,False,pass,rating-breakdown,True,74.8,68.3,75.3,39.2,pass,True,False,"{""playerCoordinates"": {""x"": 74.8, ""y"": 68.3}, ""passEndCoordinates"": {""x"": 75.3, ""y"": 39.2}, ""eventActionType"": ""pass"", ""isHome"": true, ""outcome"": true, ""keypass"": false}",
547410,Martin Ødegaard,16363257,rating-breakdown,passes,passes,,,,Arsenal,77.0,,73.1,11.5,64.1,39.4,True,True,1,boolean_field,success,True,,False,False,pass,rating-breakdown,True,73.1,11.5,64.1,39.4,pass,True,False,"{""playerCoordinates"": {""x"": 73.1, ""y"": 11.5}, ""passEndCoordinates"": {""x"": 64.1, ""y"": 39.4}, ""eventActionType"": ""pass"", ""isHome"": true, ""outcome"": true, ""keypass"": false}",
547410,Martin Ødegaard,16363257,rating-breakdown,passes,passes,,,,Arsenal,77.0,,66.7,73,74.8,80.6,True,True,1,boolean_field,success,True,,False,False,pass,rating-breakdown,True,66.7,73,74.8,80.6,pass,True,False,"{""playerCoordinates"": {""x"": 66.7, ""y"": 73}, ""passEndCoordinates"": {""x"": 74.8, ""y"": 80.6}, ""eventActionType"": ""pass"", ""isHome"": true, ""outcome"": true, ""keypass"": false}",
547410,Martin Ødegaard,16363257,rating-breakdown,passes,passes,,,,Arsenal,77.0,,49.8,49.8,48.7,51.4,True,True,1,boolean_field,success,True,,False,False,pass,rating-breakdown,True,49.8,49.8,48.7,51.4,pass,True,False,"{""playerCoordinates"": {""x"": 49.8, ""y"": 49.8}, ""passEndCoordinates"": {""x"": 48.7, ""y"": 51.4}, ""eventActionType"": ""pass"", ""isHome"": true, ""outcome"": true, ""keypass"": false}",
547410,Martin Ødegaard,16363257,rating-breakdown,passes,passes,,,,Arsenal,77.0,,75.3,25.4,82.3,12.3,True,True,1,boolean_field,success,True,,False,False,pass,rating-breakdown,True,75.3,25.4,82.3,12.3,pass,True,False,"{""playerCoordinates"": {""x"": 75.3, ""y"": 25.4}, ""passEndCoordinates"": {""x"": 82.3, ""y"": 12.3}, ""eventActionType"": ""pass"", ""isHome"": true, ""outcome"": true, ""keypass"": false}",
547410,Martin Ødegaard,16363257,rating-breakdown,passes,passes,,,,Arsenal,77.0,,69.6,26.2,73.3,6.9,True,True,1,boolean_field,success,True,,False,False,pass,rating-breakdown,True,69.6,26.2,73.3,6.9,pass,True,False,"{""playerCoordinates"": {""x"": 69.6, ""y"": 26.2}, ""passEndCoordinates"": {""x"": 73.3, ""y"": 6.9}, ""eventActionType"": ""pass"", ""isHome"": true, ""outcome"": true, ""keypass"": false}",
547410,Martin Ødegaard,16363257,rating-breakdown,passes,passes,,,,Arsenal,77.0,,40.8,34.8,53.7,49.5,True,True,1,boolean_field,success,True,,False,False,pass,rating-breakdown,True,40.8,34.8,53.7,49.5,pass,True,False,"{""playerCoordinates"": {""x"": 40.8, ""y"": 34.8}, ""passEndCoordinates"": {""x"": 53.7, ""y"": 49.5}, ""eventActionType"": ""pass"", ""isHome"": true, ""outcome"": true, ""keypass"": false}",
547410,Martin Ødegaard,16363257,rating-breakdown,passes,passes,,,,Arsenal,77.0,,61.5,10.3,47.7,32.9,True,True,1,boolean_field,success,True,,False,False,pass,rating-breakdown,True,61.5,10.3,47.7,32.9,pass,True,False,"{""playerCoordinates"": {""x"": 61.5, ""y"": 10.3}, ""passEndCoordinates"": {""x"": 47.7, ""y"": 32.9}, ""eventActionType"": ""pass"", ""isHome"": true, ""outcome"": true, ""keypass"": false}",
547410,Martin Ødegaard,16363257,rating-breakdown,passes,passes,,,,Arsenal,77.0,,68.6,75.5,61.3,54.4,True,True,1,boolean_field,success,True,,False,False,pass,rating-breakdown,True,68.6,75.5,61.3,54.4,pass,True,False,"{""playerCoordinates"": {""x"": 68.6, ""y"": 75.5}, ""passEndCoordinates"": {""x"": 61.3, ""y"": 54.4}, ""eventActionType"": ""pass"", ""isHome"": true, ""outcome"": true, ""keypass"": false}",
547410,Martin Ødegaard,16363257,rating-breakdown,passes,passes,,,,Arsenal,77.0,,61.6,64.6,59,50.6,True,True,1,boolean_field,success,True,,False,False,pass,rating-breakdown,True,61.6,64.6,59,50.6,pass,True,False,"{""playerCoordinates"": {""x"": 61.6, ""y"": 64.6}, ""passEndCoordinates"": {""x"": 59, ""y"": 50.6}, ""eventActionType"": ""pass"", ""isHome"": true, ""outcome"": true, ""keypass"": false}",
547410,Martin Ødegaard,16363257,rating-breakdown,passes,passes,,,,Arsenal,77.0,,59.3,60.9,56.4,47.3,True,True,1,boolean_field,success,True,,False,False,pass,rating-breakdown,True,59.3,60.9,56.4,47.3,pass,True,False,"{""playerCoordinates"": {""x"": 59.3, ""y"": 60.9}, ""passEndCoordinates"": {""x"": 56.4, ""y"": 47.3}, ""eventActionType"": ""pass"", ""isHome"": true, ""outcome"": true, ""keypass"": false}",
547410,Martin Ødegaard,16363257,rating-breakdown,passes,passes,,,,Arsenal,77.0,,57.8,62.7,67.1,82.9,True,True,1,boolean_field,success,True,,False,False,pass,rating-breakdown,True,57.8,62.7,67.1,82.9,pass,True,False,"{""playerCoordinates"": {""x"": 57.8, ""y"": 62.7}, ""passEndCoordinates"": {""x"": 67.1, ""y"": 82.9}, ""eventActionType"": ""pass"", ""isHome"": true, ""outcome"": true, ""keypass"": false}",
547410,Martin Ødegaard,16363257,rating-breakdown,passes,passes,,,,Arsenal,77.0,,63.9,78,75.8,93.5,True,True,1,boolean_field,success,True,,False,False,pass,rating-breakdown,True,63.9,78,75.8,93.5,pass,True,False,"{""playerCoordinates"": {""x"": 63.9, ""y"": 78}, ""passEndCoordinates"": {""x"": 75.8, ""y"": 93.5}, ""eventActionType"": ""pass"", ""isHome"": true, ""outcome"": true, ""keypass"": false}",
547410,Martin Ødegaard,16363257,rating-breakdown,passes,passes,,,,Arsenal,77.0,,78.2,36.2,87.9,17,True,True,1,boolean_field,success,True,,False,False,pass,rating-breakdown,True,78.2,36.2,87.9,17,pass,True,False,"{""playerCoordinates"": {""x"": 78.2, ""y"": 36.2}, ""passEndCoordinates"": {""x"": 87.9, ""y"": 17}, ""eventActionType"": ""pass"", ""isHome"": true, ""outcome"": true, ""keypass"": false}",
547410,Martin Ødegaard,16363257,rating-breakdown,passes,passes,,,,Arsenal,77.0,,80,66.7,81.9,48.8,True,True,1,boolean_field,success,True,,False,False,pass,rating-breakdown,True,80,66.7,81.9,48.8,pass,True,False,"{""playerCoordinates"": {""x"": 80, ""y"": 66.7}, ""passEndCoordinates"": {""x"": 81.9, ""y"": 48.8}, ""eventActionType"": ""pass"", ""isHome"": true, ""outcome"": true, ""keypass"": false}",
547410,Martin Ødegaard,16363257,rating-breakdown,passes,passes,,,,Arsenal,77.0,,40.4,20.4,47.8,29.8,True,True,1,boolean_field,success,True,,False,False,pass,rating-breakdown,True,40.4,20.4,47.8,29.8,pass,True,False,"{""playerCoordinates"": {""x"": 40.4, ""y"": 20.4}, ""passEndCoordinates"": {""x"": 47.8, ""y"": 29.8}, ""eventActionType"": ""pass"", ""isHome"": true, ""outcome"": true, ""keypass"": false}",
547410,Martin Ødegaard,16363257,rating-breakdown,passes,passes,,,,Arsenal,77.0,,68.8,71.1,95.3,71.2,True,True,1,boolean_field,success,True,,False,False,pass,rating-breakdown,True,68.8,71.1,95.3,71.2,pass,True,False,"{""playerCoordinates"": {""x"": 68.8, ""y"": 71.1}, ""passEndCoordinates"": {""x"": 95.3, ""y"": 71.2}, ""eventActionType"": ""pass"", ""isHome"": true, ""outcome"": true, ""keypass"": false}",
547410,Martin Ødegaard,16363257,rating-breakdown,passes,passes,,,,Arsenal,77.0,,72.5,24.2,86.7,26.2,True,True,1,boolean_field,success,True,,False,False,pass,rating-breakdown,True,72.5,24.2,86.7,26.2,pass,True,False,"{""playerCoordinates"": {""x"": 72.5, ""y"": 24.2}, ""passEndCoordinates"": {""x"": 86.7, ""y"": 26.2}, ""eventActionType"": ""pass"", ""isHome"": true, ""outcome"": true, ""keypass"": false}",
547410,Martin Ødegaard,16363257,rating-breakdown,passes,passes,,,,Arsenal,77.0,,74.9,5.4,94.4,7.7,,,,unresolvable,,,,False,False,pass,rating-breakdown,True,74.9,5.4,94.4,7.7,pass,True,False,"{""playerCoordinates"": {""x"": 74.9, ""y"": 5.4}, ""passEndCoordinates"": {""x"": 94.4, ""y"": 7.7}, ""eventActionType"": ""pass"", ""isHome"": true, ""keypass"": false}",
547410,Martin Ødegaard,16363257,rating-breakdown,passes,passes,,,,Arsenal,77.0,,34.2,61.5,29.7,42.1,True,True,1,boolean_field,success,True,,False,False,pass,rating-breakdown,True,34.2,61.5,29.7,42.1,pass,True,False,"{""playerCoordinates"": {""x"": 34.2, ""y"": 61.5}, ""passEndCoordinates"": {""x"": 29.7, ""y"": 42.1}, ""eventActionType"": ""pass"", ""isHome"": true, ""outcome"": true, ""keypass"": false}",
547410,Martin Ødegaard,16363257,rating-breakdown,passes,passes,,,,Arsenal,77.0,,29.1,43,31,22.4,True,True,1,boolean_field,success,True,,False,False,pass,rating-breakdown,True,29.1,43,31,22.4,pass,True,False,"{""playerCoordinates"": {""x"": 29.1, ""y"": 43}, ""passEndCoordinates"": {""x"": 31, ""y"": 22.4}, ""eventActionType"": ""pass"", ""isHome"": true, ""outcome"": true, ""keypass"": false}",
547410,Martin Ødegaard,16363257,rating-breakdown,passes,passes,,,,Arsenal,77.0,,44.4,36.2,46.3,70.5,True,True,1,boolean_field,success,True,,False,False,pass,rating-breakdown,True,44.4,36.2,46.3,70.5,pass,True,False,"{""playerCoordinates"": {""x"": 44.4, ""y"": 36.2}, ""passEndCoordinates"": {""x"": 46.3, ""y"": 70.5}, ""eventActionType"": ""pass"", ""isHome"": true, ""outcome"": true, ""keypass"": false}",
547410,Martin Ødegaard,16363257,rating-breakdown,passes,passes,,,,Arsenal,77.0,,74.6,65,88.3,56.4,True,True,1,boolean_field,success,True,,False,True,key_pass,rating-breakdown,True,74.6,65,88.3,56.4,pass,True,True,"{""playerCoordinates"": {""x"": 74.6, ""y"": 65}, ""passEndCoordinates"": {""x"": 88.3, ""y"": 56.4}, ""eventActionType"": ""pass"", ""isHome"": true, ""outcome"": true, ""keypass"": true}",
547410,Martin Ødegaard,16363257,rating-breakdown,passes,passes,,,,Arsenal,77.0,,69.8,24.6,77.1,29.5,True,True,1,boolean_field,success,True,,False,False,pass,rating-breakdown,True,69.8,24.6,77.1,29.5,pass,True,False,"{""playerCoordinates"": {""x"": 69.8, ""y"": 24.6}, ""passEndCoordinates"": {""x"": 77.1, ""y"": 29.5}, ""eventActionType"": ""pass"", ""isHome"": true, ""outcome"": true, ""keypass"": false}",
547410,Martin Ødegaard,16363257,rating-breakdown,passes,passes,,,,Arsenal,77.0,,84.6,22.7,89,17.1,True,True,1,boolean_field,success,True,,False,False,pass,rating-breakdown,True,84.6,22.7,89,17.1,pass,True,False,"{""playerCoordinates"": {""x"": 84.6, ""y"": 22.7}, ""passEndCoordinates"": {""x"": 89, ""y"": 17.1}, ""eventActionType"": ""pass"", ""isHome"": true, ""outcome"": true, ""keypass"": false}",
547410,Martin Ødegaard,16363257,rating-breakdown,passes,passes,,,,Arsenal,77.0,,83.2,25.2,89.2,29.9,True,True,1,boolean_field,success,True,,False,False,pass,rating-breakdown,True,83.2,25.2,89.2,29.9,pass,True,False,"{""playerCoordinates"": {""x"": 83.2, ""y"": 25.2}, ""passEndCoordinates"": {""x"": 89.2, ""y"": 29.9}, ""eventActionType"": ""pass"", ""isHome"": true, ""outcome"": true, ""keypass"": false}",
547410,Martin Ødegaard,16363257,rating-breakdown,passes,passes,,,,Arsenal,77.0,,87.2,15.8,88.8,18.8,,,,unresolvable,,,,False,False,pass,rating-breakdown,True,87.2,15.8,88.8,18.8,cross,True,False,"{""playerCoordinates"": {""x"": 87.2, ""y"": 15.8}, ""passEndCoordinates"": {""x"": 88.8, ""y"": 18.8}, ""eventActionType"": ""cross"", ""isHome"": true, ""keypass"": false}",
547410,Martin Ødegaard,16363257,rating-breakdown,passes,passes,,,,Arsenal,77.0,,27.1,64.6,56.7,85.3,,,,unresolvable,,,,False,False,pass,rating-breakdown,True,27.1,64.6,56.7,85.3,pass,True,False,"{""playerCoordinates"": {""x"": 27.1, ""y"": 64.6}, ""passEndCoordinates"": {""x"": 56.7, ""y"": 85.3}, ""eventActionType"": ""pass"", ""isHome"": true, ""keypass"": false, ""isLongBall"": true}",True
547410,Martin Ødegaard,16363257,rating-breakdown,passes,passes,,,,Arsenal,77.0,,26.9,68.3,31,84,True,True,1,boolean_field,success,True,,False,False,pass,rating-breakdown,True,26.9,68.3,31,84,pass,True,False,"{""playerCoordinates"": {""x"": 26.9, ""y"": 68.3}, ""passEndCoordinates"": {""x"": 31, ""y"": 84}, ""eventActionType"": ""pass"", ""isHome"": true, ""outcome"": true, ""keypass"": false}",
547410,Martin Ødegaard,16363257,rating-breakdown,passes,passes,,,,Arsenal,77.0,,27.9,79.4,29.4,92.4,True,True,1,boolean_field,success,True,,False,False,pass,rating-breakdown,True,27.9,79.4,29.4,92.4,pass,True,False,"{""playerCoordinates"": {""x"": 27.9, ""y"": 79.4}, ""passEndCoordinates"": {""x"": 29.4, ""y"": 92.4}, ""eventActionType"": ""pass"", ""isHome"": true, ""outcome"": true, ""keypass"": false}",
547410,Martin Ødegaard,16363257,rating-breakdown,passes,passes,,,,Arsenal,77.0,,24.7,68.6,25.3,75.6,True,True,1,boolean_field,success,True,,False,False,pass,rating-breakdown,True,24.7,68.6,25.3,75.6,pass,True,False,"{""playerCoordinates"": {""x"": 24.7, ""y"": 68.6}, ""passEndCoordinates"": {""x"": 25.3, ""y"": 75.6}, ""eventActionType"": ""pass"", ""isHome"": true, ""outcome"": true, ""keypass"": false}",
547410,Martin Ødegaard,16363257,rating-breakdown,passes,passes,,,,Arsenal,77.0,,46.3,50.5,55.3,52.8,True,True,1,boolean_field,success,True,,False,False,pass,rating-breakdown,True,46.3,50.5,55.3,52.8,pass,True,False,"{""playerCoordinates"": {""x"": 46.3, ""y"": 50.5}, ""passEndCoordinates"": {""x"": 55.3, ""y"": 52.8}, ""eventActionType"": ""pass"", ""isHome"": true, ""outcome"": true, ""keypass"": false}",
547410,Martin Ødegaard,16363257,rating-breakdown,passes,passes,,,,Arsenal,77.0,,35.5,11.6,26.7,7.1,True,True,1,boolean_field,success,True,,False,False,pass,rating-breakdown,True,35.5,11.6,26.7,7.1,pass,True,False,"{""playerCoordinates"": {""x"": 35.5, ""y"": 11.6}, ""passEndCoordinates"": {""x"": 26.7, ""y"": 7.1}, ""eventActionType"": ""pass"", ""isHome"": true, ""outcome"": true, ""keypass"": false}",
547410,Martin Ødegaard,16363257,rating-breakdown,ball-carries,ball-carries,,,,Arsenal,77.0,,49.1,49.1,52.1,49.8,,,,unresolvable,,,,False,False,,rating-breakdown,True,49.1,49.1,52.1,49.8,ball-carry,True,,"{""playerCoordinates"": {""x"": 49.1, ""y"": 49.1}, ""passEndCoordinates"": {""x"": 52.1, ""y"": 49.8}, ""eventActionType"": ""ball-carry"", ""isHome"": true}",
547410,Martin Ødegaard,16363257,rating-breakdown,ball-carries,ball-carries,,,,Arsenal,77.0,,85.3,28.9,80.6,31,,,,unresolvable,,,,False,False,,rating-breakdown,True,85.3,28.9,80.6,31,ball-carry,True,,"{""playerCoordinates"": {""x"": 85.3, ""y"": 28.9}, ""passEndCoordinates"": {""x"": 80.6, ""y"": 31}, ""eventActionType"": ""ball-carry"", ""isHome"": true}",
547410,Martin Ødegaard,16363257,rating-breakdown,ball-carries,ball-carries,,,,Arsenal,77.0,,61.2,30,63.7,26.2,,,,unresolvable,,,,False,False,,rating-breakdown,True,61.2,30,63.7,26.2,ball-carry,True,,"{""playerCoordinates"": {""x"": 61.2, ""y"": 30}, ""passEndCoordinates"": {""x"": 63.7, ""y"": 26.2}, ""eventActionType"": ""ball-carry"", ""isHome"": true}",
547410,Martin Ødegaard,16363257,rating-breakdown,ball-carries,ball-carries,,,,Arsenal,77.0,,65.3,48,59.5,42.3,,,,unresolvable,,,,False,False,,rating-breakdown,True,65.3,48,59.5,42.3,ball-carry,True,,"{""playerCoordinates"": {""x"": 65.3, ""y"": 48}, ""passEndCoordinates"": {""x"": 59.5, ""y"": 42.3}, ""eventActionType"": ""ball-carry"", ""isHome"": true}",
547410,Martin Ødegaard,16363257,rating-breakdown,ball-carries,ball-carries,,,,Arsenal,77.0,,67,8.2,70.8,31.8,,,,unresolvable,,,,False,False,,rating-breakdown,True,67,8.2,70.8,31.8,ball-carry,True,,"{""playerCoordinates"": {""x"": 67, ""y"": 8.2}, ""passEndCoordinates"": {""x"": 70.8, ""y"": 31.8}, ""eventActionType"": ""ball-carry"", ""isHome"": true}",
547410,Martin Ødegaard,16363257,rating-breakdown,ball-carries,ball-carries,,,,Arsenal,77.0,,59.8,27.9,65.6,20.6,,,,unresolvable,,,,False,False,,rating-breakdown,True,59.8,27.9,65.6,20.6,ball-carry,True,,"{""playerCoordinates"": {""x"": 59.8, ""y"": 27.9}, ""passEndCoordinates"": {""x"": 65.6, ""y"": 20.6}, ""eventActionType"": ""ball-carry"", ""isHome"": true}",
547410,Martin Ødegaard,16363257,rating-breakdown,ball-carries,ball-carries,,,,Arsenal,77.0,,75.1,87.1,72.4,88.9,,,,unresolvable,,,,False,False,,rating-breakdown,True,75.1,87.1,72.4,88.9,ball-carry,True,,"{""playerCoordinates"": {""x"": 75.1, ""y"": 87.1}, ""passEndCoordinates"": {""x"": 72.4, ""y"": 88.9}, ""eventActionType"": ""ball-carry"", ""isHome"": true}",
547410,Martin Ødegaard,16363257,rating-breakdown,ball-carries,ball-carries,,,,Arsenal,77.0,,77.8,84.4,74.8,68.3,,,,unresolvable,,,,False,False,,rating-breakdown,True,77.8,84.4,74.8,68.3,ball-carry,True,,"{""playerCoordinates"": {""x"": 77.8, ""y"": 84.4}, ""passEndCoordinates"": {""x"": 74.8, ""y"": 68.3}, ""eventActionType"": ""ball-carry"", ""isHome"": true}",
547410,Martin Ødegaard,16363257,rating-breakdown,ball-carries,ball-carries,,,,Arsenal,77.0,,62.1,61.7,66.7,73,,,,unresolvable,,,,False,False,,rating-breakdown,True,62.1,61.7,66.7,73,ball-carry,True,,"{""playerCoordinates"": {""x"": 62.1, ""y"": 61.7}, ""passEndCoordinates"": {""x"": 66.7, ""y"": 73}, ""eventActionType"": ""ball-carry"", ""isHome"": true}",
547410,Martin Ødegaard,16363257,rating-breakdown,ball-carries,ball-carries,,,,Arsenal,77.0,,74.2,23.6,69.6,26.2,,,,unresolvable,,,,False,False,,rating-breakdown,True,74.2,23.6,69.6,26.2,ball-carry,True,,"{""playerCoordinates"": {""x"": 74.2, ""y"": 23.6}, ""passEndCoordinates"": {""x"": 69.6, ""y"": 26.2}, ""eventActionType"": ""ball-carry"", ""isHome"": true}",
547410,Martin Ødegaard,16363257,rating-breakdown,ball-carries,ball-carries,,,,Arsenal,77.0,,36.6,30.4,40.8,34.8,,,,unresolvable,,,,False,False,,rating-breakdown,True,36.6,30.4,40.8,34.8,ball-carry,True,,"{""playerCoordinates"": {""x"": 36.6, ""y"": 30.4}, ""passEndCoordinates"": {""x"": 40.8, ""y"": 34.8}, ""eventActionType"": ""ball-carry"", ""isHome"": true}",
547410,Martin Ødegaard,16363257,rating-breakdown,ball-carries,ball-carries,,,,Arsenal,77.0,,87.2,50.5,90.2,51.6,,,,unresolvable,,,,False,False,,rating-breakdown,True,87.2,50.5,90.2,51.6,ball-carry,True,,"{""playerCoordinates"": {""x"": 87.2, ""y"": 50.5}, ""passEndCoordinates"": {""x"": 90.2, ""y"": 51.6}, ""eventActionType"": ""ball-carry"", ""isHome"": true}",
547410,Martin Ødegaard,16363257,rating-breakdown,ball-carries,ball-carries,,,,Arsenal,77.0,,73.3,90,68.6,75.5,,,,unresolvable,,,,False,False,,rating-breakdown,True,73.3,90,68.6,75.5,ball-carry,True,,"{""playerCoordinates"": {""x"": 73.3, ""y"": 90}, ""passEndCoordinates"": {""x"": 68.6, ""y"": 75.5}, ""eventActionType"": ""ball-carry"", ""isHome"": true}",
547410,Martin Ødegaard,16363257,rating-breakdown,ball-carries,ball-carries,,,,Arsenal,77.0,,54.1,50.9,57.8,62.7,,,,unresolvable,,,,False,False,,rating-breakdown,True,54.1,50.9,57.8,62.7,ball-carry,True,,"{""playerCoordinates"": {""x"": 54.1, ""y"": 50.9}, ""passEndCoordinates"": {""x"": 57.8, ""y"": 62.7}, ""eventActionType"": ""ball-carry"", ""isHome"": true}",
547410,Martin Ødegaard,16363257,rating-breakdown,ball-carries,ball-carries,,,,Arsenal,77.0,,64.2,73.5,63.9,78,,,,unresolvable,,,,False,False,,rating-breakdown,True,64.2,73.5,63.9,78,ball-carry,True,,"{""playerCoordinates"": {""x"": 64.2, ""y"": 73.5}, ""passEndCoordinates"": {""x"": 63.9, ""y"": 78}, ""eventActionType"": ""ball-carry"", ""isHome"": true}",
547410,Martin Ødegaard,16363257,rating-breakdown,ball-carries,ball-carries,,,,Arsenal,77.0,,76.4,30.9,78.2,36.2,,,,unresolvable,,,,False,False,,rating-breakdown,True,76.4,30.9,78.2,36.2,ball-carry,True,,"{""playerCoordinates"": {""x"": 76.4, ""y"": 30.9}, ""passEndCoordinates"": {""x"": 78.2, ""y"": 36.2}, ""eventActionType"": ""ball-carry"", ""isHome"": true}",
547410,Martin Ødegaard,16363257,rating-breakdown,ball-carries,ball-carries,,,,Arsenal,77.0,,74.9,70.6,80,66.7,,,,unresolvable,,,,False,False,,rating-breakdown,True,74.9,70.6,80,66.7,ball-carry,True,,"{""playerCoordinates"": {""x"": 74.9, ""y"": 70.6}, ""passEndCoordinates"": {""x"": 80, ""y"": 66.7}, ""eventActionType"": ""ball-carry"", ""isHome"": true}",
547410,Martin Ødegaard,16363257,rating-breakdown,ball-carries,ball-carries,,,,Arsenal,77.0,,39.7,82.4,34.2,61.5,,,,unresolvable,,,,False,False,,rating-breakdown,True,39.7,82.4,34.2,61.5,ball-carry,True,,"{""playerCoordinates"": {""x"": 39.7, ""y"": 82.4}, ""passEndCoordinates"": {""x"": 34.2, ""y"": 61.5}, ""eventActionType"": ""ball-carry"", ""isHome"": true}",
547410,Martin Ødegaard,16363257,rating-breakdown,ball-carries,ball-carries,,,,Arsenal,77.0,,32.5,43.9,29.1,43,,,,unresolvable,,,,False,False,,rating-breakdown,True,32.5,43.9,29.1,43,ball-carry,True,,"{""playerCoordinates"": {""x"": 32.5, ""y"": 43.9}, ""passEndCoordinates"": {""x"": 29.1, ""y"": 43}, ""eventActionType"": ""ball-carry"", ""isHome"": true}",
547410,Martin Ødegaard,16363257,rating-breakdown,ball-carries,ball-carries,,,,Arsenal,77.0,,43.9,30,44.4,36.2,,,,unresolvable,,,,False,False,,rating-breakdown,True,43.9,30,44.4,36.2,ball-carry,True,,"{""playerCoordinates"": {""x"": 43.9, ""y"": 30}, ""passEndCoordinates"": {""x"": 44.4, ""y"": 36.2}, ""eventActionType"": ""ball-carry"", ""isHome"": true}",
547410,Martin Ødegaard,16363257,rating-breakdown,ball-carries,ball-carries,,,,Arsenal,77.0,,78.8,67.1,74.6,65,,,,unresolvable,,,,False,False,,rating-breakdown,True,78.8,67.1,74.6,65,ball-carry,True,,"{""playerCoordinates"": {""x"": 78.8, ""y"": 67.1}, ""passEndCoordinates"": {""x"": 74.6, ""y"": 65}, ""eventActionType"": ""ball-carry"", ""isHome"": true}",
547410,Martin Ødegaard,16363257,rating-breakdown,ball-carries,ball-carries,,,,Arsenal,77.0,,58.4,25.1,74.5,25.6,,,,unresolvable,,,,False,False,,rating-breakdown,True,58.4,25.1,74.5,25.6,ball-carry,True,,"{""playerCoordinates"": {""x"": 58.4, ""y"": 25.1}, ""passEndCoordinates"": {""x"": 74.5, ""y"": 25.6}, ""eventActionType"": ""ball-carry"", ""isHome"": true}",
547410,Martin Ødegaard,16363257,rating-breakdown,ball-carries,ball-carries,,,,Arsenal,77.0,,80.4,23,84.6,22.7,,,,unresolvable,,,,False,False,,rating-breakdown,True,80.4,23,84.6,22.7,ball-carry,True,,"{""playerCoordinates"": {""x"": 80.4, ""y"": 23}, ""passEndCoordinates"": {""x"": 84.6, ""y"": 22.7}, ""eventActionType"": ""ball-carry"", ""isHome"": true}",
547410,Martin Ødegaard,16363257,rating-breakdown,ball-carries,ball-carries,,,,Arsenal,77.0,,37.9,54.7,40.6,52.3,,,,unresolvable,,,,False,False,,rating-breakdown,True,37.9,54.7,40.6,52.3,ball-carry,True,,"{""playerCoordinates"": {""x"": 37.9, ""y"": 54.7}, ""passEndCoordinates"": {""x"": 40.6, ""y"": 52.3}, ""eventActionType"": ""ball-carry"", ""isHome"": true}",
547410,Martin Ødegaard,16363257,rating-breakdown,ball-carries,ball-carries,,,,Arsenal,77.0,,31.6,8.8,35.5,11.6,,,,unresolvable,,,,False,False,,rating-breakdown,True,31.6,8.8,35.5,11.6,ball-carry,True,,"{""playerCoordinates"": {""x"": 31.6, ""y"": 8.8}, ""passEndCoordinates"": {""x"": 35.5, ""y"": 11.6}, ""eventActionType"": ""ball-carry"", ""isHome"": true}",
547410,Martin Ødegaard,16363257,rating-breakdown,ball-carries,ball-carries,,,,Arsenal,77.0,,53.3,77.6,54.1,72.2,,,,unresolvable,,,,False,False,,rating-breakdown,True,53.3,77.6,54.1,72.2,ball-carry,True,,"{""playerCoordinates"": {""x"": 53.3, ""y"": 77.6}, ""passEndCoordinates"": {""x"": 54.1, ""y"": 72.2}, ""eventActionType"": ""ball-carry"", ""isHome"": true}",
547410,Martin Ødegaard,16363257,rating-breakdown,defensive,defensive,,,,Arsenal,77.0,,62.1,61.7,,,True,True,1,boolean_field,success,,True,False,False,,rating-breakdown,True,62.1,61.7,,,ball-recovery,True,False,"{""playerCoordinates"": {""x"": 62.1, ""y"": 61.7}, ""eventActionType"": ""ball-recovery"", ""isHome"": true, ""outcome"": true, ""keypass"": false}",
547410,Martin Ødegaard,16363257,rating-breakdown,defensive,defensive,,,,Arsenal,77.0,,36.6,30.4,,,True,True,1,boolean_field,success,,True,False,False,,rating-breakdown,True,36.6,30.4,,,ball-recovery,True,False,"{""playerCoordinates"": {""x"": 36.6, ""y"": 30.4}, ""eventActionType"": ""ball-recovery"", ""isHome"": true, ""outcome"": true, ""keypass"": false}",
547410,Martin Ødegaard,16363257,rating-breakdown,defensive,defensive,,,,Arsenal,77.0,,23.6,69.4,,,True,True,1,boolean_field,success,,True,False,False,,rating-breakdown,True,23.6,69.4,,,ball-recovery,True,False,"{""playerCoordinates"": {""x"": 23.6, ""y"": 69.4}, ""eventActionType"": ""ball-recovery"", ""isHome"": true, ""outcome"": true, ""keypass"": false}",
