canonical_key,date,home_team,away_team,competition,round,sofascore_event_id,whoscored_match_id,match_confidence,match_method
None|koln|hoffenheim,,1. FC Köln,TSG Hoffenheim,Bundesliga,1,16434022,1995395,100.0,exact
None|union berlin|eintracht frankfurt,,1. FC Union Berlin,Eintracht Frankfurt,Bundesliga,1,16434026,1995392,100.0,exact
None|mainz|paderborn,,1. FSV Mainz 05,SC Paderborn 07,Bundesliga,1,16434044,1995398,100.0,exact
None|borussia dortmund|hamburg,,Borussia Dortmund,Hamburger SV,Bundesliga,1,16434025,1995391,100.0,exact
None|augsburg|schalke,,FC Augsburg,FC Schalke 04,Bundesliga,1,16434039,1995389,100.0,exact
None|bayern munich|stuttgart,,FC Bayern München,VfB Stuttgart,Bundesliga,1,16434087,1995388,100.0,exact
None|leipzig|borussia mgladbach,,RB Leipzig,Borussia M'gladbach,Bundesliga,1,16434023,1995390,100.0,exact
None|freiburg|werder bremen,,SC Freiburg,SV Werder Bremen,Bundesliga,1,16434029,1995396,100.0,exact
None|elversberg|leverkusen,,SV 07 Elversberg,Bayer 04 Leverkusen,Bundesliga,1,16434020,1995393,100.0,exact
None|leverkusen|union berlin,,Bayer 04 Leverkusen,1. FC Union Berlin,Bundesliga,2,16434042,1995394,100.0,exact
None|borussia mgladbach|elversberg,,Borussia M'gladbach,SV 07 Elversberg,Bundesliga,2,16434028,1995397,100.0,exact
None|eintracht frankfurt|augsburg,,Eintracht Frankfurt,FC Augsburg,Bundesliga,2,16434021,1995399,100.0,exact
None|schalke|bayern munich,,FC Schalke 04,FC Bayern München,Bundesliga,2,16434032,1995405,100.0,exact
None|hamburg|mainz,,Hamburger SV,1. FSV Mainz 05,Bundesliga,2,16434030,1995400,100.0,exact
None|paderborn|freiburg,,SC Paderborn 07,SC Freiburg,Bundesliga,2,16434024,1995403,100.0,exact
None|werder bremen|leipzig,,SV Werder Bremen,RB Leipzig,Bundesliga,2,16434101,1995410,100.0,exact
None|hoffenheim|borussia dortmund,,TSG Hoffenheim,Borussia Dortmund,Bundesliga,2,16434019,1995401,100.0,exact
None|stuttgart|koln,,VfB Stuttgart,1. FC Köln,Bundesliga,2,16434036,1995408,100.0,exact
None|koln|werder bremen,,1. FC Köln,SV Werder Bremen,Bundesliga,3,16434027,1995417,100.0,exact
None|union berlin|schalke,,1. FC Union Berlin,FC Schalke 04,Bundesliga,3,16434045,1995427,100.0,exact
None|mainz|eintracht frankfurt,,1. FSV Mainz 05,Eintracht Frankfurt,Bundesliga,3,16434018,1995423,100.0,exact
None|borussia dortmund|paderborn,,Borussia Dortmund,SC Paderborn 07,Bundesliga,3,16434037,1995413,100.0,exact
None|augsburg|leverkusen,,FC Augsburg,Bayer 04 Leverkusen,Bundesliga,3,16434031,1995412,100.0,exact
None|leipzig|hamburg,,RB Leipzig,Hamburger SV,Bundesliga,3,16434043,1995425,100.0,exact
None|freiburg|borussia mgladbach,,SC Freiburg,Borussia M'gladbach,Bundesliga,3,16434040,1995419,100.0,exact
None|elversberg|bayern munich,,SV 07 Elversberg,FC Bayern München,Bundesliga,3,16434041,1995415,100.0,exact
None|hoffenheim|stuttgart,,TSG Hoffenheim,VfB Stuttgart,Bundesliga,3,16434035,1995421,100.0,exact
None|bolton wanderers|preston north end,,Bolton Wanderers,Preston North End,Championship,1,16391135,,0.0,unmatched
None|bristol city|millwall,,Bristol City,Millwall,Championship,1,16391136,,0.0,unmatched
None|burnley|west ham united,,Burnley,West Ham United,Championship,1,16391144,,0.0,unmatched
None|cardiff city|wrexham,,Cardiff City,Wrexham,Championship,1,16391145,,0.0,unmatched
None|charlton athletic|derby county,,Charlton Athletic,Derby County,Championship,1,16391137,,0.0,unmatched
None|middlesbrough|lincoln city,,Middlesbrough,Lincoln City,Championship,1,16391138,,0.0,unmatched
None|norwich city|west bromwich albion,,Norwich City,West Bromwich Albion,Championship,1,16391139,,0.0,unmatched
None|portsmouth|queens park rangers,,Portsmouth,Queens Park Rangers,Championship,1,16391140,,0.0,unmatched
None|sheffield united|birmingham city,,Sheffield United,Birmingham City,Championship,1,16391142,,0.0,unmatched
None|stoke city|swansea city,,Stoke City,Swansea City,Championship,1,16391141,,0.0,unmatched
None|watford|southampton,,Watford,Southampton,Championship,1,16391143,,0.0,unmatched
None|wolverhampton|blackburn rovers,,Wolverhampton,Blackburn Rovers,Championship,1,16391133,,0.0,unmatched
None|birmingham city|bristol city,,Birmingham City,Bristol City,Championship,2,16391147,,0.0,unmatched
None|blackburn rovers|middlesbrough,,Blackburn Rovers,Middlesbrough,Championship,2,16391148,,0.0,unmatched
None|derby county|cardiff city,,Derby County,Cardiff City,Championship,2,16391149,,0.0,unmatched
None|lincoln city|portsmouth,,Lincoln City,Portsmouth,Championship,2,16391150,,0.0,unmatched
None|millwall|norwich city,,Millwall,Norwich City,Championship,2,16391151,,0.0,unmatched
None|preston north end|wolverhampton,,Preston North End,Wolverhampton,Championship,2,16391152,,0.0,unmatched
None|queens park rangers|bolton wanderers,,Queens Park Rangers,Bolton Wanderers,Championship,2,16391153,,0.0,unmatched
None|southampton|stoke city,,Southampton,Stoke City,Championship,2,16391154,,0.0,unmatched
None|swansea city|sheffield united,,Swansea City,Sheffield United,Championship,2,16391155,,0.0,unmatched
None|west bromwich albion|burnley,,West Bromwich Albion,Burnley,Championship,2,16391156,,0.0,unmatched
None|west ham united|charlton athletic,,West Ham United,Charlton Athletic,Championship,2,16391157,,0.0,unmatched
None|wrexham|watford,,Wrexham,Watford,Championship,2,16391179,,0.0,unmatched
None|blackburn rovers|queens park rangers,,Blackburn Rovers,Queens Park Rangers,Championship,3,16391180,,0.0,unmatched
None|bolton wanderers|lincoln city,,Bolton Wanderers,Lincoln City,Championship,3,16391181,,0.0,unmatched
None|bristol city|portsmouth,,Bristol City,Portsmouth,Championship,3,16391182,,0.0,unmatched
None|cardiff city|sheffield united,,Cardiff City,Sheffield United,Championship,3,16391183,,0.0,unmatched
None|charlton athletic|preston north end,,Charlton Athletic,Preston North End,Championship,3,16391184,,0.0,unmatched
None|derby county|swansea city,,Derby County,Swansea City,Championship,3,16391185,,0.0,unmatched
None|middlesbrough|west bromwich albion,,Middlesbrough,West Bromwich Albion,Championship,3,16391186,,0.0,unmatched
None|norwich city|burnley,,Norwich City,Burnley,Championship,3,16391187,,0.0,unmatched
None|southampton|millwall,,Southampton,Millwall,Championship,3,16391188,,0.0,unmatched
None|watford|west ham united,,Watford,West Ham United,Championship,3,16391189,,0.0,unmatched
None|wolverhampton|stoke city,,Wolverhampton,Stoke City,Championship,3,16391190,,0.0,unmatched
None|wrexham|birmingham city,,Wrexham,Birmingham City,Championship,3,16391191,,0.0,unmatched
None|birmingham city|southampton,,Birmingham City,Southampton,Championship,4,16391192,,0.0,unmatched
None|burnley|middlesbrough,,Burnley,Middlesbrough,Championship,4,16391641,,0.0,unmatched
None|lincoln city|blackburn rovers,,Lincoln City,Blackburn Rovers,Championship,4,16391193,,0.0,unmatched
None|millwall|wrexham,,Millwall,Wrexham,Championship,4,16391642,,0.0,unmatched
None|portsmouth|derby county,,Portsmouth,Derby County,Championship,4,16391194,,0.0,unmatched
None|preston north end|bristol city,,Preston North End,Bristol City,Championship,4,16391195,,0.0,unmatched
None|queens park rangers|cardiff city,,Queens Park Rangers,Cardiff City,Championship,4,16391643,,0.0,unmatched
None|sheffield united|bolton wanderers,,Sheffield United,Bolton Wanderers,Championship,4,16391196,,0.0,unmatched
None|stoke city|norwich city,,Stoke City,Norwich City,Championship,4,16391197,,0.0,unmatched
None|swansea city|watford,,Swansea City,Watford,Championship,4,16391198,,0.0,unmatched
None|west bromwich albion|charlton athletic,,West Bromwich Albion,Charlton Athletic,Championship,4,16391644,,0.0,unmatched
None|west ham united|wolverhampton,,West Ham United,Wolverhampton,Championship,4,16391640,,0.0,unmatched
None|birmingham city|wolverhampton,,Birmingham City,Wolverhampton,Championship,5,16391645,,0.0,unmatched
None|burnley|bristol city,,Burnley,Bristol City,Championship,5,16391646,,0.0,unmatched
None|lincoln city|southampton,,Lincoln City,Southampton,Championship,5,16391647,,0.0,unmatched
None|millwall|bolton wanderers,,Millwall,Bolton Wanderers,Championship,5,16391648,,0.0,unmatched
None|portsmouth|cardiff city,,Portsmouth,Cardiff City,Championship,5,16391649,,0.0,unmatched
None|preston north end|blackburn rovers,,Preston North End,Blackburn Rovers,Championship,5,16391650,,0.0,unmatched
None|queens park rangers|middlesbrough,,Queens Park Rangers,Middlesbrough,Championship,5,16391651,,0.0,unmatched
None|sheffield united|norwich city,,Sheffield United,Norwich City,Championship,5,16391652,,0.0,unmatched
None|stoke city|charlton athletic,,Stoke City,Charlton Athletic,Championship,5,16391653,,0.0,unmatched
None|swansea city|wrexham,,Swansea City,Wrexham,Championship,5,16391654,,0.0,unmatched
None|west bromwich albion|watford,,West Bromwich Albion,Watford,Championship,5,16391655,,0.0,unmatched
None|west ham united|derby county,,West Ham United,Derby County,Championship,5,16391656,,0.0,unmatched
None|blackburn rovers|sheffield united,,Blackburn Rovers,Sheffield United,Championship,6,16391657,,0.0,unmatched
None|bolton wanderers|west ham united,,Bolton Wanderers,West Ham United,Championship,6,16391659,,0.0,unmatched
None|cardiff city|stoke city,,Cardiff City,Stoke City,Championship,6,16391661,,0.0,unmatched
None|charlton athletic|queens park rangers,,Charlton Athletic,Queens Park Rangers,Championship,6,16391666,,0.0,unmatched
None|derby county|west bromwich albion,,Derby County,West Bromwich Albion,Championship,6,16391667,,0.0,unmatched
None|norwich city|birmingham city,,Norwich City,Birmingham City,Championship,6,16391668,,0.0,unmatched
None|southampton|swansea city,,Southampton,Swansea City,Championship,6,16391663,,0.0,unmatched
None|watford|preston north end,,Watford,Preston North End,Championship,6,16391664,,0.0,unmatched
None|wrexham|burnley,,Wrexham,Burnley,Championship,6,16391669,,0.0,unmatched
None|blackburn rovers|millwall,,Blackburn Rovers,Millwall,Championship,7,16391670,,0.0,unmatched
None|bolton wanderers|cardiff city,,Bolton Wanderers,Cardiff City,Championship,7,16391671,,0.0,unmatched
None|charlton athletic|portsmouth,,Charlton Athletic,Portsmouth,Championship,7,16391672,,0.0,unmatched
None|derby county|birmingham city,,Derby County,Birmingham City,Championship,7,16391673,,0.0,unmatched
None|middlesbrough|norwich city,,Middlesbrough,Norwich City,Championship,7,16391674,,0.0,unmatched
None|preston north end|lincoln city,,Preston North End,Lincoln City,Championship,7,16391675,,0.0,unmatched
None|sheffield united|wolverhampton,,Sheffield United,Wolverhampton,Championship,7,16391676,,0.0,unmatched
None|southampton|bristol city,,Southampton,Bristol City,Championship,7,16391678,,0.0,unmatched
None|swansea city|burnley,,Swansea City,Burnley,Championship,7,16391679,,0.0,unmatched
None|watford|stoke city,,Watford,Stoke City,Championship,7,16391680,,0.0,unmatched
None|west bromwich albion|queens park rangers,,West Bromwich Albion,Queens Park Rangers,Championship,7,16391681,,0.0,unmatched
None|west ham united|wrexham,,West Ham United,Wrexham,Championship,7,16391682,,0.0,unmatched
None|atletico|malaga,,Atlético Madrid,Málaga CF,La Liga,1,16421055,1993898,100.0,exact
None|celta vigo|osasuna,,Celta Vigo,Osasuna,La Liga,1,16815992,1993899,100.0,exact
None|deportivo alaves|getafe,,Deportivo Alavés,Getafe,La Liga,1,16421047,1993897,100.0,exact
None|deportivo|elche,,Deportivo de A Coruña,Elche,La Liga,1,16421050,1993900,100.0,exact
None|espanyol|levante,,Espanyol,Levante UD,La Liga,1,16421053,1993901,100.0,exact
None|barcelona|athletic club,,FC Barcelona,Athletic Club,La Liga,1,16421059,1993902,100.0,exact
None|real madrid|real sociedad,,Real Madrid,Real Sociedad,La Liga,1,16421051,1993904,100.0,exact
None|racing santander|villarreal,,Real Racing Club,Villarreal,La Liga,1,16421061,1993903,94.7,fuzzy
None|sevilla|rayo vallecano,,Sevilla,Rayo Vallecano,La Liga,1,16421052,1993905,100.0,exact
None|valencia|real betis,,Valencia,Real Betis,La Liga,1,16421049,1993906,100.0,exact
None|athletic club|sevilla,,Athletic Club,Sevilla,La Liga,2,16416301,1993907,100.0,exact
None|atletico|villarreal,,Atlético Madrid,Villarreal,La Liga,2,16416302,1993908,94.7,fuzzy
None|elche|barcelona,,Elche,FC Barcelona,La Liga,2,16416311,1993910,100.0,exact
None|espanyol|real madrid,,Espanyol,Real Madrid,La Liga,2,16416306,1993911,100.0,exact
None|getafe|racing santander,,Getafe,Real Racing Club,La Liga,2,16416300,1993912,100.0,exact
None|malaga|deportivo,,Málaga CF,Deportivo de A Coruña,La Liga,2,16416307,1993913,100.0,exact
None|osasuna|levante,,Osasuna,Levante UD,La Liga,2,16416296,1993914,100.0,exact
None|rayo vallecano|deportivo alaves,,Rayo Vallecano,Deportivo Alavés,La Liga,2,16416292,1993915,100.0,exact
None|real betis|real sociedad,,Real Betis,Real Sociedad,La Liga,2,16416293,1993909,100.0,exact
None|valencia|celta vigo,,Valencia,Celta Vigo,La Liga,2,16416298,1993916,100.0,exact
None|celta vigo|athletic club,,Celta Vigo,Athletic Club,La Liga,3,16416308,1993918,100.0,exact
None|deportivo alaves|villarreal,,Deportivo Alavés,Villarreal,La Liga,3,16416290,1993917,94.7,fuzzy
None|deportivo|valencia,,Deportivo de A Coruña,Valencia,La Liga,3,16416291,1993919,100.0,exact
None|barcelona|rayo vallecano,,FC Barcelona,Rayo Vallecano,La Liga,3,16416295,1993920,100.0,exact
None|levante|real betis,,Levante UD,Real Betis,La Liga,3,16416309,1993921,100.0,exact
None|osasuna|getafe,,Osasuna,Getafe,La Liga,3,16416314,1993922,100.0,exact
None|real madrid|malaga,,Real Madrid,Málaga CF,La Liga,3,16416312,1993924,100.0,exact
None|racing santander|elche,,Real Racing Club,Elche,La Liga,3,16416304,1993923,100.0,exact
None|real sociedad|espanyol,,Real Sociedad,Espanyol,La Liga,3,16416310,1993925,100.0,exact
None|sevilla|atletico,,Sevilla,Atlético Madrid,La Liga,3,16416316,1993926,100.0,exact
None|athletic club|atletico,,Athletic Club,Atlético Madrid,La Liga,4,16416317,1993946,100.0,exact
None|deportivo alaves|osasuna,,Deportivo Alavés,Osasuna,La Liga,4,16416318,1993942,100.0,exact
None|elche|real sociedad,,Elche,Real Sociedad,La Liga,4,16416319,1993931,100.0,exact
None|espanyol|sevilla,,Espanyol,Sevilla,La Liga,4,16416323,1993933,100.0,exact
None|getafe|celta vigo,,Getafe,Celta Vigo,La Liga,4,16416348,1993936,100.0,exact
None|malaga|levante,,Málaga CF,Levante UD,La Liga,4,16416320,1993940,100.0,exact
None|rayo vallecano|racing santander,,Rayo Vallecano,Real Racing Club,La Liga,4,16416321,1993945,100.0,exact
None|real betis|real madrid,,Real Betis,Real Madrid,La Liga,4,16416315,1993928,100.0,exact
None|valencia|barcelona,,Valencia,FC Barcelona,La Liga,4,16416325,1993949,100.0,exact
None|villarreal|deportivo,,Villarreal,Deportivo de A Coruña,La Liga,4,16416324,1993927,94.7,fuzzy
None|athletic club|elche,,Athletic Club,Elche,La Liga,5,16416322,1993930,100.0,exact
None|celta vigo|malaga,,Celta Vigo,Málaga CF,La Liga,5,16416347,1993935,100.0,exact
None|getafe|deportivo,,Getafe,Deportivo de A Coruña,La Liga,5,16416326,1993938,100.0,exact
None|levante|barcelona,,Levante UD,FC Barcelona,La Liga,5,16416329,1993941,100.0,exact
None|osasuna|espanyol,,Osasuna,Espanyol,La Liga,5,16416327,1993943,100.0,exact
None|real madrid|rayo vallecano,,Real Madrid,Rayo Vallecano,La Liga,5,16416331,1994162,100.0,exact
None|racing santander|deportivo alaves,,Real Racing Club,Deportivo Alavés,La Liga,5,16416328,1994160,100.0,exact
None|real sociedad|atletico,,Real Sociedad,Atlético Madrid,La Liga,5,16416332,1994164,100.0,exact
None|sevilla|valencia,,Sevilla,Valencia,La Liga,5,16416330,1994166,100.0,exact
None|villarreal|real betis,,Villarreal,Real Betis,La Liga,5,16416333,1994168,94.7,fuzzy
None|real sociedad|celta vigo,,Real Sociedad,Celta Vigo,La Liga,6,16416340,1994148,100.0,exact
None|benfica|académico viseu,,Benfica,Académico Viseu FC,Liga Portugal Betclic,1,16450742,,0.0,unmatched
None|estrela amadora|sporting cp,,CF Estrela Amadora,Sporting CP,Liga Portugal Betclic,1,16450735,,0.0,unmatched
None|cs marítimo|casa pia,,CS Marítimo,Casa Pia,Liga Portugal Betclic,1,16450738,,0.0,unmatched
None|estoril praia|famalicão,,Estoril Praia,Famalicão,Liga Portugal Betclic,1,16450736,,0.0,unmatched
None|porto|alverca,,FC Porto,FC Alverca,Liga Portugal Betclic,1,16450740,,0.0,unmatched
None|gil vicente|rio ave,,Gil Vicente,Rio Ave,Liga Portugal Betclic,1,16450737,,0.0,unmatched
None|moreirense|sporting braga,,Moreirense,Sporting Braga,Liga Portugal Betclic,1,16450739,,0.0,unmatched
None|santa clara|nacional,,Santa Clara,CD Nacional,Liga Portugal Betclic,1,16450741,,0.0,unmatched
None|vitória|arouca,,Vitória SC,FC Arouca,Liga Portugal Betclic,1,16450743,,0.0,unmatched
None|académico viseu|santa clara,,Académico Viseu FC,Santa Clara,Liga Portugal Betclic,2,16450744,,0.0,unmatched
None|nacional|estoril praia,,CD Nacional,Estoril Praia,Liga Portugal Betclic,2,16450752,,0.0,unmatched
None|casa pia|benfica,,Casa Pia,Benfica,Liga Portugal Betclic,2,16450750,,0.0,unmatched
None|alverca|estrela amadora,,FC Alverca,CF Estrela Amadora,Liga Portugal Betclic,2,16450745,,0.0,unmatched
None|arouca|moreirense,,FC Arouca,Moreirense,Liga Portugal Betclic,2,16450747,,0.0,unmatched
None|famalicão|cs marítimo,,Famalicão,CS Marítimo,Liga Portugal Betclic,2,16450751,,0.0,unmatched
None|rio ave|porto,,Rio Ave,FC Porto,Liga Portugal Betclic,2,16450753,,0.0,unmatched
None|sporting cp|vitória,,Sporting CP,Vitória SC,Liga Portugal Betclic,2,16450754,,0.0,unmatched
None|estrela amadora|sporting braga,,CF Estrela Amadora,Sporting Braga,Liga Portugal Betclic,3,16450756,,0.0,unmatched
None|cs marítimo|académico viseu,,CS Marítimo,Académico Viseu FC,Liga Portugal Betclic,3,16450759,,0.0,unmatched
None|estoril praia|rio ave,,Estoril Praia,Rio Ave,Liga Portugal Betclic,3,16450757,,0.0,unmatched
None|porto|arouca,,FC Porto,FC Arouca,Liga Portugal Betclic,3,16450762,,0.0,unmatched
None|gil vicente|casa pia,,Gil Vicente,Casa Pia,Liga Portugal Betclic,3,16450758,,0.0,unmatched
None|moreirense|benfica,,Moreirense,Benfica,Liga Portugal Betclic,3,16450761,,0.0,unmatched
None|santa clara|famalicão,,Santa Clara,Famalicão,Liga Portugal Betclic,3,16450764,,0.0,unmatched
None|sporting cp|alverca,,Sporting CP,FC Alverca,Liga Portugal Betclic,3,16450765,,0.0,unmatched
None|vitória|nacional,,Vitória SC,CD Nacional,Liga Portugal Betclic,3,16450798,,0.0,unmatched
None|académico viseu|porto,,Académico Viseu FC,FC Porto,Liga Portugal Betclic,4,16450840,,0.0,unmatched
None|benfica|estoril praia,,Benfica,Estoril Praia,Liga Portugal Betclic,4,16450879,,0.0,unmatched
None|nacional|estrela amadora,,CD Nacional,CF Estrela Amadora,Liga Portugal Betclic,4,16450847,,0.0,unmatched
None|casa pia|moreirense,,Casa Pia,Moreirense,Liga Portugal Betclic,4,16450845,,0.0,unmatched
None|alverca|santa clara,,FC Alverca,Santa Clara,Liga Portugal Betclic,4,16450841,,0.0,unmatched
None|arouca|cs marítimo,,FC Arouca,CS Marítimo,Liga Portugal Betclic,4,16450843,,0.0,unmatched
None|famalicão|gil vicente,,Famalicão,Gil Vicente,Liga Portugal Betclic,4,16450846,,0.0,unmatched
None|rio ave|sporting cp,,Rio Ave,Sporting CP,Liga Portugal Betclic,4,16450848,,0.0,unmatched
None|sporting braga|vitória,,Sporting Braga,Vitória SC,Liga Portugal Betclic,4,16450844,,0.0,unmatched
None|estrela amadora|famalicão,,CF Estrela Amadora,Famalicão,Liga Portugal Betclic,5,16450881,,0.0,unmatched
None|cs marítimo|benfica,,CS Marítimo,Benfica,Liga Portugal Betclic,5,16450884,,0.0,unmatched
None|estoril praia|arouca,,Estoril Praia,FC Arouca,Liga Portugal Betclic,5,16450882,,0.0,unmatched
None|alverca|sporting braga,,FC Alverca,Sporting Braga,Liga Portugal Betclic,5,16450880,,0.0,unmatched
None|porto|moreirense,,FC Porto,Moreirense,Liga Portugal Betclic,5,16450885,,0.0,unmatched
None|gil vicente|académico viseu,,Gil Vicente,Académico Viseu FC,Liga Portugal Betclic,5,16450883,,0.0,unmatched
None|santa clara|rio ave,,Santa Clara,Rio Ave,Liga Portugal Betclic,5,16450886,,0.0,unmatched
None|sporting cp|nacional,,Sporting CP,CD Nacional,Liga Portugal Betclic,5,16450887,,0.0,unmatched
None|vitória|casa pia,,Vitória SC,Casa Pia,Liga Portugal Betclic,5,16450888,,0.0,unmatched
None|académico viseu|vitória,,Académico Viseu FC,Vitória SC,Liga Portugal Betclic,6,16432049,,0.0,unmatched
None|benfica|gil vicente,,Benfica,Gil Vicente,Liga Portugal Betclic,6,16432050,,0.0,unmatched
None|nacional|alverca,,CD Nacional,FC Alverca,Liga Portugal Betclic,6,16432048,,0.0,unmatched
None|casa pia|porto,,Casa Pia,FC Porto,Liga Portugal Betclic,6,16432053,,0.0,unmatched
None|arouca|santa clara,,FC Arouca,Santa Clara,Liga Portugal Betclic,6,16432063,,0.0,unmatched
None|famalicão|sporting cp,,Famalicão,Sporting CP,Liga Portugal Betclic,6,16432065,,0.0,unmatched
None|moreirense|cs marítimo,,Moreirense,CS Marítimo,Liga Portugal Betclic,6,16432039,,0.0,unmatched
None|rio ave|estrela amadora,,Rio Ave,CF Estrela Amadora,Liga Portugal Betclic,6,16432062,,0.0,unmatched
None|sporting braga|estoril praia,,Sporting Braga,Estoril Praia,Liga Portugal Betclic,6,16432051,,0.0,unmatched
None|angers|lille,,Angers,Lille,Ligue 1,1,16310918,1984058,100.0,exact
None|le havre|monaco,,Le Havre,AS Monaco,Ligue 1,1,16310919,1984059,100.0,exact
None|le mans|brest,,Le Mans,Stade Brestois,Ligue 1,1,16310920,1984060,100.0,exact
None|nice|lorient,,Nice,Lorient,Ligue 1,1,16310923,1984062,100.0,exact
None|marseille|strasbourg,,Olympique de Marseille,RC Strasbourg,Ligue 1,1,16310922,1984273,100.0,exact
None|lens|auxerre,,RC Lens,Auxerre,Ligue 1,1,16310921,1984272,100.0,exact
None|rennes|paris saintgermain,,Stade Rennais,Paris Saint-Germain,Ligue 1,1,16311125,1984066,97.3,fuzzy
None|toulouse|lyon,,Toulouse,Olympique Lyonnais,Ligue 1,1,16310926,1984070,100.0,exact
None|troyes|paris,,Troyes,Paris FC,Ligue 1,1,16310927,1984074,100.0,exact
None|monaco|marseille,,AS Monaco,Olympique de Marseille,Ligue 1,2,16310933,1984061,100.0,exact
None|auxerre|angers,,Auxerre,Angers,Ligue 1,2,16310928,1984079,100.0,exact
None|lille|paris saintgermain,,Lille,Paris Saint-Germain,Ligue 1,2,16310930,1984076,97.3,fuzzy
None|lorient|troyes,,Lorient,Troyes,Ligue 1,2,16310931,1984087,100.0,exact
None|lyon|le havre,,Olympique Lyonnais,Le Havre,Ligue 1,2,16310932,1984090,100.0,exact
None|paris|nice,,Paris FC,Nice,Ligue 1,2,16310934,1984065,100.0,exact
None|strasbourg|lens,,RC Strasbourg,RC Lens,Ligue 1,2,16310936,1984073,100.0,exact
None|brest|toulouse,,Stade Brestois,Toulouse,Ligue 1,2,16310929,1984083,100.0,exact
None|rennes|le mans,,Stade Rennais,Le Mans,Ligue 1,2,16310935,1984069,100.0,exact
None|angers|rennes,,Angers,Stade Rennais,Ligue 1,3,16310937,1984080,100.0,exact
None|le havre|brest,,Le Havre,Stade Brestois,Ligue 1,3,16310938,1984084,100.0,exact
None|nice|le mans,,Nice,Le Mans,Ligue 1,3,16310943,1984077,100.0,exact
None|lyon|auxerre,,Olympique Lyonnais,Auxerre,Ligue 1,3,16310940,1984068,100.0,exact
None|marseille|paris,,Olympique de Marseille,Paris FC,Ligue 1,3,16310941,1984072,100.0,exact
None|paris saintgermain|monaco,,Paris Saint-Germain,AS Monaco,Ligue 1,3,16310944,1984081,97.3,fuzzy
None|lens|lorient,,RC Lens,Lorient,Ligue 1,3,16310939,1984064,100.0,exact
None|toulouse|lille,,Toulouse,Lille,Ligue 1,3,16310945,1984085,100.0,exact
None|troyes|strasbourg,,Troyes,RC Strasbourg,Ligue 1,3,16310946,1984063,100.0,exact
None|auxerre|nice,,Auxerre,Nice,Ligue 1,4,16310947,1984067,100.0,exact
None|le havre|angers,,Le Havre,Angers,Ligue 1,4,16310949,1984075,100.0,exact
None|le mans|lens,,Le Mans,RC Lens,Ligue 1,4,16310950,1984078,100.0,exact
None|lille|troyes,,Lille,Troyes,Ligue 1,4,16310951,1984082,100.0,exact
None|lorient|toulouse,,Lorient,Toulouse,Ligue 1,4,16310952,1984086,100.0,exact
None|paris|lyon,,Paris FC,Olympique Lyonnais,Ligue 1,4,16310953,1984274,100.0,exact
None|strasbourg|monaco,,RC Strasbourg,AS Monaco,Ligue 1,4,16310955,1984276,100.0,exact
None|brest|paris saintgermain,,Stade Brestois,Paris Saint-Germain,Ligue 1,4,16310948,1984071,97.3,fuzzy
None|rennes|marseille,,Stade Rennais,Olympique de Marseille,Ligue 1,4,16310954,1984275,100.0,exact
None|arsenal|coventry city,,Arsenal,Coventry City,Premier League,1,16363633,1983546,100.0,exact
None|brentford|tottenham hotspur,,Brentford,Tottenham Hotspur,Premier League,1,16363242,1983553,100.0,exact
None|brighton hove albion|aston villa,,Brighton & Hove Albion,Aston Villa,Premier League,1,16363236,1983554,100.0,exact
None|everton|crystal palace,,Everton,Crystal Palace,Premier League,1,16363635,1983549,100.0,exact
None|fulham|chelsea,,Fulham,Chelsea,Premier League,1,16363244,1983550,100.0,exact
None|hull city|manchester united,,Hull City,Manchester United,Premier League,1,16363634,1983548,100.0,exact
None|ipswich town|sunderland,,Ipswich Town,Sunderland,Premier League,1,16363636,1983551,100.0,exact
None|manchester city|bournemouth,,Manchester City,Bournemouth,Premier League,1,16363243,1983555,100.0,exact
None|newcastle united|liverpool,,Newcastle United,Liverpool FC,Premier League,1,16363246,1983547,100.0,exact
None|nottingham forest|leeds united,,Nottingham Forest,Leeds United,Premier League,1,16363238,1983552,100.0,exact
None|aston villa|arsenal,,Aston Villa,Arsenal,Premier League,2,16363245,1983558,100.0,exact
None|bournemouth|everton,,Bournemouth,Everton,Premier League,2,16363247,1983556,100.0,exact
None|chelsea|brighton hove albion,,Chelsea,Brighton & Hove Albion,Premier League,2,16363249,1983561,100.0,exact
None|coventry city|hull city,,Coventry City,Hull City,Premier League,2,16363250,1983563,100.0,exact
None|crystal palace|manchester city,,Crystal Palace,Manchester City,Premier League,2,16363252,1983557,100.0,exact
None|leeds united|brentford,,Leeds United,Brentford,Premier League,2,16363266,1983559,100.0,exact
None|liverpool|nottingham forest,,Liverpool FC,Nottingham Forest,Premier League,2,16363254,1983560,100.0,exact
None|manchester united|ipswich town,,Manchester United,Ipswich Town,Premier League,2,16363253,1983562,100.0,exact
None|sunderland|fulham,,Sunderland,Fulham,Premier League,2,16363255,1983564,100.0,exact
None|tottenham hotspur|newcastle united,,Tottenham Hotspur,Newcastle United,Premier League,2,16363256,1983565,100.0,exact
None|arsenal|chelsea,,Arsenal,Chelsea,Premier League,3,16363257,1983568,100.0,exact
None|brentford|sunderland,,Brentford,Sunderland,Premier League,3,16363260,1983570,100.0,exact
None|brighton hove albion|leeds united,,Brighton & Hove Albion,Leeds United,Premier League,3,16363258,1983572,100.0,exact
None|everton|manchester united,,Everton,Manchester United,Premier League,3,16363259,1983574,100.0,exact
None|fulham|crystal palace,,Fulham,Crystal Palace,Premier League,3,16363269,1983576,100.0,exact
None|hull city|aston villa,,Hull City,Aston Villa,Premier League,3,16363262,1983577,100.0,exact
None|ipswich town|liverpool,,Ipswich Town,Liverpool FC,Premier League,3,16363261,1983580,100.0,exact
None|manchester city|coventry city,,Manchester City,Coventry City,Premier League,3,16363263,1983582,100.0,exact
None|newcastle united|bournemouth,,Newcastle United,Bournemouth,Premier League,3,16363637,1983584,100.0,exact
None|nottingham forest|tottenham hotspur,,Nottingham Forest,Tottenham Hotspur,Premier League,3,16363638,1983586,100.0,exact
None|aston villa|nottingham forest,,Aston Villa,Nottingham Forest,Premier League,4,16363639,1983590,100.0,exact
None|bournemouth|brentford,,Bournemouth,Brentford,Premier League,4,16363640,1983588,100.0,exact
None|chelsea|hull city,,Chelsea,Hull City,Premier League,4,16363641,1983594,100.0,exact
None|coventry city|brighton hove albion,,Coventry City,Brighton & Hove Albion,Premier League,4,16363642,1983596,100.0,exact
None|crystal palace|ipswich town,,Crystal Palace,Ipswich Town,Premier League,4,16363643,1983598,100.0,exact
None|leeds united|newcastle united,,Leeds United,Newcastle United,Premier League,4,16363644,1983600,100.0,exact
None|liverpool|fulham,,Liverpool FC,Fulham,Premier League,4,16363264,1983602,100.0,exact
None|manchester united|manchester city,,Manchester United,Manchester City,Premier League,4,16363645,1983566,100.0,exact
None|sunderland|arsenal,,Sunderland,Arsenal,Premier League,4,16363646,1983567,100.0,exact
None|tottenham hotspur|everton,,Tottenham Hotspur,Everton,Premier League,4,16363647,1983569,100.0,exact
None|club brugge kv|kv kortrijk,,Club Brugge KV,KV Kortrijk,Pro League,1,16361870,,0.0,unmatched
None|kaa gent|kv mechelen,,KAA Gent,KV Mechelen,Pro League,1,16361875,,0.0,unmatched
None|kvc westerlo|royale union saintgilloise,,KVC Westerlo,Royale Union Saint-Gilloise,Pro League,1,16361873,,0.0,unmatched
None|rc sporting charleroi|oudheverlee leuven,,RC Sporting Charleroi,Oud-Heverlee Leuven,Pro League,1,16361871,,0.0,unmatched
None|rsc anderlecht|raal la louvière,,RSC Anderlecht,RAAL La Louvière,Pro League,1,16361877,,0.0,unmatched
None|royal antwerp|sk beveren,,Royal Antwerp FC,SK Beveren,Pro League,1,16361878,,0.0,unmatched
None|sv zulte waregem|krc genk,,SV Zulte Waregem,KRC Genk,Pro League,1,16361876,,0.0,unmatched
None|sinttruidense vv|lommel sk,,Sint-Truidense VV,Lommel SK,Pro League,1,16361874,,0.0,unmatched
None|standard liège|cercle brugge,,Standard Liège,Cercle Brugge,Pro League,1,16361872,,0.0,unmatched
None|cercle brugge|sinttruidense vv,,Cercle Brugge,Sint-Truidense VV,Pro League,2,16361879,,0.0,unmatched
None|krc genk|kvc westerlo,,KRC Genk,KVC Westerlo,Pro League,2,16361883,,0.0,unmatched
None|kv kortrijk|royal antwerp,,KV Kortrijk,Royal Antwerp FC,Pro League,2,16361881,,0.0,unmatched
None|kv mechelen|standard liège,,KV Mechelen,Standard Liège,Pro League,2,16361886,,0.0,unmatched
None|lommel sk|rc sporting charleroi,,Lommel SK,RC Sporting Charleroi,Pro League,2,16361887,,0.0,unmatched
None|oudheverlee leuven|club brugge kv,,Oud-Heverlee Leuven,Club Brugge KV,Pro League,2,16361882,,0.0,unmatched
None|raal la louvière|kaa gent,,RAAL La Louvière,KAA Gent,Pro League,2,16361885,,0.0,unmatched
None|royale union saintgilloise|sv zulte waregem,,Royale Union Saint-Gilloise,SV Zulte Waregem,Pro League,2,16361880,,0.0,unmatched
None|sk beveren|rsc anderlecht,,SK Beveren,RSC Anderlecht,Pro League,2,16361884,,0.0,unmatched
None|club brugge kv|cercle brugge,,Club Brugge KV,Cercle Brugge,Pro League,3,16361895,,0.0,unmatched
None|kaa gent|oudheverlee leuven,,KAA Gent,Oud-Heverlee Leuven,Pro League,3,16846415,,0.0,unmatched
None|lommel sk|kvc westerlo,,Lommel SK,KVC Westerlo,Pro League,3,16361894,,0.0,unmatched
None|rc sporting charleroi|kv mechelen,,RC Sporting Charleroi,KV Mechelen,Pro League,3,16361890,,0.0,unmatched
None|rsc anderlecht|kv kortrijk,,RSC Anderlecht,KV Kortrijk,Pro League,3,16707660,,0.0,unmatched
None|royal antwerp|krc genk,,Royal Antwerp FC,KRC Genk,Pro League,3,16361892,,0.0,unmatched
None|sv zulte waregem|sk beveren,,SV Zulte Waregem,SK Beveren,Pro League,3,16361889,,0.0,unmatched
None|sinttruidense vv|royale union saintgilloise,,Sint-Truidense VV,Royale Union Saint-Gilloise,Pro League,3,16358520,,0.0,unmatched
None|standard liège|raal la louvière,,Standard Liège,RAAL La Louvière,Pro League,3,16361888,,0.0,unmatched
None|cercle brugge|lommel sk,,Cercle Brugge,Lommel SK,Pro League,4,16361899,,0.0,unmatched
None|kaa gent|club brugge kv,,KAA Gent,Club Brugge KV,Pro League,4,16361901,,0.0,unmatched
None|krc genk|sk beveren,,KRC Genk,SK Beveren,Pro League,4,16361896,,0.0,unmatched
None|kv kortrijk|rc sporting charleroi,,KV Kortrijk,RC Sporting Charleroi,Pro League,4,16361898,,0.0,unmatched
None|kvc westerlo|sv zulte waregem,,KVC Westerlo,SV Zulte Waregem,Pro League,4,16361904,,0.0,unmatched
None|oudheverlee leuven|standard liège,,Oud-Heverlee Leuven,Standard Liège,Pro League,4,16361900,,0.0,unmatched
None|raal la louvière|kv mechelen,,RAAL La Louvière,KV Mechelen,Pro League,4,16361897,,0.0,unmatched
None|royal antwerp|sinttruidense vv,,Royal Antwerp FC,Sint-Truidense VV,Pro League,4,16361902,,0.0,unmatched
None|royale union saintgilloise|rsc anderlecht,,Royale Union Saint-Gilloise,RSC Anderlecht,Pro League,4,16361903,,0.0,unmatched
None|cercle brugge|kaa gent,,Cercle Brugge,KAA Gent,Pro League,5,16361910,,0.0,unmatched
None|kv kortrijk|sv zulte waregem,,KV Kortrijk,SV Zulte Waregem,Pro League,5,16361911,,0.0,unmatched
None|kv mechelen|kvc westerlo,,KV Mechelen,KVC Westerlo,Pro League,5,16361907,,0.0,unmatched
None|lommel sk|club brugge kv,,Lommel SK,Club Brugge KV,Pro League,5,16361905,,0.0,unmatched
None|rc sporting charleroi|royale union saintgilloise,,RC Sporting Charleroi,Royale Union Saint-Gilloise,Pro League,5,16361906,,0.0,unmatched
None|rsc anderlecht|krc genk,,RSC Anderlecht,KRC Genk,Pro League,5,16361912,,0.0,unmatched
None|sk beveren|oudheverlee leuven,,SK Beveren,Oud-Heverlee Leuven,Pro League,5,16361913,,0.0,unmatched
None|sinttruidense vv|raal la louvière,,Sint-Truidense VV,RAAL La Louvière,Pro League,5,16361909,,0.0,unmatched
None|standard liège|royal antwerp,,Standard Liège,Royal Antwerp FC,Pro League,5,16361908,,0.0,unmatched
None|club brugge kv|royal antwerp,,Club Brugge KV,Royal Antwerp FC,Pro League,6,16361919,,0.0,unmatched
None|krc genk|kaa gent,,KRC Genk,KAA Gent,Pro League,6,16361920,,0.0,unmatched
None|kv mechelen|rsc anderlecht,,KV Mechelen,RSC Anderlecht,Pro League,6,16361914,,0.0,unmatched
None|kvc westerlo|standard liège,,KVC Westerlo,Standard Liège,Pro League,6,16361916,,0.0,unmatched
None|oudheverlee leuven|cercle brugge,,Oud-Heverlee Leuven,Cercle Brugge,Pro League,6,16361918,,0.0,unmatched
None|raal la louvière|kv kortrijk,,RAAL La Louvière,KV Kortrijk,Pro League,6,16361922,,0.0,unmatched
None|royale union saintgilloise|lommel sk,,Royale Union Saint-Gilloise,Lommel SK,Pro League,6,16361917,,0.0,unmatched
None|sk beveren|sinttruidense vv,,SK Beveren,Sint-Truidense VV,Pro League,6,16361915,,0.0,unmatched
None|sv zulte waregem|rc sporting charleroi,,SV Zulte Waregem,RC Sporting Charleroi,Pro League,6,16361921,,0.0,unmatched
None|roma|fiorentina,,AS Roma,Fiorentina,Serie A,1,16283045,1980879,100.0,exact
None|atalanta|sassuolo,,Atalanta,Sassuolo,Serie A,1,16283041,1980883,100.0,exact
None|bologna|lazio,,Bologna,Lazio,Serie A,1,16283049,1980887,100.0,exact
None|frosinone|juventus,,Frosinone,Juventus,Serie A,1,16283048,1980891,100.0,exact
None|genoa|napoli,,Genoa,SSC Napoli,Serie A,1,16283040,1980882,100.0,exact
None|inter milan|monza,,Inter,Monza,Serie A,1,16283050,1980886,100.0,exact
None|parma calcio 1913|cagliari,,Parma,Cagliari,Serie A,1,16283043,1980890,100.0,exact
None|torino|milan,,Torino,AC Milan,Serie A,1,16283046,1980894,100.0,exact
None|udinese|como,,Udinese,Como,Serie A,1,16283044,1980897,100.0,exact
None|venezia|lecce,,Venezia,Lecce,Serie A,1,16283047,1980900,100.0,exact
None|milan|venezia,,AC Milan,Venezia,Serie A,2,16284980,1980881,100.0,exact
None|atalanta|bologna,,Atalanta,Bologna,Serie A,2,16284970,1980885,100.0,exact
None|cagliari|inter milan,,Cagliari,Inter,Serie A,2,16284972,1980889,100.0,exact
None|fiorentina|frosinone,,Fiorentina,Frosinone,Serie A,2,16284973,1980893,100.0,exact
None|juventus|parma calcio 1913,,Juventus,Parma,Serie A,2,16284975,1980896,100.0,exact
None|lazio|genoa,,Lazio,Genoa,Serie A,2,16284971,1980899,100.0,exact
None|lecce|roma,,Lecce,AS Roma,Serie A,2,16284976,1980902,100.0,exact
None|monza|udinese,,Monza,Udinese,Serie A,2,16284979,1980903,100.0,exact
None|napoli|como,,SSC Napoli,Como,Serie A,2,16284977,1980880,100.0,exact
None|sassuolo|torino,,Sassuolo,Torino,Serie A,2,16284974,1980884,100.0,exact
None|roma|atalanta,,AS Roma,Atalanta,Serie A,3,16285005,1980888,100.0,exact
None|bologna|sassuolo,,Bologna,Sassuolo,Serie A,3,16284978,1980892,100.0,exact
None|cagliari|lecce,,Cagliari,Lecce,Serie A,3,16284997,1980895,100.0,exact
None|fiorentina|torino,,Fiorentina,Torino,Serie A,3,16284999,1980898,100.0,exact
None|frosinone|venezia,,Frosinone,Venezia,Serie A,3,16285000,1980901,100.0,exact
None|genoa|como,,Genoa,Como,Serie A,3,16285001,1980905,100.0,exact
None|inter milan|napoli,,Inter,SSC Napoli,Serie A,3,16285003,1980909,100.0,exact
None|juventus|milan,,Juventus,AC Milan,Serie A,3,16285004,1980918,100.0,exact
None|parma calcio 1913|monza,,Parma,Monza,Serie A,3,16285008,1980921,100.0,exact
None|udinese|lazio,,Udinese,Lazio,Serie A,3,16285006,1980924,100.0,exact
None|atalanta|cagliari,,Atalanta,Cagliari,Serie A,4,16285010,1980927,100.0,exact
None|como|parma calcio 1913,,Como,Parma,Serie A,4,16285011,1980930,100.0,exact
None|genoa|frosinone,,Genoa,Frosinone,Serie A,4,16285007,1980933,100.0,exact
None|inter milan|udinese,,Inter,Udinese,Serie A,4,16285009,1980936,100.0,exact
None|lazio|milan,,Lazio,AC Milan,Serie A,4,16285012,1980938,100.0,exact
None|lecce|monza,,Lecce,Monza,Serie A,4,16285014,1980942,100.0,exact
None|napoli|bologna,,SSC Napoli,Bologna,Serie A,4,16285015,1980946,100.0,exact
None|sassuolo|juventus,,Sassuolo,Juventus,Serie A,4,16285013,1980949,100.0,exact
None|torino|roma,,Torino,AS Roma,Serie A,4,16285016,1980952,100.0,exact
None|venezia|fiorentina,,Venezia,Fiorentina,Serie A,4,16285024,1980955,100.0,exact
None|az alkmaar|ado den haag,,AZ Alkmaar,ADO Den Haag,VriendenLoterij Eredivisie,1,16316784,,0.0,unmatched
None|groningen|utrecht,,FC Groningen,FC Utrecht,VriendenLoterij Eredivisie,1,16316779,,0.0,unmatched
None|go ahead eagles|willem ii tilburg,,Go Ahead Eagles,Willem II Tilburg,VriendenLoterij Eredivisie,1,16316772,,0.0,unmatched
None|nec nijmegen|telstar,,NEC Nijmegen,SC Telstar,VriendenLoterij Eredivisie,1,16316776,,0.0,unmatched
None|pec zwolle|ajax,,PEC Zwolle,AFC Ajax,VriendenLoterij Eredivisie,1,16316782,,0.0,unmatched
None|psv eindhoven|fortuna sittard,,PSV Eindhoven,Fortuna Sittard,VriendenLoterij Eredivisie,1,16316792,,0.0,unmatched
None|cambuur|excelsior,,SC Cambuur,Excelsior,VriendenLoterij Eredivisie,1,16316793,,0.0,unmatched
None|heerenveen|twente,,SC Heerenveen,FC Twente,VriendenLoterij Eredivisie,1,16316767,,0.0,unmatched
None|sparta rotterdam|feyenoord,,Sparta Rotterdam,Feyenoord,VriendenLoterij Eredivisie,1,16316764,,0.0,unmatched
None|ado den haag|groningen,,ADO Den Haag,FC Groningen,VriendenLoterij Eredivisie,2,16316788,,0.0,unmatched
None|ajax|heerenveen,,AFC Ajax,SC Heerenveen,VriendenLoterij Eredivisie,2,16316781,,0.0,unmatched
None|excelsior|psv eindhoven,,Excelsior,PSV Eindhoven,VriendenLoterij Eredivisie,2,16316790,,0.0,unmatched
None|twente|pec zwolle,,FC Twente,PEC Zwolle,VriendenLoterij Eredivisie,2,16316786,,0.0,unmatched
None|utrecht|az alkmaar,,FC Utrecht,AZ Alkmaar,VriendenLoterij Eredivisie,2,16316791,,0.0,unmatched
None|feyenoord|go ahead eagles,,Feyenoord,Go Ahead Eagles,VriendenLoterij Eredivisie,2,16316768,,0.0,unmatched
None|fortuna sittard|cambuur,,Fortuna Sittard,SC Cambuur,VriendenLoterij Eredivisie,2,16316778,,0.0,unmatched
None|telstar|sparta rotterdam,,SC Telstar,Sparta Rotterdam,VriendenLoterij Eredivisie,2,16316787,,0.0,unmatched
None|willem ii tilburg|nec nijmegen,,Willem II Tilburg,NEC Nijmegen,VriendenLoterij Eredivisie,2,16316769,,0.0,unmatched
None|twente|telstar,,FC Twente,SC Telstar,VriendenLoterij Eredivisie,3,16316770,,0.0,unmatched
None|fortuna sittard|az alkmaar,,Fortuna Sittard,AZ Alkmaar,VriendenLoterij Eredivisie,3,16316763,,0.0,unmatched
None|go ahead eagles|ado den haag,,Go Ahead Eagles,ADO Den Haag,VriendenLoterij Eredivisie,3,16316780,,0.0,unmatched
None|nec nijmegen|excelsior,,NEC Nijmegen,Excelsior,VriendenLoterij Eredivisie,3,16929939,,0.0,unmatched
None|psv eindhoven|groningen,,PSV Eindhoven,FC Groningen,VriendenLoterij Eredivisie,3,16316774,,0.0,unmatched
None|cambuur|feyenoord,,SC Cambuur,Feyenoord,VriendenLoterij Eredivisie,3,16316773,,0.0,unmatched
None|heerenveen|pec zwolle,,SC Heerenveen,PEC Zwolle,VriendenLoterij Eredivisie,3,16316766,,0.0,unmatched
None|sparta rotterdam|utrecht,,Sparta Rotterdam,FC Utrecht,VriendenLoterij Eredivisie,3,16316789,,0.0,unmatched
None|az alkmaar|go ahead eagles,,AZ Alkmaar,Go Ahead Eagles,VriendenLoterij Eredivisie,4,16316783,,0.0,unmatched
None|excelsior|sparta rotterdam,,Excelsior,Sparta Rotterdam,VriendenLoterij Eredivisie,4,16316765,,0.0,unmatched
None|groningen|fortuna sittard,,FC Groningen,Fortuna Sittard,VriendenLoterij Eredivisie,4,16316771,,0.0,unmatched
None|utrecht|psv eindhoven,,FC Utrecht,PSV Eindhoven,VriendenLoterij Eredivisie,4,16316795,,0.0,unmatched
None|feyenoord|ado den haag,,Feyenoord,ADO Den Haag,VriendenLoterij Eredivisie,4,16316797,,0.0,unmatched
None|pec zwolle|nec nijmegen,,PEC Zwolle,NEC Nijmegen,VriendenLoterij Eredivisie,4,16316794,,0.0,unmatched
None|cambuur|twente,,SC Cambuur,FC Twente,VriendenLoterij Eredivisie,4,16316800,,0.0,unmatched
None|telstar|ajax,,SC Telstar,AFC Ajax,VriendenLoterij Eredivisie,4,16316798,,0.0,unmatched
None|willem ii tilburg|heerenveen,,Willem II Tilburg,SC Heerenveen,VriendenLoterij Eredivisie,4,16316796,,0.0,unmatched
None|ado den haag|fortuna sittard,,ADO Den Haag,Fortuna Sittard,VriendenLoterij Eredivisie,5,16316808,,0.0,unmatched
None|ajax|psv eindhoven,,AFC Ajax,PSV Eindhoven,VriendenLoterij Eredivisie,5,16316804,,0.0,unmatched
None|groningen|twente,,FC Groningen,FC Twente,VriendenLoterij Eredivisie,5,16316805,,0.0,unmatched
None|utrecht|go ahead eagles,,FC Utrecht,Go Ahead Eagles,VriendenLoterij Eredivisie,5,16316799,,0.0,unmatched
None|nec nijmegen|feyenoord,,NEC Nijmegen,Feyenoord,VriendenLoterij Eredivisie,5,16316803,,0.0,unmatched
None|heerenveen|az alkmaar,,SC Heerenveen,AZ Alkmaar,VriendenLoterij Eredivisie,5,16316807,,0.0,unmatched
None|telstar|cambuur,,SC Telstar,SC Cambuur,VriendenLoterij Eredivisie,5,16316809,,0.0,unmatched
None|sparta rotterdam|pec zwolle,,Sparta Rotterdam,PEC Zwolle,VriendenLoterij Eredivisie,5,16316806,,0.0,unmatched
None|willem ii tilburg|excelsior,,Willem II Tilburg,Excelsior,VriendenLoterij Eredivisie,5,16316801,,0.0,unmatched
None|az alkmaar|willem ii tilburg,,AZ Alkmaar,Willem II Tilburg,VriendenLoterij Eredivisie,6,16316810,,0.0,unmatched
None|excelsior|utrecht,,Excelsior,FC Utrecht,VriendenLoterij Eredivisie,6,16316817,,0.0,unmatched
None|twente|ado den haag,,FC Twente,ADO Den Haag,VriendenLoterij Eredivisie,6,16316812,,0.0,unmatched
None|fortuna sittard|ajax,,Fortuna Sittard,AFC Ajax,VriendenLoterij Eredivisie,6,16316813,,0.0,unmatched
None|go ahead eagles|groningen,,Go Ahead Eagles,FC Groningen,VriendenLoterij Eredivisie,6,16316811,,0.0,unmatched
None|pec zwolle|feyenoord,,PEC Zwolle,Feyenoord,VriendenLoterij Eredivisie,6,16316818,,0.0,unmatched
None|psv eindhoven|sparta rotterdam,,PSV Eindhoven,Sparta Rotterdam,VriendenLoterij Eredivisie,6,16316814,,0.0,unmatched
None|cambuur|nec nijmegen,,SC Cambuur,NEC Nijmegen,VriendenLoterij Eredivisie,6,16316815,,0.0,unmatched
None|heerenveen|telstar,,SC Heerenveen,SC Telstar,VriendenLoterij Eredivisie,6,16316816,,0.0,unmatched
